-- phpMyAdmin SQL Dump
-- version 4.0.10.19
-- https://www.phpmyadmin.net
--
-- Host: localhost
-- Generation Time: Apr 06, 2017 at 01:09 PM
-- Server version: 5.5.54
-- PHP Version: 5.6.30

SET SQL_MODE = "NO_AUTO_VALUE_ON_ZERO";
SET time_zone = "+00:00";


/*!40101 SET @OLD_CHARACTER_SET_CLIENT=@@CHARACTER_SET_CLIENT */;
/*!40101 SET @OLD_CHARACTER_SET_RESULTS=@@CHARACTER_SET_RESULTS */;
/*!40101 SET @OLD_COLLATION_CONNECTION=@@COLLATION_CONNECTION */;
/*!40101 SET NAMES utf8 */;

--
-- Database: `orderapp`
--

-- --------------------------------------------------------

--
-- Table structure for table `b2b_orders`
--

CREATE TABLE IF NOT EXISTS `b2b_orders` (
  `id` int(11) NOT NULL AUTO_INCREMENT,
  `user_id` int(11) DEFAULT NULL,
  `company_id` int(11) DEFAULT NULL,
  `total` int(11) DEFAULT NULL,
  `actual_total` int(11) DEFAULT NULL,
  `discount` int(11) DEFAULT NULL,
  `date` date DEFAULT NULL,
  PRIMARY KEY (`id`),
  KEY `user_id` (`user_id`),
  KEY `company_id` (`company_id`)
) ENGINE=InnoDB  DEFAULT CHARSET=utf8 AUTO_INCREMENT=63 ;

--
-- Dumping data for table `b2b_orders`
--

INSERT INTO `b2b_orders` (`id`, `user_id`, `company_id`, `total`, `actual_total`, `discount`, `date`) VALUES
(50, 1, 2, 79, 101, 0, '2017-04-05'),
(51, 1, 2, 28, 63, 0, '2017-04-06'),
(52, 1, 2, 7, 42, 0, '2017-04-06'),
(53, 1, 2, 2, 37, 0, '2017-04-06'),
(54, 1, 2, 23, 58, 0, '2017-04-06'),
(55, 1, 2, 44, 44, 0, '2017-04-06'),
(56, 1, 2, 44, 44, 0, '2017-04-06'),
(57, 1, 2, 44, 44, 0, '2017-04-06'),
(58, 1, 2, 42, 42, 0, '2017-04-06'),
(59, 1, 2, 44, 44, 0, '2017-04-06'),
(60, 1, 2, 42, 42, 0, '2017-04-06'),
(61, 1, 2, 44, 44, 0, '2017-04-06'),
(62, 1, 2, 44, 44, 0, '2017-04-06');

-- --------------------------------------------------------

--
-- Table structure for table `b2b_order_detail`
--

CREATE TABLE IF NOT EXISTS `b2b_order_detail` (
  `id` int(11) NOT NULL AUTO_INCREMENT,
  `order_id` int(11) DEFAULT NULL,
  `qty` int(11) DEFAULT NULL,
  `item` varchar(255) DEFAULT NULL,
  `sub_total` int(11) DEFAULT NULL,
  `sub_items` varchar(255) DEFAULT NULL,
  PRIMARY KEY (`id`),
  KEY `order_id` (`order_id`)
) ENGINE=InnoDB  DEFAULT CHARSET=utf8 AUTO_INCREMENT=40 ;

--
-- Dumping data for table `b2b_order_detail`
--

INSERT INTO `b2b_order_detail` (`id`, `order_id`, `qty`, `item`, `sub_total`, `sub_items`) VALUES
(26, 50, 1, 'Angus Salad', 101, '150 grams goose breast or entrecote (+19), 50 grams goose breast (+8), 80 grams goose liver (+30)'),
(30, 54, 1, 'American Fries', 14, 'Garlic Mayo, Sweet chilli'),
(31, 54, 1, 'Angus Salad', 44, ''),
(32, 55, 1, 'Angus Salad', 44, ''),
(33, 56, 1, 'Angus Salad', 44, ''),
(34, 57, 1, 'Angus Salad', 44, ''),
(35, 58, 1, 'Chicken Salad', 42, ''),
(36, 59, 1, 'Angus Salad', 44, ''),
(37, 60, 1, 'Chicken Salad', 42, ''),
(38, 61, 1, 'Angus Salad', 44, ''),
(39, 62, 1, 'Angus Salad', 44, '');

-- --------------------------------------------------------

--
-- Table structure for table `b2b_users`
--

CREATE TABLE IF NOT EXISTS `b2b_users` (
  `id` int(16) NOT NULL AUTO_INCREMENT,
  `smooch_id` varchar(255) DEFAULT NULL,
  `name` varchar(255) DEFAULT NULL,
  `user_name` varchar(255) NOT NULL,
  `password` varchar(255) NOT NULL,
  `discount` int(11) NOT NULL,
  `date` date NOT NULL,
  `contact` varchar(255) DEFAULT NULL,
  `address` varchar(255) DEFAULT NULL,
  `state` int(16) NOT NULL DEFAULT '0',
  `language` varchar(255) NOT NULL DEFAULT 'english',
  `payment_url` varchar(255) DEFAULT NULL,
  `extras` varchar(255) DEFAULT NULL,
  `restaurant_id` int(16) DEFAULT NULL,
  `role_id` int(11) DEFAULT NULL,
  `company_id` int(11) DEFAULT NULL,
  `voucherify_id` varchar(255) NOT NULL,
  PRIMARY KEY (`id`),
  KEY `restaurant_id` (`restaurant_id`),
  KEY `company_id` (`company_id`),
  KEY `role_id` (`role_id`)
) ENGINE=InnoDB  DEFAULT CHARSET=utf8 AUTO_INCREMENT=4 ;

--
-- Dumping data for table `b2b_users`
--

INSERT INTO `b2b_users` (`id`, `smooch_id`, `name`, `user_name`, `password`, `discount`, `date`, `contact`, `address`, `state`, `language`, `payment_url`, `extras`, `restaurant_id`, `role_id`, `company_id`, `voucherify_id`) VALUES
(1, 'shoaib.it002@gmail.com', 'Shoaib', 'test', 'test', 0, '2017-04-06', '03338134153', 'Gujranwala', 0, 'english', NULL, NULL, NULL, NULL, 2, ''),
(3, 'avi@pushstartups.com', 'Avi', 'avi', 'avi', 0, '0000-00-00', '12121212', 'abcd ISRAEL', 0, 'english', NULL, NULL, NULL, NULL, 2, '');

-- --------------------------------------------------------

--
-- Table structure for table `categories`
--

CREATE TABLE IF NOT EXISTS `categories` (
  `id` int(16) NOT NULL AUTO_INCREMENT,
  `menu_id` int(11) NOT NULL,
  `name_en` varchar(255) DEFAULT NULL,
  `name_he` varchar(255) DEFAULT NULL,
  `image_url` varchar(255) DEFAULT NULL,
  `sort` int(11) NOT NULL,
  PRIMARY KEY (`id`)
) ENGINE=InnoDB  DEFAULT CHARSET=utf8 AUTO_INCREMENT=139 ;

--
-- Dumping data for table `categories`
--

INSERT INTO `categories` (`id`, `menu_id`, `name_en`, `name_he`, `image_url`, `sort`) VALUES
(1, 1, 'Angus Salads', 'סלטים', '/m/en/img/categories/angus/Angus Salads.png', 100),
(2, 1, 'Angus Burgers', 'המבורגרים', '/m/en/img/categories/angus/Angus Burgers.png', 101),
(3, 1, 'Angus Tortilla', 'טורטייה', '/m/en/img/categories/angus/Angus Tortill.png', 102),
(4, 1, 'Angus Sides', 'תוספות', '/m/en/img/categories/angus/Angus Sides.png', 105),
(5, 1, 'Angus Drinks', 'שתיה', '/m/en/img/categories/angus/Angus Drinks.png', 104),
(6, 1, 'Angus Sandwiches', 'סנדוויצים', '/m/en/img/categories/angus/Angus Sandwiches.png', 103),
(7, 2, 'Meshulashim Pizza', 'פיצה', '/m/en/img/categories/mesh/Pizza.png', 106),
(8, 2, 'Meshulashim Toasts', 'טוסטים', '/m/en/img/categories/mesh/Toast.png', 107),
(9, 2, 'Meshulashim Salads', 'סלטים', '/m/en/img/categories/mesh/Salads.png', 108),
(10, 2, 'Meshulashim Pastas', 'פסטות', '/m/en/img/categories/mesh/Pastas.png', 109),
(11, 2, 'Meshulashim Extras', 'תוספות', '/m/en/img/categories/mesh/Extras.png', 110),
(12, 2, 'Meshulashim Drinks', 'שתיה', '/m/en/img/categories/mesh/Drinks.png', 111),
(13, 2, 'Meshulashim Kid''s Meal', 'ארוחת ילדים', '/m/en/img/categories/mesh/Kid''s Meal.png', 112),
(14, 3, 'Bandora Grill', 'על הגריל', '/m/en/img/categories/bandora/BANDORA GRILL.png', 113),
(15, 3, 'Bandora Salad', 'סלטים', '/m/en/img/categories/bandora/Bandora Salad.png', 114),
(16, 3, 'Bandora Chummus', 'צלחת חומוס', '/m/en/img/categories/bandora/Bandora Chummus.png', 115),
(17, 3, 'Bandora Drinks', 'שתיה', '/m/en/img/categories/bandora/Bandora Drinks.png', 116),
(18, 4, 'Roza Appetizers', 'מנות ראשונות', '/m/en/img/categories/roza/APPETIZERS.png', 117),
(19, 4, 'Roza Sandwiches', 'סנדוויצים', '/m/en/img/categories/roza/SANDWICHES.png', 118),
(20, 4, 'Roza Hamburgers', 'המבורגר', '/m/en/img/categories/roza/HAMBURGERS.png', 119),
(21, 4, 'Roza Tortillas', 'טורטיות', '/m/en/img/categories/roza/TORTILLAS.png', 120),
(22, 4, 'Roza Salads', 'סלטים\n', '/m/en/img/categories/roza/SALADS.png', 121),
(23, 4, 'Roza Pastas', 'פסטות', '/m/en/img/categories/roza/PASTAS.png', 122),
(24, 4, 'Roza Stir Fry', 'מוקפצים', '/m/en/img/categories/roza/STIR FRY.png', 123),
(25, 4, 'Roza Foccacias', 'הפוקצות של רוזה\n', '/m/en/img/categories/roza/FOCCACIAS.png', 124),
(26, 4, 'Roza Specials', 'מיוחדים', '/m/en/img/categories/roza/SPECIALS.png', 125),
(27, 4, 'Roza Snacks', 'נשנושים', '/m/en/img/categories/roza/SNACKS.png', 126),
(28, 4, 'Roza Kid''s meals', 'מנות ילדים\n', '/m/en/img/categories/roza/KID''S MEALS.png', 127),
(29, 4, 'Roza Drinks', 'שתייה', '/m/en/img/categories/roza/DRINKS.png', 128),
(30, 5, 'JAPAN JAPAN Special sushi menu', 'תפריט סושי המיוחדים של JAPAN JAPAN', '/m/en/img/categories/japan/JJ SPECIAL SUSHI MENU.png', 129),
(31, 5, 'Maki', 'מאקי', '/m/en/img/categories/japan/Maki.png', 130),
(32, 5, 'Uramaki Inside-out Roll - Thick', 'אורמאקי', '/m/en/img/categories/japan/Uramaki Inside-out Roll - Thick.png', 131),
(33, 5, 'Tempura Rolls', 'רולים טמפורה', '/m/en/img/categories/japan/Tempura Rolls.png', 132),
(34, 5, 'Fotomaki - 8 pieces', 'פוטומאקי רול רחב אצה בחוץ אורז בפנים - 8 יחידות', '/m/en/img/categories/japan/Fotomaki - 8 pieces.png', 133),
(35, 5, 'Tempura Sandwich - 4 pieces, deep-fried', 'טמפורה סנדוויץ 4 יח'' בטיגון עמוק', '/m/en/img/categories/japan/Tempura Sandwich - 4 pieces.png', 134),
(36, 5, 'Sushi Combination Plates', 'קומבינציות', '/m/en/img/categories/japan/Sushi Combination Plates.png', 135),
(37, 5, 'Happy Family - 65 pieces', '65 יחידות- HAPPY FAMILY', '/m/en/img/categories/japan/Happy Family - 65 pieces.png', 136),
(38, 5, 'Soft Drinks', 'שתיה קלה', '/m/en/img/categories/japan/Soft Drinks.png', 137),
(39, 5, 'Appetizers', 'מנות ראשונות', '/m/en/img/categories/japan/Appetizers.png', 138),
(40, 5, 'Salads', 'סלטים', '/m/en/img/categories/japan/Salads.png', 139),
(41, 5, 'Soups', 'מרק', '/m/en/img/categories/japan/Soups.png', 140),
(42, 5, 'Wok Stir Fried Dishes', 'מוקפצות', '/m/en/img/categories/japan/Wok Stir Fried Dishes.png', 141),
(43, 5, 'Japan Japan Special Stir Fry', 'מנות נתחי עוף / בקר מוקפצות על להבת WOK', '/m/en/img/categories/japan/Main Dishes.png', 142),
(44, 5, 'Children''s Menu', 'מנות ילדים\n', '/m/en/img/categories/japan/Children''s Menu.png', 143),
(45, 5, 'Build your own Maki Roll', 'רול בהרכבה אישית', '/m/en/img/categories/japan/Build your own Maki Roll.png', 144),
(46, 6, 'Appetizers', 'מנות פתיחה', '/m/en/img/categories/oshi/Appetizers.png', 145),
(47, 6, 'Sushi Nigiri', 'סושי', '/m/en/img/categories/oshi/Sushi Nigiri.png', 146),
(48, 6, 'Sushi', 'סושי', '/m/en/img/categories/oshi/Sushi.png', 147),
(49, 6, 'Sushi specials', 'סושי ספיישלים', '/m/en/img/categories/oshi/Sushi specials.png', 148),
(50, 6, 'Sushi Maki', 'סושי מאקי', '/m/en/img/categories/oshi/Sushi Maki.png', 149),
(51, 6, 'Fotomaki', 'פוטומאקי', '/m/en/img/categories/oshi/Fotomaki.png', 150),
(52, 6, 'Inside out', 'אינסידאאוט', '/m/en/img/categories/oshi/Inside out.png', 151),
(53, 6, 'Cones', 'קונוסים', '/m/en/img/categories/oshi/Cones.png', 152),
(54, 6, 'Sashimi', 'סשימי', '/m/en/img/categories/oshi/Sashimi.png', 153),
(55, 6, 'Deep fried sushi', 'מטוגנים', '/m/en/img/categories/oshi/Deep fried sushi.png', 154),
(56, 6, 'Sushi Sandwiches', 'סושי סנדוויץ''', '/m/en/img/categories/oshi/Sushi Sandwiches.png', 155),
(57, 6, 'Sushi Combinations', 'סושי קומבינציות', '/m/en/img/categories/oshi/Sushi Combinations.png', 156),
(58, 6, 'Stir fry', 'מוקפצים', '/m/en/img/categories/oshi/Stir fry.png', 157),
(59, 6, 'Sushi party platters', 'מגשי מסיבות', '/m/en/img/categories/oshi/Sushi party platters.png', 158),
(60, 6, 'Drinks', 'שתייה', '/m/en/img/categories/oshi/Drinks.png', 159),
(61, 7, 'Breakfast', 'ארוחות בוקר', '/m/en/img/categories/greg/Breakfast.png', 160),
(62, 7, 'Salads', 'סלטים', '/m/en/img/categories/greg/Salads.png', 161),
(63, 7, 'Italiano', 'איטליאנו', '/m/en/img/categories/greg/Italiano.png', 162),
(64, 7, 'Sandwiches', 'כריכים', '/m/en/img/categories/greg/Sandwiches.png', 163),
(65, 7, 'Lunch Appetizers', 'פתיחה', '/m/en/img/categories/greg/Lunch Appetizers.png', 164),
(66, 7, 'Lunch Mains', 'עיקריות', '/m/en/img/categories/greg/Lunch Mains.png', 165),
(67, 7, 'Lunch Fish', 'דגים', '/m/en/img/categories/greg/Lunch Fish.png', 166),
(68, 7, 'Lunch Burger', 'בורגר', '/m/en/img/categories/greg/Lunch Burger.png', 167),
(69, 7, 'Vegan', 'טבעוני', '/m/en/img/categories/greg/Vegan.png', 168),
(70, 7, 'Soft Drinks', 'שתייה קלה', '/m/en/img/categories/greg/Soft Drinks.png', 169),
(72, 7, 'Healthy drinks', 'משקאות בריאות', '/m/en/img/categories/greg/Healthy drinks.png', 172),
(73, 7, 'Dessert', 'קינוחים', '/m/en/img/categories/greg/Dessert.png', 173),
(74, 7, 'Cold Drinks', 'משקאות קרים', '/m/en/img/categories/greg/Cold Drinks.png', 174),
(75, 8, 'Laffa', 'לאפה', '/m/en/img/categories/test.png', 175),
(76, 8, 'Baguette', 'בגט', '/m/en/img/categories/test.png', 176),
(77, 8, 'Plate', 'חמגשית', '/m/en/img/categories/test.png', 177),
(78, 8, 'Burgers', 'בורגרים', '/m/en/img/categories/hamburger.png', 178),
(79, 8, 'Business', 'עסקיות', '/m/en/img/categories/test.png', 179),
(80, 9, 'Pizza', 'פיצה', '/m/en/img/categories/pc/pizza.png', 180),
(81, 9, 'Pasta', 'פסטה', '/m/en/img/categories/pc/pasts.png', 181),
(82, 9, 'Pastries', 'מאפים', '/m/en/img/categories/pc/PASTRIES.png', 182),
(83, 9, 'Salad', 'סלט', '/m/en/img/categories/pc/salad.png', 183),
(84, 9, 'Drink', 'שתיה', '/m/en/img/categories/pc/drink.png', 184),
(85, 10, 'Baguette', 'בגט', '/m/en/img/categories/cs/Baguette.png', 185),
(86, 10, 'Laffa', 'לאפה', '/m/en/img/categories/cs/Laffa.png', 186),
(87, 10, 'Plate', 'צלחת', '/m/en/img/categories/cs/Plate.png', 187),
(88, 10, 'Salad', 'סלט', '/m/en/img/categories/cs/Salad.png', 188),
(89, 10, 'Drink', 'שתייה', '/m/en/img/categories/cs/Drink.png', 189),
(90, 10, 'Sides', 'נשנושים', '/m/en/img/categories/cs/Sides.png', 190),
(91, 11, 'Pizzas', 'פיצות', '/m/en/img/categories/ken/pizza.png', 191),
(92, 11, 'Pastries', 'מאפים', '/m/en/img/categories/ken/Pastries.png', 192),
(93, 11, 'Pastas', 'פסטות', '/m/en/img/categories/ken/pasta.png', 193),
(94, 11, 'Salads', 'סלטים', '/m/en/img/categories/ken/salad .png', 194),
(95, 11, 'Desserts', 'קינוחים', '/m/en/img/categories/ken/Desserts.png', 195),
(96, 11, 'Drinks', 'שתיה', '/m/en/img/categories/ken/drink.png', 196),
(97, 12, 'Salads', 'סלטים', '', 197),
(98, 12, 'FRESH JUICES, ALL NATURAL, SQUEEZED ON THE SPOT!', 'מיצים טריים, טבעיים וסחוטים במקום', '', 198),
(99, 12, 'BREAKFASTS', 'ארוחות בוקר', '', 199),
(100, 12, 'TOAST SANDWICH', 'טוסטים', '', 200),
(101, 12, 'PASTRIES', 'מאפים', '', 201),
(102, 12, 'BOUREKAS', 'בורקסים', '', 202),
(103, 12, 'HOT DRINKS', 'משקאות חמים', '', 203),
(104, 12, 'COLD DRINKS', 'משקאות קרים', '', 204),
(105, 12, 'ICED DRINKS+ICE CREAM', 'אייסים + גלידה', '', 205),
(106, 12, 'SANDWICH', 'כריכים', '', 206),
(116, 13, 'Main Dishes', 'עיקריות', '', 216),
(117, 13, 'Hummus', 'חומוס', '', 217),
(118, 13, 'Salads', 'סלטים', '', 218),
(119, 13, 'Side dishes', 'תוספות', '', 219),
(120, 13, 'Soups', 'מרקים', '', 220),
(121, 13, 'Drinks', 'שתייה', '', 221),
(122, 14, 'PIE', 'מגש', '', 222),
(123, 14, 'Sides', 'תוספות בצד', '', 224),
(125, 14, 'DRINKS - INDIVIDUAL', 'שתיה - קטנה', '', 227),
(126, 14, 'DRINKS - FAMILY SIZED', ' שתיה- גדולה', '', 228),
(131, 15, 'Deals', 'דילים', '', 231),
(132, 15, 'Burgers', 'בורגרים', '', 232),
(133, 15, 'Sides', 'תוספות ליד', '', 233),
(134, 15, 'Drinks', 'שתייה', '', 236);

-- --------------------------------------------------------

--
-- Table structure for table `cities`
--

CREATE TABLE IF NOT EXISTS `cities` (
  `id` int(11) NOT NULL AUTO_INCREMENT,
  `name_en` varchar(255) CHARACTER SET utf8 NOT NULL,
  `name_he` varchar(255) CHARACTER SET utf8 NOT NULL,
  PRIMARY KEY (`id`)
) ENGINE=InnoDB  DEFAULT CHARSET=latin1 AUTO_INCREMENT=4 ;

--
-- Dumping data for table `cities`
--

INSERT INTO `cities` (`id`, `name_en`, `name_he`) VALUES
(1, 'Beit Shemesh', 'בית שמש'),
(2, 'Modiin', 'מודיעין');

-- --------------------------------------------------------

--
-- Table structure for table `company`
--

CREATE TABLE IF NOT EXISTS `company` (
  `id` int(11) NOT NULL AUTO_INCREMENT,
  `name` varchar(100) NOT NULL,
  `delivery_address` varchar(255) NOT NULL,
  `discount` int(11) NOT NULL,
  `url` text NOT NULL,
  PRIMARY KEY (`id`)
) ENGINE=InnoDB  DEFAULT CHARSET=latin1 AUTO_INCREMENT=7 ;

--
-- Dumping data for table `company`
--

INSERT INTO `company` (`id`, `name`, `delivery_address`, `discount`, `url`) VALUES
(1, 'cisco', '', 0, 'http://dev.biz.orderapp.com/?biz=cisco'),
(2, 'test company', 'beit semish gali no 4', 35, 'www.googlesol.com'),
(3, 'company 2', 'Nishat colony delecia bakery k uper', 35, 'www.experintSol.com'),
(6, 'xyz', 'xyz address', 22, 'zzz');

-- --------------------------------------------------------

--
-- Table structure for table `company_rest`
--

CREATE TABLE IF NOT EXISTS `company_rest` (
  `id` int(11) NOT NULL AUTO_INCREMENT,
  `company_id` int(11) NOT NULL,
  `rest_id` int(11) NOT NULL,
  PRIMARY KEY (`id`),
  KEY `company_id` (`company_id`),
  KEY `rest_id` (`rest_id`)
) ENGINE=InnoDB  DEFAULT CHARSET=utf8 AUTO_INCREMENT=10 ;

--
-- Dumping data for table `company_rest`
--

INSERT INTO `company_rest` (`id`, `company_id`, `rest_id`) VALUES
(1, 2, 1),
(2, 2, 2),
(3, 2, 3),
(4, 3, 2),
(5, 3, 4),
(6, 3, 5),
(7, 6, 8),
(8, 6, 5),
(9, 2, 12);

-- --------------------------------------------------------

--
-- Table structure for table `company_timing`
--

CREATE TABLE IF NOT EXISTS `company_timing` (
  `id` int(11) NOT NULL AUTO_INCREMENT,
  `company_id` int(11) NOT NULL,
  `week_en` varchar(255) CHARACTER SET latin1 NOT NULL,
  `week_he` varchar(255) CHARACTER SET latin1 NOT NULL,
  `opening_time` varchar(255) CHARACTER SET latin1 NOT NULL,
  `closing_time` varchar(255) CHARACTER SET latin1 NOT NULL,
  `opening_time_he` varchar(255) CHARACTER SET latin1 NOT NULL,
  `closing_time_he` varchar(255) CHARACTER SET latin1 NOT NULL,
  PRIMARY KEY (`id`),
  KEY `company_id` (`company_id`)
) ENGINE=InnoDB  DEFAULT CHARSET=utf8 AUTO_INCREMENT=22 ;

--
-- Dumping data for table `company_timing`
--

INSERT INTO `company_timing` (`id`, `company_id`, `week_en`, `week_he`, `opening_time`, `closing_time`, `opening_time_he`, `closing_time_he`) VALUES
(1, 2, 'Monday', '', '11:00', '21:00', '', ''),
(2, 2, 'Tuesday', '', '11:00', '21:00', '', ''),
(3, 2, 'Wednesday', '', '11:00', '21:00', '', ''),
(4, 2, 'Thursday', '', '11:00', '21:00', '', ''),
(5, 2, 'Friday', '', '11:00', '21:00', '', ''),
(6, 2, 'Saturday', '', 'Closed', 'Closed', '', ''),
(7, 2, 'Sunday', '', 'Closed', 'Closed', '', ''),
(8, 3, 'Monday', '', '11:00', '21:00', '', ''),
(9, 3, 'Tuesday', '', '11:00', '21:00', '', ''),
(10, 3, 'Wednesday', '', '11:00', '21:00', '', ''),
(11, 3, 'Thursday', '', '11:00', '21:00', '', ''),
(12, 3, 'Friday', '', '11:00', '21:00', '', ''),
(13, 3, 'Saturday', '', 'Closed', 'Closed', '', ''),
(14, 3, 'Sunday', '', 'Closed', 'Closed', '', ''),
(15, 6, 'Monday', '', '11:00', '21:00', '', ''),
(16, 6, 'Tuesday', '', '11:00', '21:00', '', ''),
(17, 6, 'Wednesday', '', '11:00', '21:00', '', ''),
(18, 6, 'Thursday', '', '11:00', '21:00', '', ''),
(19, 6, 'Friday', '', '11:00', '21:00', '', ''),
(20, 6, 'Saturday', '', 'Closed', 'Closed', '', ''),
(21, 6, 'Sunday', '', 'Closed', 'Closed', '', '');

-- --------------------------------------------------------

--
-- Table structure for table `company_voting`
--

CREATE TABLE IF NOT EXISTS `company_voting` (
  `id` int(11) NOT NULL AUTO_INCREMENT,
  `company_id` int(11) NOT NULL,
  `restaurant_id` int(11) NOT NULL,
  `vote_count` int(11) NOT NULL,
  `vote_timing_id` int(11) NOT NULL,
  `voting_date` date NOT NULL,
  PRIMARY KEY (`id`),
  KEY `vote_timing_id` (`vote_timing_id`)
) ENGINE=InnoDB  DEFAULT CHARSET=latin1 AUTO_INCREMENT=154 ;

--
-- Dumping data for table `company_voting`
--

INSERT INTO `company_voting` (`id`, `company_id`, `restaurant_id`, `vote_count`, `vote_timing_id`, `voting_date`) VALUES
(149, 1, 1, 1, 1, '2017-02-22'),
(150, 1, 2, 0, 1, '2017-02-22'),
(151, 1, 3, 0, 1, '2017-02-22'),
(152, 1, 4, 0, 1, '2017-02-22'),
(153, 1, 5, 0, 1, '2017-02-22');

-- --------------------------------------------------------

--
-- Table structure for table `coupons`
--

CREATE TABLE IF NOT EXISTS `coupons` (
  `id` int(11) NOT NULL AUTO_INCREMENT,
  `name` varchar(222) NOT NULL,
  `starting_date` timestamp NOT NULL DEFAULT CURRENT_TIMESTAMP ON UPDATE CURRENT_TIMESTAMP,
  `ending_date` timestamp NOT NULL DEFAULT '0000-00-00 00:00:00',
  `discount` int(11) DEFAULT NULL,
  `type` varchar(222) NOT NULL,
  PRIMARY KEY (`id`)
) ENGINE=InnoDB  DEFAULT CHARSET=latin1 AUTO_INCREMENT=13 ;

--
-- Dumping data for table `coupons`
--

INSERT INTO `coupons` (`id`, `name`, `starting_date`, `ending_date`, `discount`, `type`) VALUES
(7, 'BSOA15', '2017-03-01 00:00:00', '2017-05-31 00:00:00', 15, 'percentage'),
(8, 'BETA20', '2017-02-27 00:00:00', '2017-05-31 00:00:00', 20, 'percentage'),
(9, 'OSHI40', '2017-03-02 00:00:00', '2017-05-31 00:00:00', 40, 'amount'),
(10, '10APP', '2017-03-01 00:00:00', '2017-06-30 00:00:00', 10, 'percentage'),
(11, 'TEST25', '2017-03-19 00:00:00', '2017-03-20 00:00:00', 25, 'percentage'),
(12, 'Test40', '2017-03-29 00:00:00', '2017-04-30 00:00:00', 40, 'amount');

-- --------------------------------------------------------

--
-- Table structure for table `default_settings`
--

CREATE TABLE IF NOT EXISTS `default_settings` (
  `id` int(11) NOT NULL AUTO_INCREMENT,
  `name` varchar(255) NOT NULL,
  `value` varchar(255) NOT NULL,
  PRIMARY KEY (`id`)
) ENGINE=InnoDB  DEFAULT CHARSET=utf8 AUTO_INCREMENT=2 ;

--
-- Dumping data for table `default_settings`
--

INSERT INTO `default_settings` (`id`, `name`, `value`) VALUES
(1, 'min_order', '50');

-- --------------------------------------------------------

--
-- Table structure for table `delivery_fee`
--

CREATE TABLE IF NOT EXISTS `delivery_fee` (
  `id` int(11) NOT NULL AUTO_INCREMENT,
  `area_en` text CHARACTER SET utf8 NOT NULL,
  `area_he` text CHARACTER SET utf8 NOT NULL,
  `fee` int(11) NOT NULL,
  `restaurant_id` int(11) NOT NULL,
  PRIMARY KEY (`id`)
) ENGINE=InnoDB  DEFAULT CHARSET=latin1 AUTO_INCREMENT=50 ;

--
-- Dumping data for table `delivery_fee`
--

INSERT INTO `delivery_fee` (`id`, `area_en`, `area_he`, `fee`, `restaurant_id`) VALUES
(1, 'Ramat Beit Shemesh A', '', 25, 1),
(2, 'Ramat Beit Shemesh B', '', 25, 1),
(3, 'Ramat Beit Shemesh C', '', 25, 1),
(4, 'Ramat Beit Shemesh A', '', 25, 2),
(5, 'Ramat Beit Shemesh B', '', 25, 2),
(6, 'Ramat Beit Shemesh C', '', 25, 2),
(7, 'Ramat Beit Shemesh A', '', 25, 3),
(8, 'Ramat Beit Shemesh B', '', 25, 3),
(9, 'Ramat Beit Shemesh C', '', 25, 3),
(10, 'Ramat Beit Shemesh A', '', 25, 4),
(11, 'Ramat Beit Shemesh B', '', 25, 4),
(12, 'Ramat Beit Shemesh C', '', 25, 4),
(13, 'Ramat Beit Shemesh A', '', 25, 5),
(14, 'Ramat Beit Shemesh B', '', 25, 5),
(15, 'Ramat Beit Shemesh C', '', 25, 5),
(16, 'Ramat Beit Shemesh A', '', 25, 7),
(17, 'Ramat Beit Shemesh B', '', 25, 7),
(18, 'Ramat Beit Shemesh C', '', 25, 7),
(19, 'Within Modiin', '', 17, 9),
(20, 'Within Modiin', '', 18, 10),
(21, 'Within Modiin', '', 17, 11),
(22, 'Within Modiin', '', 17, 6),
(23, 'Outside Modiin', '', 25, 6),
(24, 'Outside Modiin', '', 25, 11),
(25, 'Outside Modiin', '', 30, 10),
(26, 'Outside Modiin', '', 25, 9),
(27, 'Beit Shemesh', '', 15, 1),
(28, 'Beit Shemesh', '', 15, 2),
(29, 'Beit Shemesh', '', 15, 3),
(30, 'Beit Shemesh', '', 15, 4),
(31, 'Beit Shemesh', '', 15, 5),
(32, 'Beit Shemesh', '', 15, 7),
(33, 'Beit Shemesh', '', 15, 12),
(34, 'Beit Shemesh', '', 15, 13),
(35, 'Beit Shemesh', '', 15, 13),
(36, 'Beit Shemesh', '', 15, 13),
(37, 'Beit Shemesh', '', 15, 13),
(38, 'Beit Shemesh', '', 15, 14),
(39, 'Beit Shemesh', '', 15, 14),
(40, 'Beit Shemesh', '', 15, 14),
(41, 'Beit Shemesh', '', 15, 14),
(42, 'Beit Shemesh', '', 15, 15),
(43, 'Beit Shemesh', '', 15, 15),
(44, 'Beit Shemesh', '', 15, 15),
(45, 'Beit Shemesh', '', 15, 15),
(46, 'Beit Shemesh', '', 15, 8),
(47, 'Beit Shemesh', '', 15, 8),
(48, 'Beit Shemesh', '', 15, 8),
(49, 'Beit Shemesh', '', 15, 8);

-- --------------------------------------------------------

--
-- Table structure for table `extras`
--

CREATE TABLE IF NOT EXISTS `extras` (
  `id` int(11) NOT NULL AUTO_INCREMENT,
  `item_id` int(11) NOT NULL,
  `name_en` varchar(255) NOT NULL,
  `type` varchar(255) NOT NULL,
  `price_replace` tinyint(1) DEFAULT '0',
  `name_he` varchar(255) NOT NULL,
  `sort` int(11) NOT NULL,
  PRIMARY KEY (`id`),
  KEY `item_id` (`item_id`)
) ENGINE=InnoDB  DEFAULT CHARSET=utf8 AUTO_INCREMENT=2348 ;

--
-- Dumping data for table `extras`
--

INSERT INTO `extras` (`id`, `item_id`, `name_en`, `type`, `price_replace`, `name_he`, `sort`) VALUES
(1, 1, 'Vegetarian Paid Toppings', 'Multiple', 0, 'תוספות צמחוניות מעל לתשלום', 100),
(2, 1, 'Toppings', 'Multiple', 0, 'תוספות מעל', 101),
(3, 1, 'Sauces', 'Multiple', 0, 'רטבים', 102),
(4, 1, 'Meat Paid Toppings', 'Multiple', 0, 'תוספות בשריות מעל לתשלום', 103),
(5, 2, 'Add On', 'Multiple', 0, 'תוספות', 104),
(6, 2, 'Sauces', 'Multiple', 0, 'רטבים', 105),
(7, 2, 'Vegetables', 'Multiple', 0, 'ירקות', 106),
(8, 3, 'Add On', 'Multiple', 0, 'תוספות', 107),
(9, 3, 'Sauces', 'Multiple', 0, 'רטבים', 108),
(10, 3, 'Vegetables', 'Multiple', 0, 'ירקות', 109),
(11, 4, 'Add On', 'Multiple', 0, 'תוספות', 110),
(12, 4, 'Sauces', 'Multiple', 0, 'רטבים', 111),
(13, 4, 'Vegetables', 'Multiple', 0, 'ירקות', 112),
(14, 7, 'Add On', 'Multiple', 0, 'תוספות', 113),
(15, 7, 'Sauces', 'Multiple', 0, 'רטבים', 114),
(16, 7, 'Vegetables', 'Multiple', 0, 'ירקות', 115),
(17, 8, 'Add On', 'Multiple', 0, 'תוספות', 116),
(18, 8, 'Sauces', 'Multiple', 0, 'רטבים', 117),
(19, 8, 'Vegetables', 'Multiple', 0, 'ירקות', 118),
(20, 9, 'Add On', 'Multiple', 0, 'תוספות', 119),
(21, 9, 'Sauces', 'Multiple', 0, 'רטבים', 120),
(22, 9, 'Vegetables', 'Multiple', 0, 'ירקות', 121),
(23, 10, 'Add On', 'Multiple', 0, 'תוספות', 122),
(24, 10, 'Sauces', 'Multiple', 0, 'רטבים', 123),
(25, 10, 'Vegetables', 'Multiple', 0, 'ירקות', 124),
(26, 11, 'Add On', 'Multiple', 0, 'תוספות', 125),
(27, 11, 'Sauces', 'Multiple', 0, 'רטבים', 126),
(28, 11, 'Vegetables', 'Multiple', 0, 'ירקות', 127),
(29, 12, 'Add On', 'Multiple', 0, 'תוספות', 128),
(30, 12, 'Sauces', 'Multiple', 0, 'רטבים', 129),
(31, 12, 'Vegetables', 'Multiple', 0, 'ירקות', 130),
(33, 13, 'Sauces', 'Multiple', 0, 'רטבים', 131),
(34, 13, 'Vegetables', 'Multiple', 0, 'ירקות', 132),
(35, 5, 'Meat Paid Toppings', 'Multiple', 0, 'תוספות', 133),
(36, 5, 'Sauces', 'Multiple', 0, 'רטבים', 134),
(38, 6, 'Meat Paid Toppings', 'Multiple', 0, 'תוספות', 135),
(39, 6, 'Sauces', 'Multiple', 0, 'רטבים', 136),
(41, 28, 'Add On', 'Multiple', 0, 'תוספות', 143),
(43, 29, 'Add On', 'Multiple', 0, 'תוספות', 144),
(45, 30, 'Add On', 'Multiple', 0, 'תוספות', 145),
(47, 31, 'Add On', 'Multiple', 0, 'תוספות', 146),
(49, 32, 'Add On', 'Multiple', 0, 'תוספות', 147),
(51, 33, 'Add On', 'Multiple', 0, 'תוספות', 148),
(53, 34, 'Add On', 'Multiple', 0, 'תוספות', 149),
(55, 35, 'Add On', 'Multiple', 0, 'תוספות', 150),
(57, 36, 'Add On', 'Multiple', 0, 'תוספות', 151),
(59, 37, 'Add On', 'Multiple', 0, 'תוספות', 152),
(61, 38, 'Add On', 'Multiple', 0, 'תוספות', 153),
(63, 39, 'Add On', 'Multiple', 0, 'תוספות', 154),
(65, 40, 'Add On', 'Multiple', 0, 'תוספות', 155),
(67, 40, 'Pasta Type', 'One', 0, 'סוג הפסטה', 156),
(68, 41, 'Add On', 'Multiple', 0, 'תוספות', 157),
(70, 41, 'Pasta Type', 'One', 0, 'סוג הפסטה', 158),
(71, 42, 'Add On', 'Multiple', 0, 'תוספות', 159),
(73, 42, 'Pasta Type', 'One', 0, 'סוג הפסטה', 160),
(74, 43, 'Add On', 'Multiple', 0, 'תוספות', 161),
(76, 43, 'Pasta Type', 'One', 0, 'סוג הפסטה', 162),
(77, 44, 'Add On', 'Multiple', 0, 'תוספות', 163),
(79, 44, 'Pasta Type', 'One', 0, 'סוג הפסטה', 164),
(80, 45, 'Add On', 'Multiple', 0, 'תוספות', 165),
(82, 46, 'Add On', 'Multiple', 0, 'תוספות', 166),
(84, 47, 'Add On', 'Multiple', 0, 'תוספות', 167),
(86, 48, 'Add On', 'Multiple', 0, 'תוספות', 168),
(88, 49, 'Add On', 'Multiple', 0, 'תוספות', 169),
(90, 50, 'Add On', 'Multiple', 0, 'תוספות', 170),
(105, 58, 'Bread Type', 'One', 1, 'לחם', 171),
(106, 58, 'Meat Type', 'One', 0, 'בשר', 172),
(107, 58, 'Addons', 'Multiple', 0, 'תוספות', 173),
(108, 58, 'Sauces', 'Multiple', 0, 'רטבים', 174),
(110, 59, 'Bread Type', 'One', 1, 'לחם', 175),
(111, 59, 'Meat Type', 'One', 0, 'בשר', 176),
(112, 59, 'Addons', 'Multiple', 0, 'תוספות', 177),
(113, 59, 'Sauces', 'Multiple', 0, 'רטבים', 178),
(115, 60, 'Bread Type', 'One', 1, 'לחם', 179),
(116, 60, 'Meat Type', 'One', 0, 'בשר', 180),
(117, 60, 'Addons', 'Multiple', 0, 'תוספות', 181),
(118, 60, 'Sauces', 'Multiple', 0, 'רטבים', 182),
(120, 61, 'Bread Type', 'One', 1, 'לחם', 183),
(121, 61, 'Meat Type', 'One', 0, 'בשר', 184),
(122, 61, 'Addons', 'Multiple', 0, 'תוספות', 185),
(123, 61, 'Sauces', 'Multiple', 0, 'רטבים', 186),
(125, 62, 'Bread Type', 'One', 1, 'לחם', 187),
(126, 62, 'Meat Type', 'One', 0, 'בשר', 188),
(127, 62, 'Addons', 'Multiple', 0, 'תוספות', 189),
(128, 62, 'Sauces', 'Multiple', 0, 'רטבים', 190),
(130, 63, 'Bread Type', 'One', 1, 'לחם', 191),
(131, 63, 'Meat Type', 'One', 0, 'בשר', 192),
(132, 63, 'Addons', 'Multiple', 0, 'תוספות', 193),
(133, 63, 'Sauces', 'Multiple', 0, 'רטבים', 194),
(135, 64, 'Bread Type', 'One', 1, 'לחם', 195),
(136, 64, 'Meat Type', 'One', 0, 'בשר', 196),
(137, 64, 'Addons', 'Multiple', 0, 'תוספות', 197),
(138, 64, 'Sauces', 'Multiple', 0, 'רטבים', 198),
(140, 65, 'Meat Type', 'One', 0, 'בשר', 199),
(141, 65, 'Addons', 'Multiple', 0, 'תוספות', 200),
(142, 65, 'Sauces', 'Multiple', 0, 'רטבים', 201),
(144, 66, 'Meat Type', 'One', 0, 'בשר', 202),
(145, 66, 'Addons', 'Multiple', 0, 'תוספות', 203),
(146, 66, 'Sauces', 'Multiple', 0, 'רטבים', 204),
(150, 67, 'Sauces', 'Multiple', 0, 'רטבים', 205),
(154, 70, 'Meat Type', 'One', 0, 'בשר', 206),
(155, 87, 'Vegetables', 'Multiple', 0, 'ירקות', 207),
(156, 87, 'Sauces', 'Multiple', 0, 'רטבים', 208),
(157, 87, 'Addons', 'Multiple', 0, 'תוספות', 209),
(158, 87, 'Roza Deal', 'Multiple', 0, 'רוזה דיל', 210),
(159, 88, 'Vegetables', 'Multiple', 0, 'ירקות', 211),
(160, 88, 'Sauces', 'Multiple', 0, 'רטבים', 212),
(161, 88, 'Addons', 'Multiple', 0, 'תוספות', 213),
(162, 88, 'Roza Deal', 'Multiple', 0, 'רוזה דיל', 214),
(163, 89, 'Vegetables', 'Multiple', 0, 'ירקות', 215),
(164, 89, 'Sauces', 'Multiple', 0, 'רטבים', 216),
(165, 89, 'Addons', 'Multiple', 0, 'תוספות', 217),
(166, 89, 'Roza Deal', 'Multiple', 0, 'רוזה דיל', 218),
(167, 90, 'Vegetables', 'Multiple', 0, 'ירקות', 219),
(168, 90, 'Sauces', 'Multiple', 0, 'רטבים', 220),
(169, 90, 'Addons', 'Multiple', 0, 'תוספות', 221),
(170, 90, 'Roza Deal', 'Multiple', 0, 'רוזה דיל', 222),
(171, 91, 'Vegetables', 'Multiple', 0, 'ירקות', 223),
(172, 91, 'Sauces', 'Multiple', 0, 'רטבים', 224),
(173, 91, 'Addons', 'Multiple', 0, 'תוספות', 225),
(174, 91, 'Roza Deal', 'Multiple', 0, 'רוזה דיל', 226),
(175, 92, 'Vegetables', 'Multiple', 0, 'ירקות', 227),
(176, 92, 'Sauces', 'Multiple', 0, 'רטבים', 228),
(177, 92, 'Addons', 'Multiple', 0, 'תוספות', 229),
(178, 92, 'Roza Deal', 'Multiple', 0, 'רוזה דיל', 230),
(179, 93, 'Vegetables', 'Multiple', 0, 'ירקות', 231),
(180, 93, 'Sauces', 'Multiple', 0, 'רטבים', 232),
(181, 93, 'Addons', 'Multiple', 0, 'תוספות', 233),
(182, 93, 'Roza Deal', 'Multiple', 0, 'רוזה דיל', 234),
(183, 94, 'Vegetables', 'Multiple', 0, 'ירקות', 235),
(184, 94, 'Sauces', 'Multiple', 0, 'רטבים', 236),
(185, 94, 'Addons', 'Multiple', 0, 'תוספות', 237),
(186, 94, 'Roza Deal', 'Multiple', 0, 'רוזה דיל', 238),
(187, 95, 'Vegetables', 'Multiple', 0, 'ירקות', 239),
(188, 95, 'Sauces', 'Multiple', 0, 'רטבים', 240),
(189, 95, 'Addons', 'Multiple', 0, 'תוספות', 241),
(190, 95, 'Roza Deal', 'Multiple', 0, 'רוזה דיל', 242),
(191, 96, 'Vegetables', 'Multiple', 0, 'ירקות', 243),
(192, 96, 'Sauces', 'Multiple', 0, 'רטבים', 244),
(193, 96, 'Addons', 'Multiple', 0, 'תוספות', 245),
(194, 96, 'Roza Deal', 'Multiple', 0, 'רוזה דיל', 246),
(195, 97, 'Vegetables', 'Multiple', 0, 'ירקות', 247),
(196, 97, 'Sauces', 'Multiple', 0, 'רטבים', 248),
(197, 97, 'Addons', 'Multiple', 0, 'תוספות', 249),
(198, 97, 'Roza Deal', 'Multiple', 0, 'רוזה דיל', 250),
(199, 98, 'Vegetables', 'Multiple', 0, 'ירקות', 251),
(200, 98, 'Sauces', 'Multiple', 0, 'רטבים', 252),
(201, 98, 'Addons', 'Multiple', 0, 'תוספות', 253),
(202, 98, 'Roza Deal', 'Multiple', 0, 'רוזה דיל', 254),
(203, 99, 'Vegetables', 'Multiple', 0, 'ירקות', 255),
(204, 99, 'Sauces', 'Multiple', 0, 'רטבים', 256),
(205, 99, 'Addons', 'Multiple', 0, 'תוספות', 257),
(206, 99, 'Roza Deal', 'Multiple', 0, 'רוזה דיל', 258),
(207, 100, 'Bread', 'One', 0, 'לחם לתשלום', 259),
(208, 100, 'Roza Deal', 'Multiple', 0, 'רוזה דיל', 260),
(209, 101, 'Bread', 'One', 0, 'לחם לתשלום', 261),
(210, 101, 'Roza Deal', 'Multiple', 0, 'רוזה דיל', 262),
(211, 102, 'Bread', 'One', 0, 'לחם לתשלום', 263),
(212, 102, 'Roza Deal', 'Multiple', 0, 'רוזה דיל', 264),
(213, 103, 'Bread', 'One', 0, 'לחם לתשלום', 265),
(214, 103, 'Roza Deal', 'Multiple', 0, 'רוזה דיל', 266),
(215, 104, 'Bread', 'One', 0, 'לחם לתשלום', 267),
(216, 104, 'Roza Deal', 'Multiple', 0, 'רוזה דיל', 268),
(217, 105, 'Bread', 'One', 0, 'לחם לתשלום', 269),
(218, 105, 'Roza Deal', 'Multiple', 0, 'רוזה דיל', 270),
(219, 106, 'Bread', 'One', 0, 'לחם לתשלום', 271),
(220, 106, 'Roza Deal', 'Multiple', 0, 'רוזה דיל', 272),
(221, 107, 'Roza Deal', 'Multiple', 0, 'רוזה דיל', 273),
(222, 108, 'Roza Deal', 'Multiple', 0, 'רוזה דיל', 274),
(223, 109, 'Roza Deal', 'Multiple', 0, 'רוזה דיל', 275),
(224, 110, 'Roza Deal', 'Multiple', 0, 'רוזה דיל', 276),
(225, 111, 'Roza Deal', 'Multiple', 0, 'רוזה דיל', 277),
(226, 112, 'Roza Deal', 'Multiple', 0, 'רוזה דיל', 278),
(227, 113, 'Roza Deal', 'Multiple', 0, 'רוזה דיל', 279),
(228, 114, 'Roza Deal', 'Multiple', 0, 'רוזה דיל', 280),
(229, 115, 'Roza Deal', 'Multiple', 0, 'רוזה דיל', 281),
(230, 116, 'Roza Deal', 'Multiple', 0, 'רוזה דיל', 282),
(231, 117, 'Roza Deal', 'Multiple', 0, 'רוזה דיל', 283),
(232, 148, 'Sauces', 'Multiple', 0, 'רטבים', 284),
(233, 149, 'Sauces', 'Multiple', 0, 'רטבים', 285),
(234, 150, 'Sauces', 'Multiple', 0, 'רטבים', 286),
(235, 151, 'Sauces', 'Multiple', 0, 'רטבים', 287),
(236, 152, 'Sauces', 'Multiple', 0, 'רטבים', 288),
(237, 153, 'Sauces', 'Multiple', 0, 'רטבים', 289),
(238, 154, 'Sauces', 'Multiple', 0, 'רטבים', 290),
(239, 155, 'Sauces', 'Multiple', 0, 'רטבים', 291),
(240, 156, 'Sauces', 'Multiple', 0, 'רטבים', 292),
(241, 157, 'Sauces', 'Multiple', 0, 'רטבים', 293),
(242, 158, 'Sauces', 'Multiple', 0, 'רטבים', 294),
(243, 159, 'Sauces', 'Multiple', 0, 'רטבים', 295),
(244, 160, 'Sauces', 'Multiple', 0, 'רטבים', 296),
(245, 161, 'Sauces', 'Multiple', 0, 'רטבים', 297),
(246, 162, 'Sauces', 'Multiple', 0, 'רטבים', 298),
(247, 163, 'Sauces', 'Multiple', 0, 'רטבים', 299),
(248, 164, 'Sauces', 'Multiple', 0, 'רטבים', 300),
(249, 165, 'Sauces', 'Multiple', 0, 'רטבים', 301),
(250, 166, 'Sauces', 'Multiple', 0, 'רטבים', 302),
(251, 167, 'Sauces', 'Multiple', 0, 'רטבים', 303),
(252, 168, 'Sauces', 'Multiple', 0, 'רטבים', 304),
(253, 169, 'Sauces', 'Multiple', 0, 'רטבים', 305),
(254, 170, 'Sauces', 'Multiple', 0, 'רטבים', 306),
(255, 171, 'Sauces', 'Multiple', 0, 'רטבים', 307),
(256, 172, 'Sauces', 'Multiple', 0, 'רטבים', 308),
(257, 173, 'Sauces', 'Multiple', 0, 'רטבים', 309),
(258, 174, 'Sauces', 'Multiple', 0, 'רטבים', 310),
(259, 175, 'Sauces', 'Multiple', 0, 'רטבים', 311),
(260, 176, 'Sauces', 'Multiple', 0, 'רטבים', 312),
(261, 177, 'Sauces', 'Multiple', 0, 'רטבים', 313),
(262, 178, 'Sauces', 'Multiple', 0, 'רטבים', 314),
(263, 179, 'Sauces', 'Multiple', 0, 'רטבים', 315),
(264, 180, 'Sauces', 'Multiple', 0, 'רטבים', 316),
(265, 181, 'Sauces', 'Multiple', 0, 'רטבים', 317),
(266, 182, 'Sauces', 'Multiple', 0, 'רטבים', 318),
(267, 183, 'Sauces', 'Multiple', 0, 'רטבים', 319),
(268, 184, 'Sauces', 'Multiple', 0, 'רטבים', 320),
(269, 185, 'Sauces', 'Multiple', 0, 'רטבים', 321),
(270, 186, 'Sauces', 'Multiple', 0, 'רטבים', 322),
(271, 187, 'Sauces', 'Multiple', 0, 'רטבים', 323),
(272, 188, 'Sauces', 'Multiple', 0, 'רטבים', 324),
(273, 189, 'Sauces', 'Multiple', 0, 'רטבים', 325),
(274, 190, 'Sauces', 'Multiple', 0, 'רטבים', 326),
(275, 191, 'Sauces', 'Multiple', 0, 'רטבים', 327),
(276, 192, 'Sauces', 'Multiple', 0, 'רטבים', 328),
(277, 193, 'Sauces', 'Multiple', 0, 'רטבים', 329),
(278, 194, 'Sauces', 'Multiple', 0, 'רטבים', 330),
(279, 195, 'Sauces', 'Multiple', 0, 'רטבים', 331),
(280, 196, 'Sauces', 'Multiple', 0, 'רטבים', 332),
(281, 197, 'Sauces', 'Multiple', 0, 'רטבים', 333),
(282, 198, 'Sauces', 'Multiple', 0, 'רטבים', 334),
(283, 199, 'Sauces', 'Multiple', 0, 'רטבים', 335),
(284, 200, 'Sauces', 'Multiple', 0, 'רטבים', 336),
(285, 201, 'Sauces', 'Multiple', 0, 'רטבים', 337),
(286, 202, 'Sauces', 'Multiple', 0, 'רטבים', 338),
(287, 203, 'Sauces', 'Multiple', 0, 'רטבים', 339),
(288, 204, 'Sauces', 'Multiple', 0, 'רטבים', 340),
(289, 205, 'Sauces', 'Multiple', 0, 'רטבים', 341),
(290, 206, 'Sauces', 'Multiple', 0, 'רטבים', 342),
(291, 207, 'Sauces', 'Multiple', 0, 'רטבים', 343),
(292, 219, 'Sauces', 'Multiple', 0, 'רטבים', 344),
(293, 220, 'Sauces', 'Multiple', 0, 'רטבים', 345),
(294, 221, 'Sauces', 'Multiple', 0, 'רטבים', 346),
(295, 222, 'Sauces', 'Multiple', 0, 'רטבים', 347),
(296, 223, 'Sauces', 'Multiple', 0, 'רטבים', 348),
(297, 224, 'Sauces', 'Multiple', 0, 'רטבים', 349),
(298, 225, 'Sauces', 'Multiple', 0, 'רטבים', 350),
(299, 226, 'Sauces', 'Multiple', 0, 'רטבים', 351),
(300, 227, 'Sauces', 'Multiple', 0, 'רטבים', 352),
(301, 181, 'Fish', 'One', 0, 'דג', 353),
(302, 181, 'Vegetables', 'Two', 0, 'ירקות', 354),
(303, 182, 'Vegetables', 'Three', 0, 'ירקות', 355),
(304, 247, 'Addons', 'One', 0, 'תוספות', 356),
(305, 247, 'Drinks', 'One', 0, 'שתיה', 357),
(306, 409, 'Addons', 'One', 0, 'תוספות', 358),
(307, 410, 'Addons', 'One', 0, 'תוספות', 359),
(308, 411, 'Bread', 'One', 0, 'לחם', 360),
(309, 412, 'Bread', 'One', 0, 'לחם', 361),
(310, 413, 'Bread', 'One', 0, 'לחם', 362),
(311, 414, 'Bread', 'One', 0, 'לחם', 363),
(312, 415, 'Bread', 'One', 0, 'לחם', 364),
(313, 416, 'Bread', 'One', 0, 'לחם', 365),
(314, 417, 'Bread', 'One', 0, 'לחם', 366),
(315, 418, 'Bread', 'One', 0, 'לחם', 367),
(316, 419, 'Bread', 'One', 0, 'לחם', 368),
(317, 420, 'Bread', 'One', 0, 'לחם', 369),
(318, 411, 'Side salad', 'One', 0, 'סלט בצד', 370),
(319, 412, 'Side salad', 'One', 0, 'סלט בצד', 371),
(320, 413, 'Side salad', 'One', 0, 'סלט בצד', 372),
(321, 414, 'Side salad', 'One', 0, 'סלט בצד', 373),
(322, 415, 'Side salad', 'One', 0, 'סלט בצד', 374),
(323, 416, 'Side salad', 'One', 0, 'סלט בצד', 375),
(324, 417, 'Side salad', 'One', 0, 'סלט בצד', 376),
(325, 418, 'Side salad', 'One', 0, 'סלט בצד', 377),
(326, 419, 'Side salad', 'One', 0, 'סלט בצד', 378),
(327, 420, 'Side salad', 'One', 0, 'סלט בצד', 379),
(328, 439, 'Juice', 'One', 0, 'מיץ', 380),
(329, 516, 'Addons', 'One', 0, 'תוספות', 381),
(330, 517, 'Addons', 'One', 0, 'תוספות', 382),
(331, 518, 'Addons', 'One', 0, 'תוספות', 383),
(332, 519, 'Addons', 'One', 0, 'תוספות', 384),
(333, 520, 'Addons', 'One', 0, 'תוספות', 385),
(334, 521, 'Addons', 'One', 0, 'תוספות', 386),
(335, 522, 'Addons', 'One', 0, 'תוספות', 387),
(336, 523, 'Addons', 'One', 0, 'תוספות', 388),
(337, 524, 'Addons', 'One', 0, 'תוספות', 389),
(338, 525, 'Addons', 'One', 0, 'תוספות', 390),
(339, 526, 'Addons', 'One', 0, 'תוספות', 391),
(340, 527, 'Addons', 'One', 0, 'תוספות', 392),
(341, 528, 'Addons', 'One', 0, 'תוספות', 393),
(342, 529, 'Addons', 'One', 0, 'תוספות', 394),
(343, 530, 'Addons', 'One', 0, 'תוספות', 395),
(344, 531, 'Addons', 'One', 0, 'תוספות', 396),
(345, 532, 'Addons', 'One', 0, 'תוספות', 397),
(346, 533, 'Addons', 'One', 0, 'תוספות', 398),
(347, 534, 'Addons', 'One', 0, 'תוספות', 399),
(348, 535, 'Addons', 'One', 0, 'תוספות', 400),
(349, 536, 'Addons', 'One', 0, 'תוספות', 401),
(350, 537, 'Addons', 'One', 0, 'תוספות', 402),
(351, 538, 'Addons', 'One', 0, 'תוספות', 403),
(352, 539, 'Addons', 'One', 0, 'תוספות', 404),
(353, 540, 'Addons', 'One', 0, 'תוספות', 405),
(354, 541, 'Addons', 'One', 0, 'תוספות', 406),
(355, 542, 'Addons', 'One', 0, 'תוספות', 407),
(356, 543, 'Addons', 'One', 0, 'תוספות', 408),
(357, 544, 'Addons', 'One', 0, 'תוספות', 409),
(358, 545, 'Addons', 'One', 0, 'תוספות', 410),
(359, 546, 'Addons', 'One', 0, 'תוספות', 411),
(360, 547, 'Addons', 'One', 0, 'תוספות', 412),
(361, 548, 'Addons', 'One', 0, 'תוספות', 413),
(362, 549, 'Addons', 'One', 0, 'תוספות', 414),
(363, 550, 'Addons', 'One', 0, 'תוספות', 415),
(364, 551, 'Addons', 'One', 0, 'תוספות', 416),
(365, 552, 'Addons', 'One', 0, 'תוספות', 417),
(366, 553, 'Addons', 'One', 0, 'תוספות', 418),
(367, 554, 'Addons', 'One', 0, 'תוספות', 419),
(368, 555, 'Addons', 'One', 0, 'תוספות', 420),
(369, 556, 'Addons', 'One', 0, 'תוספות', 421),
(370, 557, 'Addons', 'Multiple', 0, 'תוספות', 422),
(371, 558, 'Addons', 'Multiple', 0, 'תוספות', 423),
(372, 559, 'Addons', 'Multiple', 0, 'תוספות', 424),
(373, 560, 'Addons', 'Multiple', 0, 'תוספות', 425),
(374, 565, 'Addons', 'Multiple', 0, 'תוספות', 426),
(375, 558, 'Pasta Type', 'One', 0, 'סוג פסטה', 427),
(376, 559, 'Pasta Type', 'One', 0, 'סוג פסטה', 428),
(377, 560, 'Pasta Type', 'One', 0, 'סוג פסטה', 429),
(388, 570, 'Upgrade meal', 'Multiple', 0, 'שידרג לארוחה', 430),
(389, 571, 'Upgrade meal', 'Multiple', 0, 'שידרג לארוחה', 431),
(390, 572, 'Upgrade meal', 'Multiple', 0, 'שידרג לארוחה', 432),
(391, 573, 'Upgrade meal', 'Multiple', 0, 'שידרג לארוחה', 433),
(392, 574, 'Upgrade meal', 'Multiple', 0, 'שידרג לארוחה', 434),
(393, 575, 'Upgrade meal', 'Multiple', 0, 'שידרג לארוחה', 435),
(394, 576, 'Upgrade meal', 'Multiple', 0, 'שידרג לארוחה', 436),
(395, 577, 'Upgrade meal', 'Multiple', 0, 'שידרג לארוחה', 437),
(396, 578, 'Upgrade meal', 'Multiple', 0, 'שידרג לארוחה', 438),
(397, 579, 'Upgrade meal', 'Multiple', 0, 'שידרג לארוחה', 439),
(398, 580, 'Upgrade meal', 'Multiple', 0, 'שידרג לארוחה', 440),
(399, 581, 'Upgrade meal', 'Multiple', 0, 'שידרג לארוחה', 441),
(400, 582, 'Upgrade meal', 'Multiple', 0, 'שידרג לארוחה', 442),
(401, 583, 'Upgrade meal', 'Multiple', 0, 'שידרג לארוחה', 443),
(402, 584, 'Upgrade meal', 'Multiple', 0, 'שידרג לארוחה', 444),
(403, 585, 'Upgrade meal', 'Multiple', 0, 'שידרג לארוחה', 445),
(404, 586, 'Upgrade meal', 'Multiple', 0, 'שידרג לארוחה', 446),
(405, 587, 'Upgrade meal', 'Multiple', 0, 'שידרג לארוחה', 447),
(406, 588, 'Upgrade meal', 'Multiple', 0, 'שידרג לארוחה', 448),
(407, 589, 'Upgrade meal', 'Multiple', 0, 'שידרג לארוחה', 449),
(408, 590, 'Upgrade meal', 'Multiple', 0, 'שידרג לארוחה', 450),
(409, 591, 'Upgrade meal', 'Multiple', 0, 'שידרג לארוחה', 451),
(410, 592, 'Upgrade meal', 'Multiple', 0, 'שידרג לארוחה', 452),
(411, 593, 'Upgrade meal', 'Multiple', 0, 'שידרג לארוחה', 453),
(412, 594, 'Upgrade meal', 'Multiple', 0, 'שידרג לארוחה', 454),
(413, 595, 'Upgrade meal', 'Multiple', 0, 'שידרג לארוחה', 455),
(414, 596, 'Upgrade meal', 'Multiple', 0, 'שידרג לארוחה', 456),
(415, 597, 'Upgrade meal', 'Multiple', 0, 'שידרג לארוחה', 457),
(416, 598, 'Upgrade meal', 'Multiple', 0, 'שידרג לארוחה', 458),
(417, 599, 'Upgrade meal', 'Multiple', 0, 'שידרג לארוחה', 459),
(418, 600, 'Upgrade meal', 'Multiple', 0, 'שידרג לארוחה', 460),
(419, 608, 'Addons', 'Multiple', 0, 'תוספות', 461),
(420, 609, 'Addons', 'Multiple', 0, 'תוספות', 462),
(421, 610, 'Addons', 'Multiple', 0, 'תוספות', 463),
(422, 611, 'Addons', 'Multiple', 0, 'תוספות', 464),
(423, 618, 'Addons', 'Multiple', 0, 'תוספות', 465),
(424, 619, 'Addons', 'Multiple', 0, 'תוספות', 466),
(425, 620, 'Addons', 'Multiple', 0, 'תוספות', 467),
(552, 255, 'Fish', 'Multiple', 0, 'דג', 468),
(553, 268, 'Sauces', 'Multiple', 0, 'רטבים', 469),
(554, 269, 'Sauces', 'Multiple', 0, 'רטבים', 470),
(555, 270, 'Sauces', 'Multiple', 0, 'רטבים', 471),
(556, 271, 'Sauces', 'Multiple', 0, 'רטבים', 472),
(557, 272, 'Sauces', 'Multiple', 0, 'רטבים', 473),
(558, 273, 'Sauces', 'Multiple', 0, 'רטבים', 474),
(559, 274, 'Sauces', 'Multiple', 0, 'רטבים', 475),
(560, 275, 'Sauces', 'Multiple', 0, 'רטבים', 476),
(561, 276, 'Sauces', 'Multiple', 0, 'רטבים', 477),
(562, 277, 'Sauces', 'Multiple', 0, 'רטבים', 478),
(563, 278, 'Sauces', 'Multiple', 0, 'רטבים', 479),
(564, 279, 'Sauces', 'Multiple', 0, 'רטבים', 480),
(565, 280, 'Sauces', 'Multiple', 0, 'רטבים', 481),
(566, 281, 'Sauces', 'Multiple', 0, 'רטבים', 482),
(567, 282, 'Sauces', 'Multiple', 0, 'רטבים', 483),
(568, 283, 'Sauces', 'Multiple', 0, 'רטבים', 484),
(569, 284, 'Sauces', 'Multiple', 0, 'רטבים', 485),
(570, 285, 'Sauces', 'Multiple', 0, 'רטבים', 486),
(571, 286, 'Sauces', 'Multiple', 0, 'רטבים', 487),
(572, 287, 'Sauces', 'Multiple', 0, 'רטבים', 488),
(573, 288, 'Sauces', 'Multiple', 0, 'רטבים', 489),
(574, 289, 'Sauces', 'Multiple', 0, 'רטבים', 490),
(575, 290, 'Sauces', 'Multiple', 0, 'רטבים', 491),
(576, 291, 'Sauces', 'Multiple', 0, 'רטבים', 492),
(577, 292, 'Sauces', 'Multiple', 0, 'רטבים', 493),
(578, 293, 'Sauces', 'Multiple', 0, 'רטבים', 494),
(579, 294, 'Sauces', 'Multiple', 0, 'רטבים', 495),
(580, 295, 'Sauces', 'Multiple', 0, 'רטבים', 496),
(581, 296, 'Sauces', 'Multiple', 0, 'רטבים', 497),
(582, 297, 'Sauces', 'Multiple', 0, 'רטבים', 498),
(583, 298, 'Sauces', 'Multiple', 0, 'רטבים', 499),
(584, 299, 'Sauces', 'Multiple', 0, 'רטבים', 500),
(585, 300, 'Sauces', 'Multiple', 0, 'רטבים', 501),
(586, 301, 'Sauces', 'Multiple', 0, 'רטבים', 502),
(587, 302, 'Sauces', 'Multiple', 0, 'רטבים', 503),
(588, 303, 'Sauces', 'Multiple', 0, 'רטבים', 504),
(589, 304, 'Sauces', 'Multiple', 0, 'רטבים', 505),
(590, 305, 'Sauces', 'Multiple', 0, 'רטבים', 506),
(591, 306, 'Sauces', 'Multiple', 0, 'רטבים', 507),
(592, 307, 'Sauces', 'Multiple', 0, 'רטבים', 508),
(593, 308, 'Sauces', 'Multiple', 0, 'רטבים', 509),
(594, 309, 'Sauces', 'Multiple', 0, 'רטבים', 510),
(595, 310, 'Sauces', 'Multiple', 0, 'רטבים', 511),
(596, 311, 'Sauces', 'Multiple', 0, 'רטבים', 512),
(597, 312, 'Sauces', 'Multiple', 0, 'רטבים', 513),
(598, 313, 'Sauces', 'Multiple', 0, 'רטבים', 514),
(599, 314, 'Sauces', 'Multiple', 0, 'רטבים', 515),
(600, 315, 'Sauces', 'Multiple', 0, 'רטבים', 516),
(601, 316, 'Sauces', 'Multiple', 0, 'רטבים', 517),
(602, 317, 'Sauces', 'Multiple', 0, 'רטבים', 518),
(603, 318, 'Sauces', 'Multiple', 0, 'רטבים', 519),
(604, 319, 'Sauces', 'Multiple', 0, 'רטבים', 520),
(605, 320, 'Sauces', 'Multiple', 0, 'רטבים', 521),
(606, 321, 'Sauces', 'Multiple', 0, 'רטבים', 522),
(607, 322, 'Sauces', 'Multiple', 0, 'רטבים', 523),
(608, 323, 'Sauces', 'Multiple', 0, 'רטבים', 524),
(609, 324, 'Sauces', 'Multiple', 0, 'רטבים', 525),
(610, 325, 'Sauces', 'Multiple', 0, 'רטבים', 526),
(611, 326, 'Sauces', 'Multiple', 0, 'רטבים', 527),
(612, 327, 'Sauces', 'Multiple', 0, 'רטבים', 528),
(613, 328, 'Sauces', 'Multiple', 0, 'רטבים', 529),
(614, 329, 'Sauces', 'Multiple', 0, 'רטבים', 530),
(615, 330, 'Sauces', 'Multiple', 0, 'רטבים', 531),
(616, 331, 'Sauces', 'Multiple', 0, 'רטבים', 532),
(617, 332, 'Sauces', 'Multiple', 0, 'רטבים', 533),
(618, 333, 'Sauces', 'Multiple', 0, 'רטבים', 534),
(619, 334, 'Sauces', 'Multiple', 0, 'רטבים', 535),
(620, 335, 'Sauces', 'Multiple', 0, 'רטבים', 536),
(621, 336, 'Sauces', 'Multiple', 0, 'רטבים', 537),
(622, 337, 'Sauces', 'Multiple', 0, 'רטבים', 538),
(623, 338, 'Addons', 'multiple', 3, 'תוספות', 539),
(624, 339, 'Addons', 'multiple', 3, 'תוספות', 540),
(625, 340, 'Sauces', 'Multiple', 0, 'רטבים', 541),
(626, 341, 'Sauces', 'Multiple', 0, 'רטבים', 542),
(627, 342, 'Sauces', 'Multiple', 0, 'רטבים', 543),
(628, 343, 'Sauces', 'Multiple', 0, 'רטבים', 544),
(629, 344, 'Sauces', 'Multiple', 0, 'רטבים', 545),
(630, 345, 'Sauces', 'Multiple', 0, 'רטבים', 546),
(631, 346, 'Sauces', 'Multiple', 0, 'רטבים', 547),
(632, 347, 'Sauces', 'Multiple', 0, 'רטבים', 548),
(633, 348, 'Sauces', 'Multiple', 0, 'רטבים', 549),
(634, 349, 'Sauces', 'Multiple', 0, 'רטבים', 550),
(635, 350, 'Sauces', 'Multiple', 0, 'רטבים', 551),
(636, 351, 'Sauces', 'Multiple', 0, 'רטבים', 552),
(637, 352, 'Sauces', 'Multiple', 0, 'רטבים', 553),
(638, 353, 'Sauces', 'Multiple', 0, 'רטבים', 554),
(639, 362, 'Sauces', 'Multiple', 0, 'רטבים', 555),
(640, 363, 'Sauces', 'Multiple', 0, 'רטבים', 556),
(641, 338, 'Sauces', 'Multiple', 0, 'רטבים', 557),
(642, 339, 'Sauces', 'Multiple', 0, 'רטבים', 558),
(643, 22, 'Sauces', 'Multiple', 0, 'רטבים', 137),
(644, 23, 'Sauces', 'Multiple', 0, 'רטבים', 138),
(645, 24, 'Sauces', 'Multiple', 0, 'רטבים', 139),
(646, 25, 'Sauces', 'Multiple', 0, 'רטבים', 140),
(647, 26, 'Sauces', 'Multiple', 0, 'רטבים', 141),
(648, 27, 'Sauces', 'Multiple', 0, 'רטבים', 142),
(1201, 1201, 'Size', 'One', 1, '', 559),
(1202, 1201, 'Free Addons', 'Multiple', 0, '', 560),
(1203, 1201, '3 ILS', 'Multiple', 1, '', 561),
(1204, 1201, '6 ILS', 'Multiple', 1, '', 562),
(1205, 1201, '10 ILS', 'Multiple', 1, '', 563),
(1206, 1201, '15 ILS', 'Multiple', 1, '', 564),
(1207, 1202, 'Size', 'One', 1, '', 565),
(1208, 1202, 'Free Addons', 'Multiple', 0, '', 566),
(1209, 1202, '3 ILS', 'Multiple', 1, '', 567),
(1210, 1202, '6 ILS', 'Multiple', 1, '', 568),
(1211, 1202, '10 ILS', 'Multiple', 1, '', 569),
(1212, 1202, '15 ILS', 'Multiple', 1, '', 570),
(1213, 1203, 'Free Addons', 'Multiple', 0, '', 571),
(1214, 1203, '3 ILS', 'Multiple', 1, '', 572),
(1215, 1203, '6 ILS', 'Multiple', 1, '', 573),
(1216, 1203, '10 ILS', 'Multiple', 1, '', 574),
(1217, 1203, '15 ILS', 'Multiple', 1, '', 575),
(1218, 1204, 'Free Addons', 'Multiple', 0, '', 576),
(1219, 1204, '3 ILS', 'Multiple', 1, '', 577),
(1220, 1204, '6 ILS', 'Multiple', 1, '', 578),
(1221, 1204, '10 ILS', 'Multiple', 1, '', 579),
(1222, 1204, '15 ILS', 'Multiple', 1, '', 580),
(1223, 1205, 'Free Addons', 'Multiple', 0, '', 581),
(1224, 1205, '3 ILS', 'Multiple', 1, '', 582),
(1225, 1205, '6 ILS', 'Multiple', 1, '', 583),
(1226, 1205, '10 ILS', 'Multiple', 1, '', 584),
(1227, 1205, '15 ILS', 'Multiple', 1, '', 585),
(1228, 1206, 'Free Addons', 'Multiple', 0, '', 586),
(1229, 1206, '3 ILS', 'Multiple', 1, '', 587),
(1230, 1206, '6 ILS', 'Multiple', 1, '', 588),
(1231, 1206, '10 ILS', 'Multiple', 1, '', 589),
(1232, 1206, '15 ILS', 'Multiple', 1, '', 590),
(1233, 1207, 'Free Addons', 'Multiple', 0, '', 591),
(1234, 1207, '3 ILS', 'Multiple', 1, '', 592),
(1235, 1207, '6 ILS', 'Multiple', 1, '', 593),
(1236, 1207, '10 ILS', 'Multiple', 1, '', 594),
(1237, 1207, '15 ILS', 'Multiple', 1, '', 595),
(1238, 1208, 'Free Addons', 'Multiple', 0, '', 596),
(1239, 1208, '3 ILS', 'Multiple', 1, '', 597),
(1240, 1208, '6 ILS', 'Multiple', 1, '', 598),
(1241, 1208, '10 ILS', 'Multiple', 1, '', 599),
(1242, 1208, '15 ILS', 'Multiple', 1, '', 600),
(1243, 1209, 'Free Addons', 'Multiple', 0, '', 601),
(1244, 1209, '3 ILS', 'Multiple', 1, '', 602),
(1245, 1209, '6 ILS', 'Multiple', 1, '', 603),
(1246, 1209, '10 ILS', 'Multiple', 1, '', 604),
(1247, 1209, '15 ILS', 'Multiple', 1, '', 605),
(1248, 1210, 'Free Addons', 'Multiple', 0, '', 606),
(1249, 1210, '3 ILS', 'Multiple', 1, '', 607),
(1250, 1210, '6 ILS', 'Multiple', 1, '', 608),
(1251, 1210, '10 ILS', 'Multiple', 1, '', 609),
(1252, 1210, '15 ILS', 'Multiple', 1, '', 610),
(1253, 1215, 'Size', 'One', 1, '', 611),
(1254, 1215, 'Free Addons', 'Multiple', 0, '', 612),
(1255, 1215, '3 ILS', 'Multiple', 1, '', 613),
(1256, 1215, '6 ILS', 'Multiple', 1, '', 614),
(1257, 1215, '10 ILS', 'Multiple', 1, '', 615),
(1258, 1215, '15 ILS', 'Multiple', 1, '', 616),
(1259, 1216, 'Size', 'One', 1, '', 617),
(1260, 1216, 'Free Addons', 'Multiple', 0, '', 618),
(1261, 1216, '3 ILS', 'Multiple', 1, '', 619),
(1262, 1216, '6 ILS', 'Multiple', 1, '', 620),
(1263, 1216, '10 ILS', 'Multiple', 1, '', 621),
(1264, 1216, '15 ILS', 'Multiple', 1, '', 622),
(1265, 1218, 'Size', 'One', 1, '', 623),
(1266, 1218, 'Free Addons', 'Multiple', 0, '', 624),
(1267, 1218, '3 ILS', 'Multiple', 1, '', 625),
(1268, 1218, '6 ILS', 'Multiple', 1, '', 626),
(1269, 1218, '10 ILS', 'Multiple', 1, '', 627),
(1270, 1218, '15 ILS', 'Multiple', 1, '', 628),
(1271, 1219, 'Size', 'One', 1, '', 629),
(1272, 1219, 'Free Addons', 'Multiple', 0, '', 630),
(1273, 1219, '3 ILS', 'Multiple', 1, '', 631),
(1274, 1219, '6 ILS', 'Multiple', 1, '', 632),
(1275, 1219, '10 ILS', 'Multiple', 1, '', 633),
(1276, 1219, '15 ILS', 'Multiple', 1, '', 634),
(1277, 1220, 'Free Addons', 'Multiple', 0, '', 635),
(1278, 1220, '3 ILS', 'Multiple', 1, '', 636),
(1279, 1220, '6 ILS', 'Multiple', 1, '', 637),
(1280, 1220, '10 ILS', 'Multiple', 1, '', 638),
(1281, 1220, '15 ILS', 'Multiple', 1, '', 639),
(1282, 1221, 'Free Addons', 'Multiple', 0, '', 640),
(1283, 1221, '3 ILS', 'Multiple', 1, '', 641),
(1284, 1221, '6 ILS', 'Multiple', 1, '', 642),
(1285, 1221, '10 ILS', 'Multiple', 1, '', 643),
(1286, 1221, '15 ILS', 'Multiple', 1, '', 644),
(1287, 1222, 'Free Addons', 'Multiple', 0, '', 645),
(1288, 1222, '3 ILS', 'Multiple', 1, '', 646),
(1289, 1222, '6 ILS', 'Multiple', 1, '', 647),
(1290, 1222, '10 ILS', 'Multiple', 1, '', 648),
(1291, 1222, '15 ILS', 'Multiple', 1, '', 649),
(1292, 1223, 'Free Addons', 'Multiple', 0, '', 650),
(1293, 1223, '3 ILS', 'Multiple', 1, '', 651),
(1294, 1223, '6 ILS', 'Multiple', 1, '', 652),
(1295, 1223, '10 ILS', 'Multiple', 1, '', 653),
(1296, 1223, '15 ILS', 'Multiple', 1, '', 654),
(1297, 1224, 'Free Addons', 'Multiple', 0, '', 655),
(1298, 1224, '3 ILS', 'Multiple', 1, '', 656),
(1299, 1224, '6 ILS', 'Multiple', 1, '', 657),
(1300, 1224, '10 ILS', 'Multiple', 1, '', 658),
(1301, 1224, '15 ILS', 'Multiple', 1, '', 659),
(1302, 1225, 'Free Addons', 'Multiple', 0, '', 660),
(1303, 1225, '3 ILS', 'Multiple', 1, '', 661),
(1304, 1225, '6 ILS', 'Multiple', 1, '', 662),
(1305, 1225, '10 ILS', 'Multiple', 1, '', 663),
(1306, 1225, '15 ILS', 'Multiple', 1, '', 664),
(1307, 1233, 'Kind of pastry', 'One', 0, '', 665),
(1308, 1240, 'Kind of pastry', 'One', 0, '', 666),
(1309, 1241, 'Size', 'One', 1, '', 667),
(1310, 1243, 'Size', 'One', 1, '', 668),
(1311, 1249, 'Milk', 'Multiple', 0, '', 669),
(1312, 1250, 'Milk', 'Multiple', 0, '', 670),
(1313, 1251, 'Milk', 'Multiple', 0, '', 671),
(1314, 1252, 'Milk', 'Multiple', 0, '', 672),
(1315, 1253, 'Milk', 'Multiple', 0, '', 673),
(1316, 1254, 'Milk', 'Multiple', 0, '', 674),
(1317, 1255, 'Milk', 'Multiple', 0, '', 675),
(1318, 1256, 'Milk', 'Multiple', 0, '', 676),
(1319, 1257, 'Milk', 'Multiple', 0, '', 677),
(1320, 1258, 'Milk', 'Multiple', 0, '', 678),
(1321, 1259, 'Milk', 'Multiple', 0, '', 679),
(1322, 1260, 'Milk', 'Multiple', 0, '', 680),
(1323, 1261, 'Milk', 'Multiple', 0, '', 681),
(1324, 1262, 'Milk', 'Multiple', 0, '', 682),
(1325, 1263, 'Milk', 'Multiple', 0, '', 683),
(1326, 1275, 'Flavored Water', 'One', 0, '', 684),
(1327, 1276, 'Size', 'One', 1, '', 685),
(1328, 1277, 'Size', 'One', 1, '', 686),
(1329, 1278, 'Size', 'One', 1, '', 687),
(1330, 1279, 'Size', 'One', 1, '', 688),
(1331, 1280, 'Size', 'One', 1, '', 689),
(1332, 1281, 'Size', 'One', 1, '', 690),
(1333, 1282, 'Size', 'One', 1, '', 691),
(1334, 1286, 'Shake Base', 'One', 0, '', 692),
(1335, 1286, 'Shake Fruit', 'Multiple', 0, '', 693),
(1336, 1287, 'Size', 'One', 1, '', 694),
(1337, 1287, 'Free Addons', 'Multiple', 0, '', 695),
(1338, 1287, '3 ILS', 'Multiple', 1, '', 696),
(1339, 1287, '6 ILS', 'Multiple', 1, '', 697),
(1340, 1287, '10 ILS', 'Multiple', 1, '', 698),
(1341, 1287, '15 ILS', 'Multiple', 1, '', 699),
(1342, 1287, 'Bread Kind', 'Multiple', 0, '', 700),
(1343, 1288, 'Size', 'One', 1, '', 701),
(1344, 1288, 'Free Addons', 'Multiple', 0, '', 702),
(1345, 1288, '3 ILS', 'Multiple', 1, '', 703),
(1346, 1288, '6 ILS', 'Multiple', 1, '', 704),
(1347, 1288, '10 ILS', 'Multiple', 1, '', 705),
(1348, 1288, '15 ILS', 'Multiple', 1, '', 706),
(1349, 1288, 'Bread Kind', 'Multiple', 0, '', 707),
(1350, 1289, 'Size', 'One', 1, '', 708),
(1351, 1289, 'Free Addons', 'Multiple', 0, '', 709),
(1352, 1289, '3 ILS', 'Multiple', 1, '', 710),
(1353, 1289, '6 ILS', 'Multiple', 1, '', 711),
(1354, 1289, '10 ILS', 'Multiple', 1, '', 712),
(1355, 1289, '15 ILS', 'Multiple', 1, '', 713),
(1356, 1289, 'Bread Kind', 'Multiple', 0, '', 714),
(1357, 1290, 'Size', 'One', 1, '', 715),
(1358, 1290, 'Free Addons', 'Multiple', 0, '', 716),
(1359, 1290, '3 ILS', 'Multiple', 1, '', 717),
(1360, 1290, '6 ILS', 'Multiple', 1, '', 718),
(1361, 1290, '10 ILS', 'Multiple', 1, '', 719),
(1362, 1290, '15 ILS', 'Multiple', 1, '', 720),
(1363, 1290, 'Bread Kind', 'Multiple', 0, '', 721),
(1364, 1291, 'Size', 'One', 1, '', 722),
(1365, 1291, 'Free Addons', 'Multiple', 0, '', 723),
(1366, 1291, '3 ILS', 'Multiple', 1, '', 724),
(1367, 1291, '6 ILS', 'Multiple', 1, '', 725),
(1368, 1291, '10 ILS', 'Multiple', 1, '', 726),
(1369, 1291, '15 ILS', 'Multiple', 1, '', 727),
(1370, 1291, 'Bread Kind', 'Multiple', 0, '', 728),
(1371, 1292, 'Size', 'One', 1, '', 729),
(1372, 1292, 'Free Addons', 'Multiple', 0, '', 730),
(1373, 1292, '3 ILS', 'Multiple', 1, '', 731),
(1374, 1292, '6 ILS', 'Multiple', 1, '', 732),
(1375, 1292, '10 ILS', 'Multiple', 1, '', 733),
(1376, 1292, '15 ILS', 'Multiple', 1, '', 734),
(1377, 1292, 'Bread Kind', 'Multiple', 0, '', 735),
(1378, 1293, 'Size', 'One', 1, '', 736),
(1379, 1293, 'Free Addons', 'Multiple', 0, '', 737),
(1380, 1293, '3 ILS', 'Multiple', 1, '', 738),
(1381, 1293, '6 ILS', 'Multiple', 1, '', 739),
(1382, 1293, '10 ILS', 'Multiple', 1, '', 740),
(1383, 1293, '15 ILS', 'Multiple', 1, '', 741),
(1384, 1293, 'Bread Kind', 'Multiple', 0, '', 742),
(1385, 1294, 'Size', 'One', 1, '', 743),
(1386, 1294, 'Free Addons', 'Multiple', 0, '', 744),
(1387, 1294, '3 ILS', 'Multiple', 1, '', 745),
(1388, 1294, '6 ILS', 'Multiple', 1, '', 746),
(1389, 1294, '10 ILS', 'Multiple', 1, '', 747),
(1390, 1294, '15 ILS', 'Multiple', 1, '', 748),
(1391, 1294, 'Bread Kind', 'Multiple', 0, '', 749),
(1392, 1295, 'Size', 'One', 1, '', 750),
(1393, 1295, 'Free Addons', 'Multiple', 0, '', 751),
(1394, 1295, '3 ILS', 'Multiple', 1, '', 752),
(1395, 1295, '6 ILS', 'Multiple', 1, '', 753),
(1396, 1295, '10 ILS', 'Multiple', 1, '', 754),
(1397, 1295, '15 ILS', 'Multiple', 1, '', 755),
(1398, 1295, 'Bread Kind', 'Multiple', 0, '', 756),
(1399, 1296, 'Size', 'One', 1, '', 757),
(1400, 1296, 'Free Addons', 'Multiple', 0, '', 758),
(1401, 1296, '3 ILS', 'Multiple', 1, '', 759),
(1402, 1296, '6 ILS', 'Multiple', 1, '', 760),
(1403, 1296, '10 ILS', 'Multiple', 1, '', 761),
(1404, 1296, '15 ILS', 'Multiple', 1, '', 762),
(1405, 1296, 'Bread Kind', 'Multiple', 0, '', 763),
(1406, 1297, 'Size', 'One', 1, '', 764),
(1407, 1297, 'Free Addons', 'Multiple', 0, '', 765),
(1408, 1297, '3 ILS', 'Multiple', 1, '', 766),
(1409, 1297, '6 ILS', 'Multiple', 1, '', 767),
(1410, 1297, '10 ILS', 'Multiple', 1, '', 768),
(1411, 1297, '15 ILS', 'Multiple', 1, '', 769),
(1412, 1297, 'Bread Kind', 'Multiple', 0, '', 770),
(1413, 1217, 'Size', 'One', 1, '', 771),
(1414, 1217, 'Free Addons', 'Multiple', 0, '', 772),
(1415, 1217, '3 ILS', 'Multiple', 1, '', 773),
(1416, 1217, '6 ILS', 'Multiple', 1, '', 774),
(1417, 1217, '10 ILS', 'Multiple', 1, '', 775),
(1418, 1217, '15 ILS', 'Multiple', 1, '', 776),
(2200, 1300, 'Size', 'One', 1, '', 777),
(2201, 1301, 'Size', 'One', 1, '', 778),
(2202, 1302, 'Size', 'One', 1, '', 779),
(2203, 1303, 'Size', 'One', 1, '', 780),
(2204, 1304, 'Size', 'One', 1, '', 781),
(2205, 1305, 'Size', 'One', 1, '', 782),
(2206, 1306, 'Size', 'One', 1, '', 783),
(2207, 1312, 'Size', 'One', 0, '', 784),
(2208, 1312, 'Extras', 'Multiple', 0, '', 785),
(2211, 1400, 'Extra toppings', 'Multiple', 0, '', 786),
(2212, 1400, 'Extra Toppings (small)', 'Multiple', 0, '', 787),
(2213, 1401, 'Extra Toppings (large)', 'Multiple', 0, '', 788),
(2214, 1401, 'Extra toppings', 'Multiple', 0, '', 789),
(2215, 1402, 'Extra Toppings (medium)', 'Multiple', 0, '', 790),
(2216, 1402, 'Extra toppings', 'Multiple', 0, '', 791),
(2217, 1403, 'Extra toppings', 'Multiple', 0, '', 792),
(2218, 1403, 'Extra Toppings (small)', 'Multiple', 0, '', 793),
(2219, 1404, 'Size', 'One', 1, '', 794),
(2220, 1404, 'Extra toppings', 'Multiple', 0, '', 795),
(2221, 1405, 'Size', 'One', 1, '', 796),
(2222, 1405, 'Extra toppings', 'Multiple', 0, '', 797),
(2223, 1409, 'Size', 'One', 0, '', 798),
(2224, 1410, 'Size', 'One', 0, '', 799),
(2225, 1413, 'Size', 'One', 0, '', 800),
(2226, 1400, 'Sauces', 'Multiple', 0, '', 0),
(2227, 1401, 'Sauces', 'Multiple', 0, '', 0),
(2300, 1500, 'Extra over burger', 'Multiple', 0, '', 801),
(2301, 1500, 'Deal Addons', 'Multiple', 0, '', 802),
(2302, 1500, 'Extras', 'Multiple', 0, '', 803),
(2303, 1501, 'Extra over burger', 'Multiple', 0, '', 804),
(2304, 1501, 'Deal Addons', 'Multiple', 0, '', 805),
(2305, 1501, 'Extras', 'Multiple', 0, '', 806),
(2306, 1502, 'Extra over burger', 'Multiple', 0, '', 807),
(2307, 1502, 'Deal Addons', 'Multiple', 0, '', 808),
(2308, 1502, 'Extras', 'Multiple', 0, '', 809),
(2309, 1503, 'Extra over burger', 'Multiple', 0, '', 810),
(2310, 1503, 'Deal Addons', 'Multiple', 0, '', 811),
(2311, 1503, 'Extras', 'Multiple', 0, '', 812),
(2312, 1504, 'Extra over burger', 'Multiple', 0, '', 813),
(2313, 1504, 'Deal Addons', 'Multiple', 0, '', 814),
(2314, 1504, 'Extras', 'Multiple', 0, '', 815),
(2315, 1505, 'Extra over burger', 'Multiple', 0, '', 816),
(2316, 1505, 'Deal Addons', 'Multiple', 0, '', 817),
(2317, 1505, 'Extras', 'Multiple', 0, '', 818),
(2318, 1506, 'Extra over burger', 'Multiple', 0, '', 819),
(2319, 1506, 'Deal Addons', 'Multiple', 0, '', 820),
(2320, 1506, 'Extras', 'Multiple', 0, '', 821),
(2321, 1507, 'Extra over burger', 'Multiple', 0, '', 822),
(2322, 1507, 'Deal Addons', 'Multiple', 0, '', 823),
(2323, 1507, 'Extras', 'Multiple', 0, '', 824),
(2324, 1508, 'Extra over burger', 'Multiple', 0, '', 825),
(2325, 1508, 'Deal Addons', 'Multiple', 0, '', 826),
(2326, 1508, 'Extras', 'Multiple', 0, '', 827),
(2327, 1509, 'Extra over burger', 'Multiple', 0, '', 828),
(2328, 1509, 'Extras', 'Multiple', 0, '', 829),
(2329, 1510, 'Extra over burger', 'Multiple', 0, '', 830),
(2330, 1510, 'Extras', 'Multiple', 0, '', 831),
(2331, 1511, 'Extra over burger', 'Multiple', 0, '', 832),
(2332, 1511, 'Extras', 'Multiple', 0, '', 833),
(2333, 1512, 'Extra over burger', 'Multiple', 0, '', 834),
(2334, 1512, 'Extras', 'Multiple', 0, '', 835),
(2335, 1513, 'Extra over burger', 'Multiple', 0, '', 836),
(2336, 1513, 'Extras', 'Multiple', 0, '', 837),
(2337, 1514, 'Extra over burger', 'Multiple', 0, '', 838),
(2338, 1514, 'Extras', 'Multiple', 0, '', 839),
(2339, 1515, 'Extra over burger', 'Multiple', 0, '', 840),
(2340, 1515, 'Extras', 'Multiple', 0, '', 841),
(2341, 1516, 'Extra over burger', 'Multiple', 0, '', 842),
(2342, 1516, 'Extras', 'Multiple', 0, '', 843),
(2343, 1517, 'Extra over burger', 'Multiple', 0, '', 844),
(2344, 1517, 'Extras', 'Multiple', 0, '', 845),
(2345, 1518, 'Size', 'One', 1, '', 846),
(2346, 1519, 'Size', 'One', 1, '', 847),
(2347, 1520, 'Salad add-ons', '', 0, '', 848);

-- --------------------------------------------------------

--
-- Table structure for table `gloria_menus`
--

CREATE TABLE IF NOT EXISTS `gloria_menus` (
  `id` int(11) NOT NULL AUTO_INCREMENT,
  `restaurant_id` int(11) NOT NULL,
  `url` text NOT NULL,
  PRIMARY KEY (`id`),
  KEY `restaurant_id` (`restaurant_id`)
) ENGINE=InnoDB  DEFAULT CHARSET=latin1 AUTO_INCREMENT=17 ;

--
-- Dumping data for table `gloria_menus`
--

INSERT INTO `gloria_menus` (`id`, `restaurant_id`, `url`) VALUES
(1, 1, 'images/angus_gloria/angus_1.JPG'),
(2, 1, 'images/angus_gloria/angus_2.jpg'),
(3, 1, 'images/angus_gloria/angus_4.jpg'),
(4, 1, 'images/angus_gloria/angus_6.jpg'),
(5, 3, 'images/bandora_gloria/Bandora_1.JPG'),
(6, 3, 'images/bandora_gloria/Bandora_2.JPG'),
(7, 2, 'images/meshulashim_gloria/Meshulashim_1.JPG'),
(8, 2, 'images/meshulashim_gloria/Meshulashim_2.JPG'),
(9, 2, 'images/meshulashim_gloria/Meshulashim_3.JPG'),
(10, 2, 'images/meshulashim_gloria/Meshulashim_4.JPG'),
(11, 4, 'images/roza_gloria/Roza_1.JPG'),
(12, 4, 'images/roza_gloria/Roza_2.JPG'),
(13, 4, 'images/roza_gloria/Roza_3.JPG'),
(14, 4, 'images/roza_gloria/Roza_4.JPG'),
(15, 4, 'images/roza_gloria/Roza_5.JPG'),
(16, 4, 'images/roza_gloria/Roza_6.JPG');

-- --------------------------------------------------------

--
-- Table structure for table `items`
--

CREATE TABLE IF NOT EXISTS `items` (
  `id` int(11) NOT NULL AUTO_INCREMENT,
  `category_id` int(11) NOT NULL,
  `name_en` varchar(255) NOT NULL,
  `name_he` varchar(255) NOT NULL,
  `desc_en` text NOT NULL,
  `desc_he` text NOT NULL,
  `price` float NOT NULL,
  `sort` int(11) NOT NULL,
  PRIMARY KEY (`id`),
  KEY `category_id` (`category_id`)
) ENGINE=InnoDB  DEFAULT CHARSET=utf8 AUTO_INCREMENT=1532 ;

--
-- Dumping data for table `items`
--

INSERT INTO `items` (`id`, `category_id`, `name_en`, `name_he`, `desc_en`, `desc_he`, `price`, `sort`) VALUES
(1, 2, 'Angus Burger', 'אנגוס בורגר', 'Angus Burger\n250 grams of quality entrecote beef with mayonnaise, mustard, barbecue, lettuce, onions, fried onions, pickles and tomatoes.', 'אנגוס בורגר\n250 גרם בשר אנטריקוט איכותי.  בתוספת מיונז, חרדל, ברביקיו, חסה, בצל, בצל מטוגן, מלפפון חמוץ ועגבניה.\nתוספות בתשלום לבחירה: פורטובלו 4 ₪ | ביצה 4 ₪ | 50 גר'' חזה אווז 8 ₪', 40, 100),
(2, 3, 'Angus Tortilla', 'טורטיה אנגוס', 'Angus Tortilla: 150 grams of quality Angus entrecote beef with mayonnaise, mustard, chimichurri, lettuce and tomato.', 'טורטיה אנגוס\n150 גרם נתחי אנטריקוט אנגוס איכותיים. בתוספת מיונז, חרדל, צ''ימיצ''ורי, חסה ועגבניה.\nתוספות בתשלום לבחירה: פורטובלו 4 ₪ | ביצה 4 ₪', 36, 101),
(3, 3, 'Pargit Tortilla', 'טורטיה פרגית', 'Spring Chicken Tortilla: \n150 grams of chicken marinated in Moroccan spices with mayonnaise, mustard, chimichurri, lettuce and tomato.', 'טורטיה פרגית\n150 גרם פרגיות במרינדה של תבלינים מרוקאים.  בתוספת מיונז, חרדל, צ''ימיצ''ורי, חסה ועגבניה.\nתוספות בתשלום לבחירה: פורטובלו 4 ₪ | ביצה 4 ₪', 34, 102),
(4, 3, 'Chicken Tortilla', 'טורטיה עוף', 'Chicken Tortilla\n150 grams of chicken in honey sauce marunade with mayonnaise, mustard, chipotle pepper, lettuce and tomato.\n', 'טורטיה עוף\n150 גרם נתחי חזה עוף במרינדת דבש.  בתוספת מיונז, חרדל, צ''יפוטלה, חסה ועגבניה.\nתוספות בתשלום לבחירה: פורטובלו 4 ₪ | ביצה 4 ₪', 32, 103),
(5, 1, 'Angus Salad', 'סלט אנגוס', 'Angus salad\n150 gram entrecote/spring chicken/goose breast.\nLettuce, baby greens, tomatoes, sacks, onion and mushrooms. Served with bread, chimmichuri,  and plenty of sauces to choose from.', 'סלט אנגוס\n150 גרם נתחי אנטריקוט | פרגית | חזה אווז.\nעלי חסה, עלי בייבי, עגבניות שקי, בצל סגול ופטריות. מוגש בתוספת לחם צי''מיצ''ורי ורטבים לבחירה. \nתוספות בתשלום לבחירה: 150 גרם חזה אווז או אטנריקוט 19 ₪ | 80 גר'' כבד אווז 30 ₪', 44, 104),
(6, 1, 'Chicken Salad', 'סלט עוף', 'Chicken Salad\n170 grams of sweet chicken breast. Chopped lettuce, mesculin, cucumber, cherry tomatoes, red onion and mushrooms. Served with garlic bread and sauces.', 'סלט עוף\n170 גרם חזה חות מתוק. עלי חסה קצוצים, עלי בייבי, רצועות מלפפון, עגבניות שרי, בצל סגול ופטריות. מוגש בתוספת לחם שום ורטבים.\nתוספות בתשלום לבחירה: פורטובלו 4 ₪ | ביצה 4 ₪ | 170 גר'' חזה עוף 18 ₪', 42, 105),
(7, 6, 'Angus Sandwich', 'אנגוס סנדוויץ', 'Angus Sandwich: 150 grams of quality Angus entrecote meat with mustard, chimichuri, lettuce, and tomatoes', 'סנדוויץ'' אנגוס\n150 גרם נתחי אנטריקוט אנגוס איכותיים. בתוספת חרדל, צ''ימיצ''ורי , חסה ועגבניה.\nתוספות בתשלום לבחירה: 50 גר'' חזה אווז 8 ₪ | 150 גר'' חזה אווז או אנטריקוט 19 ₪ | ביצה 4 ₪ | פורטובלו 4 ₪', 37, 106),
(8, 6, 'Double Angus Sandwich', 'דאבל אנגוס סנדוויץ', 'Double Angus Sandwich: 300 grams of quality Angus entrecote meat with mayonaise, mustard, chimichuri, lettuce, and tomatoes ', 'סנדוויץ'' דאבל אנגוס\n300 גרם נתחי אנטריקוט אנגוס איכותיים. בתוספת מיונז, חרדל, צ''ימיצ''ורי , חסה ועגבניה.\nתוספות בתשלום לבחירה: 50 גר'' חזה אווז 8 ₪  | ביצה 4 ₪ | פורטובלו 4 ₪\n', 56, 107),
(9, 6, 'King Angus Sandwich', 'קינג אנגוס סנדוויץ', 'King Angus Sandwich: 150 grams of quality Angus entrecote meat and 80 grams of goose liver with mayonaise, mustard, chimichuri, lettuce, and tomatoes ', 'סנדוויץ'' קינג אנגוס\n150 גרם נתחי אנטריקוט + 80 גר'' כבד אווז. בתוספת מיונז, חרדל, צ''ימיצ''ורי , חסה ועגבניה.\nתוספות בתשלום לבחירה: 50 גר'' חזה אווז 8 ₪  | ביצה 4 ₪ | פורטובלו 4 ₪', 67, 108),
(10, 6, 'Chicken Sandwich', 'סנדוויץ עוף', 'Chicken Sandwich: 170 grams of sweet chicken breast with mayonaise, sweet chilli sauce, garlic, lettuce, and tomatoes.', 'סנדוויץ'' עוף\n170 גרם חזה עוף מתוק.  בתוספת מיונז, צ''ילי מתוק, שום, חסה ועגבניה.\nתוספות בתשלום לבחירה: 170 גר'' חזה עוף 18 ₪ | פורטובלו 4 ₪', 33, 109),
(11, 6, 'Mallard Sandwich', 'סנדוויץ'' מולארד', 'Mallard Sandwich: 150 grams of quality goose breast with mayonaise, mustard, chimichuri, lettuce, and tomatoes ', 'סנדוויץ'' מולארד\n150 גר'' נתחי חזה אווז איכותיים.  בתוספת מיונז, חרדל, צ''ימיצ''ורי, חסה ועגבניה.\nתוספות בתשלום לבחירה: 50 גר'' חזה אווז 8 ₪ | ביצה 4 ₪ | פורטובלו 4 ₪', 37, 110),
(12, 6, 'Mediterranean Sandwich', 'סנדוויץ ים תיכוני', 'Mediterranean Sandwich: 150 grams spring chicken with our special home made spice blend. Comes with mayonaise, tehina, spicy chilli sauce, lettuce, and tomatoes', 'סנדוויץ'' ים תיכוני\n150 גר'' פרגיות בתיבול הבית.  בתוספת מיונז, טחינה, צ''ילי חריף, חסה ועגבניה.\nתוספות בתשלום לבחירה:  פורטובלו 4 ₪', 35, 111),
(13, 6, 'Vegetarian Sandwich', 'סנדוויץ'' צמחוני', 'Vegetarian Sandwich: Mesclun leaves, red onion, tomatoes, portobello mushroom, lettuce, onion rings, and a fried egg.', 'סנדוויץ'' צמחוני\nעלי בייבי, בצל סגול, עגבניות, פורטובלו, חסה, טבעות בצל, ביצת עין ועגבניות טריות.\nרטבים לבחירה: מיונז|  פסטו | ברביקיו | צ''ילי מתוק\n', 33, 112),
(14, 5, 'Coca Cola Zero', 'קוקה קולה', '', '', 8, 113),
(15, 5, 'Fuze Tea', 'פיוז טה', '', '', 8, 114),
(16, 5, 'Prigat Grape', 'פריגת ענבים', '', '', 8, 115),
(17, 5, 'Coca Cola Zero', 'קוקה קולה זירו', '', '', 8, 116),
(18, 5, 'Diet Coke', 'דייט קוקה קולה', '', '', 8, 117),
(19, 5, 'Fanta', 'פנטה', '', '', 12, 118),
(20, 5, 'Large Coca Cola', 'בקבוק קוקה קולה גדול', '', '', 12, 119),
(21, 5, 'Large Coca Cola Zero', 'בקבוק פיוז טה גדול', '', '', 12, 120),
(22, 4, 'Small Sweet Potato Fries', 'צ''יפס בטטה- קטן\n', '', '', 14, 121),
(23, 4, 'American Fries', 'צ''יפס אמריקאי', '', '', 14, 122),
(24, 4, 'Onion Rings', 'טבעות בצל', '', '', 14, 123),
(25, 4, 'Mexican Nachos', 'נאצ''וס מקסיקני מטוגן', '', '', 12, 124),
(26, 4, 'Crispy Chicken Wings', 'כנפי עוף קריספיות ברוטב', '', '', 25, 125),
(27, 4, 'Large Sweet Potato Fries', 'צ''יפס בטטה- גדול', '', '', 25, 126),
(28, 7, 'Xl Pie', 'XL פאי', '', '', 65, 127),
(29, 7, 'Xl + Toppings', 'XL + תוספות', '', '', 75, 128),
(30, 7, 'Meshulashim Pie', 'פאי משלושים', 'Tomato sauce, mozzarella, garlic confit, sun-dried tomatoes and spicy peppers', 'רוטב עגבניות, מוצרלה, שום קונפי, עגבניות מיובשות ופלפלים חריפים', 32, 129),
(31, 7, 'Margarita', 'מרגריטה', 'Tomato sauce, mozzarella, basil and olive oil', 'רוטב עגבניות, מוצרלה, בזיליקום ושמן זית', 28, 130),
(32, 7, 'Gluten Free', 'ללא גלוטן', 'Tomato sauce, mozzarella and olive oil', 'רוטב עגבניות, מוצרלה ושמן זית', 35, 131),
(33, 8, 'Meshulashim Toast', 'משולשים טוסט', 'Bagel toasted with Bulgarian spread and mozzarella, tomatoes, Kalamata olives, Za''atar and olive oil', 'בייגל פתוח, בולגרית למריחה מוצרלה, עגבנייה, זיתי קלמטה, זעתר ושמן זית', 25, 132),
(34, 8, 'Bagel Toast', 'בייגל טוסט', 'Bagel with tomato sauce, mozzarella, basil and olive oil, served with 2 toppings of your choice', 'רוטב עגבניות, מוצרלה, בזיליקום ושמן זית מוגש עם שתי תוספות לבחירה', 25, 133),
(35, 8, 'Crispy Capricci', 'קריספי קפרזה', 'Oven baked foccaccia with cherry tomatoes, Kalamata olives, feta cheese, basil, oregano and olive oil', 'פוקצ''ה עשיה בתנור לבנים, עגבניות שרי, זיתי קלמטה, גבינת פטה, בזיליקום, אורוגולה ושמן זית', 25, 134),
(36, 9, 'Meshulashim Salad', 'סלט משולשים', 'Selection of market vegetables, olive oil and lemon, bulgarian cheese', 'מבחר ירקות השוק, שמן זית לימון וגבינה בולגרית', 28, 135),
(37, 9, 'Tuna Salad', 'סלט טונה', 'Mixed leaves, cherry tomatoes, cucumbers, peppers, purple onion, hard-boiled egg, seasoned tuna, lemon and olive oil', 'שלל עלים, עגבניות שרי, מלפפון, פלפלים, בצל סגול, ביצה קשה וטונה מתובלים בלימון ושמן זית', 28, 136),
(38, 9, 'Greek Salad', 'סלט יווני', 'Cucumbers and chopped tomatoes on a bed of lettuce, feta cheese, red onion, roasted peppers, Kalamata olives, za''atar, lemon and olive oil', 'מלפפון ועגבניות קצוצים על מצע חסות, פטה מגורדת,\nבצל סגול, פלפל קלוי, זיתי קלמטה, זעתר, לימון ושמן זית', 28, 137),
(39, 10, 'Meshulashim Pasta', 'משולשים פסטה', 'Stir-fried mushrooms, onion and sun-dried tomatoes with herbs, garlic and olive oil', 'פטריות בצל ועגבניות מיובשות מוקפצים בעשבי תיבול שום ושמן זית', 28, 138),
(40, 10, 'Alfredo', 'אלפרדו', 'Stir-fried champignon mushrooms in a creamy garlic and wine sauce', 'בצל ופטריות שמפניון מוקפצים, שמנת, שום ויין לבן', 28, 139),
(41, 10, 'Pasta Roza', 'פסטה רוזה', 'Creamy tomato sauce, seasoned with garlic and white wine', 'רוטב עגבניות שמנת שום ויין לבן', 28, 140),
(42, 10, 'Arrabiata', 'ארביאטה', 'Tomato sauce, garlic, basil and olive oil', 'רוטב עגבניות שום, בזיליקום ושמן זית', 28, 141),
(43, 10, 'Cheese Ravioli', 'רביולי גבינה', 'In a cream sauce, seasoned with garlic and fresh basil', 'שמנת, שום, ובזיליקום טרי', 32, 142),
(44, 10, 'Sweet Potato Ravioli', 'רביולי בטטה', 'Creamy sauce ', 'רוטב שמנת', 32, 143),
(45, 11, 'Cheese Bureka', 'בורקס גבינה', '', '', 10, 144),
(46, 11, 'Potato Bureka', 'בורקס תפו״א', '', '', 10, 145),
(47, 11, 'Deluxe Bureka', 'בורקס פינוק', 'Deluxe Borekas - tehina, tomato, pickles, harisa, hard boiled egg', 'בורקס פינוק - טחינה, עגבנייה, מלפפון, חמוץ, אריסה, ביצה קשה', 18, 146),
(48, 11, 'Edamame', 'אדממה', 'Seasoned with salt and lemon juice', 'בתיבול מלח ולימון', 15, 147),
(49, 11, 'Home Fries', 'הום פרייז', '', '', 28, 148),
(50, 11, 'Fries', 'צ''פס', '', '', 18, 149),
(51, 12, 'Coca Cola', 'קוקה קולה', '', '', 10, 150),
(52, 12, 'Coca Cola Zero', 'קוקה קולה זירו', '', '', 10, 151),
(53, 12, 'Fuze Tea', 'פיוז טה', '', '', 10, 152),
(54, 12, 'Prigat Grape', 'פריגת ענבים', '', '', 10, 153),
(55, 12, 'Diet Coke', 'דייט קוקה קולה', '', '', 10, 154),
(56, 12, 'Sprite', 'ספרייט', '', '', 10, 155),
(57, 13, 'Kid''s Meal', 'ארוחת ילדים', 'Pasta in tomato sauce / toast / pizza, with cup of ''Vitaminchik'', cut vegetables', 'פסטה עגבניות / טוסט / פיצה מוגש עם כוס ויטמינצ''יק וירקות פרוסים', 25, 156),
(58, 14, 'Shawarma', 'שווארמה', 'Bandora Shawarma: Veal or spring chicken', 'שווארמה בנדורה: עגל/ פרגיות', 0, 157),
(59, 14, 'Super Spicy Bandora', 'בנדורה חריף אש', 'Bandora Supreme: Pieces of veal/spring chicken shawarma, grilled onion, spicy pepper, and grilled tomatoes', 'בנדורה מחוזקת - לרציניים בלבד!! נתחי עגל/פרגית מחוזקת בטעמים על פלאנצ׳ה לוהטת בתוספת בצל, פלפל חריף אש ועגבנית צלויות על פחמים (צמרמורת!!)', 0, 158),
(60, 14, 'Bandura Mixed Grill', 'בנדורה מעורב על הגריל', 'Bandora the Barbarian''s Mixed Grill: chicken hearts, livers, sauted onion, grill spices from the Levinsky Market, and seared herbs', 'מעורב בנדורה של הברברי : לבבות, כבדים ובצל שרוף, תערובת תבלינים משוק לווינסקי ועשבי תיבול זרוקים על פחמים', 0, 159),
(61, 14, 'Beef Kabab', 'קבב בשר', 'Kebab: a mix of ground meat with grilled vegetables', 'קבב שעושים ביד: תערובת בשר טחון של הטורקי וירקות צלויים ', 0, 160),
(62, 14, 'Merguez Sausage', 'נקנקיות מרגז', 'Merguez Sausage', 'נקניקיות מרגז', 0, 161),
(63, 14, 'Chicken Skewers', 'שיפודי עוף', 'Jumbo Marakesh Spring Chicken Skewers: skewers spiced with harissa, cumin, hawaij, garlic, and herbs', 'שיפוד פרגית ג׳מבו מרקש: שיפוד פרגית מתובלת בתבלין אריסה, כמון, שום ועשבי תבול', 0, 162),
(64, 14, 'Chicken Breast', 'חזה עוף', 'Marinated Chicken Breast: chicken breast spiced with paprika, cumin, hawaij, and coarse black pepper', 'חזה עוף במרינדה של תבליני שוק: פרוסות חזה עוף מתובל בפפריקה, כמון, חוואייג׳ ופלפל שחור גרוס. ', 0, 163),
(65, 15, 'Bandora Express', 'סלט נדורה', 'Bandora Express: green salad dressed with olive oil and lemon, pieces of shawarma/spring chicken/turkey strips, grilled onion, tehina, sumak, and parsley ', 'בנדורה אקספרס: סלט ירקות חתוך דק מתובל בשמן זית ולימון, נתחי שווארמה פרגית או רצועות חזה עוף, בצל שרוף, טחינה של סעיד, סומק ופטרוזיליה', 42, 164),
(66, 15, 'Amami Salad', 'סלט עממי', 'Ammami Salad: green salad dressed with za''atar and lemon, pita chips, pieces of shawarma/spring chicken, grilled onion, pinenuts, and tehina', 'סלט עממי שיושב טוב בבטן: סלט ירקות חתוך דק מתובל בזעתר ולימון, שברי פיתה צלויה, נתחי שווארמה עגל או רצועות חזה עוף, בצל שרוף, צנוברים, טחינה של סעיד, סומק ופטרוזיליה', 42, 165),
(67, 15, 'Medura', 'מדורה', 'Medura Plate: Tomatoes, onions, hot peppers, and tehina, garnished with a sprig of parsley', 'צלחת מדורה: עגבניות, בצלים ופלפ אש שרופים, בים של טחינה וקצת פטרוזיליה לפינוק', 19, 166),
(68, 16, 'Chummus And Techina', 'חומוס עם טחינה', 'Chummus, tehina, olive oil, and pinenuts', 'חומוס, טחינה, שמן זית וסחרחורת של צנוברים', 25, 167),
(69, 16, 'Mixed Meat Chummus', 'חומוס עם בשר מעורב', 'Mixed Grill Chummus', 'חומוס מעורב (בתקרית בטחונית) בתוספת רצועות הודו, טחול, ללבות ובצל שרוף על פחמים', 39, 168),
(70, 16, 'Chummus Bandora', 'חומוס בנדורה', 'Chummus Bandora', 'חומוס בנדורה - חומוס, נתחי שווארמה עגל/פרגיות עסיסיים בתוספת בצל שרוף וצנוברים', 39, 169),
(71, 17, 'Coca Cola', 'קוקה קולה', '', '', 10, 170),
(72, 17, 'Fuze Tea', 'פיוז טה', '', '', 10, 171),
(73, 17, 'Prigat Grape', 'פריגת ענבים', '', '', 10, 172),
(74, 17, 'Coca Cola Zero', 'קוקה קולה זירו', '', '', 10, 173),
(75, 17, 'Diet Coke', 'דייט קוקה קולה', '', '', 10, 174),
(76, 17, 'Fanta', 'פנטה', '', '', 10, 175),
(77, 17, 'Large Coca Cola', 'בקבוק קוקה קולה גדול', '', '', 14, 176),
(78, 17, 'Large Fuze Tea', 'בקבוק פיוז טי גדול', '', '', 14, 177),
(79, 18, 'Baladi Eggplant In Tahini', 'חציל בלאדי בטחינה ירוקה', 'Plus salsa and olive oil', 'בתוספת סלסה ושמן זית', 22, 178),
(80, 18, 'Cauliflower Tahini', 'כרובית בטחינה', 'With sweet chili', 'בליווי צ''ילי מתוק', 26, 179),
(81, 18, 'Sourdough Bread And Four Homemade Dips', 'לחם מחמצת וארבעה מטבלי הבית', '', '', 18, 180),
(82, 18, 'Focaccias', 'פוקצ''ה מתבלים', 'Comes with five types of dips', 'חמישה סוגי מטבלים משתנים', 28, 181),
(83, 18, 'Sweet Potato Fries With A Touch Of Maple', 'צ''יפס בטטה בנגיעות מייפל', '', '', 18, 182),
(84, 18, 'Soup Of The Day', 'מרק היום- שאל את הטלפן', '', '', 22, 183),
(85, 18, 'Tempura Chicken Fillet', 'פילה עוף טמפורה', 'Drizzled with sweet chili', 'על מצע צ''ילי מתוק', 28, 184),
(86, 18, 'Stir Fried Mushrooms', 'פטריות מוקפצות', 'Portobello Mushrooms and teriyaki sauce', 'שמפיניון ופורטובלו ברוטב טריאקי', 33, 185),
(87, 19, 'Sandwich Chicken', 'סנדוויץ'' עוף', 'Chicken strips grilled with fried onion spread with guacamole and roasted peppers', 'נתחי עוף בגריל עם בצל מטוגן, ממרח גוואקאמולי ופלפל קלוי', 43, 186),
(88, 19, 'Steak Sandwich', 'סטייק סנדוויץ''', 'Entrecote strips stirfried together with fried onion and Dijonnaise sauce', 'נתחי אנטריקוט מוקפצים עם בצל מטוגן בממרח דיז''ונז''', 45, 187),
(89, 19, 'Sandwich Sloppy Joe', 'סנדוויץ'' סלופי ג''ו', 'Chopped lamb pieces in a salsa and Dijonnaise sauce', 'נתחי טלה קצוצים ברוטב סלסה וממרח דיז''ונז''', 43, 188),
(90, 19, 'Sandwich Schnitzel Rosa', 'סנדוויץ'' שניצל רוזה', 'Shnitzel with house blend spices served wiht a choice of sauces and green vegetables', 'שניצל בתיבול ביתי מוגש עם מבחר רטבים בליווי ירקות טריים', 41, 189),
(91, 20, 'House Burger 150G', 'המבורגר הבית 150 גרם', '100% fresh beef from select cuts', '100% בשר בקר טרי מחלקים מובחרים', 32, 190),
(92, 20, 'The House Burger 250G', 'המבורגר הבית 250 גרם', '100% fresh beef from select cuts', '100% בשר בקר טרי מחלקים מובחרים', 39, 191),
(93, 20, 'Rosa Burger 220 Grams', 'המבורגר רוזה 220 גרם', '100% lamb meat with house blend spices', '100% בשר טלה משובח בתיבות הבית', 39, 192),
(94, 20, '220 Gram Entrecote Hamburger', 'המבורגר אנטריקוט 220 גרם', '', '', 41, 193),
(95, 21, 'Tortilla Chicken', 'טורטיה עוף', 'Chicken strips stirfried with onion and tehina', 'נתחי חזה עוף מוקפצים עם בצל וטחינה', 42, 194),
(96, 21, 'Tortilla Chicken Liver', 'טורטיה כבד עוף', 'Chicken liver stirfried with onion and our house sauces', 'כבדי עוף מוקפצים עם בצל ברטבי הבית', 41, 195),
(97, 21, 'Tortilla Kebab', 'טורטיה קבב', 'Small kebabs with tehina and salsa', 'קבבונים בטחינה ביתית וסלסה', 44, 196),
(98, 21, 'Tortilla Entrecote', 'טורטיה אנטריקוט', 'Entrecote strips stirfried with onion and Dijonnaise sauce', 'נתחי אנטריקוט מוקפצים עם בצל מטוגן בממרח דיז''ונז''', 46, 197),
(99, 21, 'Tortilla Lamb', 'טורטיה טלה', 'Spicy lamb sausages spread with guacamole', 'נקניקיות טלה פיקנטיות וממרח גוואקמולי', 44, 198),
(100, 22, 'Satay Chicken Salad', 'סלט סאטה עוף', 'Chicken breast coated in peanut sauce on a base of green salad', 'חזה עוף מושרה בחמאת בוטנים על מצע סלט ירוק', 44, 199),
(101, 22, 'Veal Salad', 'סלט נתחי עגל', 'Stirfried veal pieces with onion on a bed of greens with peanut sauce and gourmet tehina', 'נתחי עגל מוקפצים עם בצל על מצע סלט ירוק ברוטב חמאת בוטנים וטחינה גולמית', 46, 200),
(102, 22, 'Chicken And Goose Breast Salad', 'סלט עוף עם חזה אווז', 'Stirfried pieces of chicken and aged goose breast on a green salad base, mixed with roasted peppers', 'נתחי עוף מוקפצים עם חזה אווז מעושן על מצע סלט ירוק ופלפל קלוי', 47, 201),
(103, 22, 'Roast Beef Salad', 'סלט רוסטביף', 'Hot roast beef on a bed of greens, roast peppers, topped with a fried egg, croutons and Dijonnaise sauce', 'רוסטביף חם על מצע סלט ירוק ופלפל קלוי בתוספת ביצת עין , קרוטונים ודיזו''נז''', 47, 202),
(104, 22, 'Chicken Liver Salad', 'סלט כבדי עוף', 'Chicken livers in maple sauce, pears, walnuts and cranberries on a bed of greens', 'כבדי עוף בניחוח מייפל, אגסים, אגוזי מלך וחמוציות על מצע של סלט ירוק', 44, 203),
(105, 22, 'Green Salad', 'סלט ירוק', 'Lettuce, baby leaves, purple onion, cherry tomatoes, cucumber, avocado (when in season) in a mustard vinaigrette sauce', 'חסה, עלי בייבי, בצל סגול, עגבניות שרי, מלפפון, אבוקדו (בעונה)', 27, 204),
(106, 22, 'Israeli Salad', 'סלט ערבי', 'Cucumbers, tomatoes, parsley, onoin in olive oil and lemon sauce', 'מלפפון, עגבניות, פטרוזיליה, בצל ברוטב שמן זית ולימון', 32, 205),
(107, 23, 'Fettuccini In Tomato Sauce', 'פטוצ''יני עגבניות', 'Made with grilled plum tomatoes and garlic with olive oil and fresh herbs.', 'עגבניות תמר צלויות בגריל עם שום, שמן זית וריחן טרי', 34, 206),
(108, 23, 'Chicken Fettuccini ', 'פטוצ''יני עוף', 'Stirfried chicken pieces in olive oil, seasoned with green herbs', 'נתחי עוף מוקפצים בעשבי תיבול ושמן זית', 45, 207),
(109, 23, 'Bolognese', 'בולונז', 'Fettuccini with minced lamb meat in a roasted plum tomato sauce', 'בשר טלה טחון במקום, פטוצ''יני ברוטב עגבניות תמר צלויות', 45, 208),
(110, 23, 'Fettuccini With Chicken Livers', 'פטוצ''יני כבד עוף', 'Chicken Livers, Mirin sauce, fresh herbs and mushrooms', 'כבד עוף, מירין, עשבי תיבול ופטריות', 46, 209),
(111, 23, 'Fettuccini Entrecote', 'פטוצ''יני אנטריקוט', 'With pan-seared entrecot pieces and shallots, champignon mushrooms and Mirin sauce', 'נתחי אנטריקוט צרובים במחבת לצד בצלי שאלוט, פטריות שמפניון ומירין', 48, 210),
(112, 24, 'Vegetarian Noodles', 'נודלס צמחוני', 'Egg noodles stirfried with carrot, variety of peppers and soya sauce', 'אטריות ביצים מוקפצות עם גזר, בצל ופלפלים צבעוניים ברוטב סויה', 36, 211),
(113, 24, 'Chicken Noodles', 'נודלס עוף', 'Egg noodles stirfried with carrot, variety of peppers, soya sauce and chicken pieces', 'אטריות ביצים מוקפצות עם גזר, בצל, פלפלים צבעוניים ברוטב סויה עם נתחי עוף', 46, 212),
(114, 24, 'Beef Noodles', 'נודלס בקר', 'Egg noodles stirfried with carrot, variety of peppers, soya sauce and beef pieces', 'אטריות ביצים מוקפצות עם גזר, בצל ופלפלים צבעוניים ברוטב סויה עם נתחי בקר', 48, 213),
(115, 25, 'Jerusalem Foccaccia', 'פוקצ''ה ירושלמית', 'Jerusalem Mix with tehina, amba sauce and parsley', 'מעורב ירושלמי בתוספת טחינה, עמבה ופטרוזיליה', 52, 214),
(116, 25, 'Lamb Sausage Foccaccia (Spicy)', 'פוקצ''ה נקניקיות טלה חריף', 'Lamb sausage, baby leaves, onion and Dijonnaise sauce', 'נקניקיות טלה, עלי בייבי, שרי, בצל וממרח דיז''ונז''', 52, 215),
(117, 25, 'Kebab Foccaccia', 'פוקצ''ה קבב', 'Kebab on a bed of baladi eggplant, salsa and parsley', 'קבב על מצע חציל באלדי, סלסה ופטרוזיליה', 52, 216),
(118, 26, 'Spring Chicken With Green Herbs', 'פרגיות בעשבי תיבול', 'One a bed of green rice ', 'על מצע אורז ירוק', 58, 217),
(119, 26, 'Spring Chicken With Peanut Butter Sauce', 'פרגיות בחמאת בוטנים', 'On a bed of noodles', 'על מצע נודלס', 58, 218),
(120, 26, 'Home Style Schnitzel', 'שניצל הבית', 'Chicken breast fried with panko and breadcrumbs and herbs on a bed of mashed potato ', 'חזה עוף מטוגן מציפוי פירורי לחם ופנקו בתיבול הבית. מוגש עם פירה וסלט אישי', 56, 219),
(121, 26, 'Entrecote Skewer', 'שיפוד אנטריקוט', 'With a side of potato salad and chimichurri sauce', 'צוגש בתוספת פוטטו וסלט אישי בליווי רוטב צ''ימיצ''ורי', 48, 220),
(122, 26, 'Entrecote', 'סטייק אנטריקוט', 'Comes with potatos and salad', 'בתוספת פוטטו וסלט אישי', 95, 221),
(123, 27, 'Chicken Nuggets', 'שניצלונים', '', '', 35, 222),
(124, 27, 'Wings', 'כנפיים', '', '', 28, 223),
(125, 27, 'Home Fries (Potatoes)', 'צ''יפס הבית (פוטטוס)', '', '', 15, 224),
(126, 27, 'Onion Rings', 'טבעות בצל', '', '', 17, 225),
(127, 27, 'American Fries', 'צ''יפס אמריקאי', '', '', 17, 226),
(128, 28, 'American Fries + Chicken Nuggets', 'שניצלונים + צ''יפס אמריקאי', '', '', 38, 227),
(129, 28, 'American Burger + Chips', 'בורגר + צ''יפס אמריקאי', '', '', 38, 228),
(130, 28, 'Fettuccine Tomato', 'פטוצ''יני עגבניות', '', '', 28, 229),
(131, 29, 'Coca-Cola 0.5 Liters', 'קוקה קולה 0.5 ליטר', '', '', 11, 230),
(132, 29, '0.5 Liters Of Diet Coke', 'דיאט קולה 0.5 ליטר', '', '', 11, 231),
(133, 29, 'Coke Zero 0.5 Liters', 'קולה זירו 0.5 ליטר', '', '', 11, 232),
(134, 29, 'Sprite 0.5 Liters', 'ספרייט 0.5 ליטר', '', '', 11, 233),
(135, 29, 'Diet Sprite 0.5 Liters', 'דיאט ספרייט 0.5 ליטר', '', '', 11, 234),
(136, 29, 'Diet Sprite 0.5 Liters', 'דיאט ספרייט 0.5 ליטר', '', '', 11, 235),
(137, 29, 'Fanta 0.5 Liters', 'פאנטה 0.5 ליטר', '', '', 11, 236),
(138, 29, 'Prigat 0.5 Liters Of Orange', 'פריגת תפוזים 0.5 ליטר', '', '', 11, 237),
(139, 29, 'Prigat Grapes 0.5 Liters', 'פריגת ענבים 0.5 ליטר', '', '', 11, 238),
(140, 29, 'Prigat Grapefruit 0.5 Liters', 'פריגת אשכוליות 0.5 ליטר', '', '', 11, 239),
(141, 29, 'Nestea Peach 0.5 L', 'נסטי אפרסק 0.5 ליטר', '', '', 11, 240),
(142, 29, 'Peach Flavored Water 0.5 Liter', 'מים בטעם אפרסק 0.5 ליטר', '', '', 11, 241),
(143, 29, 'Apple Flavored Water 0.5 Liter', 'מים בטעם תפוח 0.5 ליטר', '', '', 11, 242),
(144, 29, 'Grape Flavored Water 0.5 Liter', 'מים בטעם ענבים 0.5 ליטר', '', '', 11, 243),
(145, 29, 'Personal Mineral Water', 'מים מינרליים אישי', '', '', 9, 244),
(146, 29, 'Personal Soda', 'סודה אישי', '', '', 9, 245),
(147, 29, 'Malt', 'בירה שחורה', '', '', 12, 246),
(148, 30, '#87 Japan Roll', 'ג''אפן רול  #87', 'Hot denis fish, lemon fillet, avocado, green onion and crushed peanuts, wrapped in tempura and black sesame, served with yuzu cream sauce', 'דניס חם, קרם יוז''ו, פילה לימון, אבוקדו ובצל ירוק, עטוף בשבבי בוטנים, טמפורה ושומשום שחור.', 43, 247),
(149, 30, '#88 Grilled Denis roll', 'דניס גריל  #88', 'Grilled Denis fish, avocado, asparagus, cucumber and shiitake mushrooms wrapped in denis and yellow salmon, served with wasabi cream', 'פטריות שיטאקי, אבוקדו, אספרגוס ומלפפון, עטוף בדניס וסלמון צרוב בנגיעות קרם וואסבי.', 45, 248),
(150, 30, '#89 Hot Denis roll', 'דניס הוט רול  #89', 'Denis fish, avocado, sweet potato, and tamago wrapped in hot panko crumbs, drizzled with teriyaki sauce', 'דניס, אבוקדו, בטטה וטמאגו (חביתה יפנית), עטוף בפנקו (פירורי לחם יפניים) חם וזילוף טריאקי.', 36, 249),
(151, 30, '#90 Basket roll', 'סלסלה רול  #90', 'Spicy tuna, chives, and avocado, wrapped in red tuna, served with chili mayonnaise sauce', 'טונה פיקנטית, עירית ואבוקדו עטוף בטונה אדומה בזילוף קרם צ''ילי.', 43, 250),
(152, 30, '#91 Samurai Roll', 'סמוראי רול  #91', 'Salmon tempura, avocado, cucumber and green onion wrapped in seared salmon shell, served with chili mayonnaise cream', 'סלמון בטמפורה, אבוקדו, מלפפון ובצל ירוק, במעטפת סלמון צרוב ובזילוף קרם צ''ילי.', 43, 251),
(153, 30, '#92 Rainbow Roll', 'ריינבואו #92', 'Cucumbers, carrots, kampyo, avocado and shiitake mushrooms wrapped in a red tuna and yellowtail salmon shell, drizzled with yuzu cream sauce', 'מלפפון, גזר, קנפיו (דלעת יפנית), אבוקדו ופטריות שיטאקה במעטפת סלמון, טונה אדומה ויילוטייל בזילוף קרם יוז''ו.', 43, 252),
(154, 30, '#93 Crazy Roll', 'קרייזי רול  #93', 'Hot tempura / Fotomaki roll filled with salmon, avocado, shiitake mushrooms, chives, drizzled with teriyaki sauce and creamy chili mayonnaise', 'פוטומאקי טמפורה חם במילוי סלמון, אבוקדו, פטריות שיטאקי ועירית, בזילוף טריאקי וקרם צ''ילי.', 40, 253),
(155, 30, '#94 Volcano Roll', 'וולקנו רול #94', 'Spicy tuna rolled with shiitake mushrooms, asparagus and green onions wrapped in avocado, served with wasabi cream', 'ספייסי טונה אספרגוס פטריות שיטקה ובצל ירוק במעטפת אבוכדו ובזילוף קרם וואסאבי', 38, 254),
(156, 30, '#95 Saki Roll', 'סאקה רול  #95', 'Salmon skin/sweet potato tempura, avocado and kampyo in a fresh Norwegian salmon shell, garnished with chopped chives, drizzled with teriyaki sauce and yuzu cream sauce', 'סלמון סקין, בטטה בטמפורה, קנפיו (דלעת יפנית) ואבוקדו במעטפת סלמון נורבי טרי ונגיעות ירית קצוצה בזילוף קרם טריאקי וקם יוזו.', 41, 255),
(157, 30, '#96 Spicy Veggie Rolll', 'ספייסי ווג'' רול #96', 'Sweet potato, chives, cucumber, avocado mixed with spicy mayonnaise in a tamago shell, drizzled with teriyaki sauce', 'בטטה, עירית, מלפפון, אבוקדו, פטריות שיטאקה וספייסי מיונז במעטפת טמאגו (חביתה יפנית) וזילוף טריאקי.', 33, 256),
(158, 30, '#97 Alaska Roll', 'אלסקה רול  #97', 'Salmon skin and tofu in tempura, avocado, cucumber, chives and kampyo in a shell of tempura chips and sesame, drizzled with teriyaki sauce', 'סלמון סקין, טופו טמפורה, אבוקדו, מלפפון, עירית וקנפיו (דלעת יפנית) במעטפת שבבי טמפורה, שומשום ונגיעות טריאקי.', 36, 257),
(159, 31, '#100 Saki Maki', 'סאקה מאקי  #100', 'Salmon and avocado filling', 'רול במילוי סלמון ואבוקדו', 22, 258),
(160, 31, '#101 Taki Maki', 'טאקה מאקי #101', 'Red tuna and avocado filling', 'רול במילוי טונה אדומה ואבוקדו', 22, 259),
(161, 31, '#102 Hamachi Maki', 'המאצ''י מאקי  #102', 'Yellowtail salmon, kampyo and avocado filling', 'רול במילוי יילוטייל, קנפיו (דלעת יפנית) ואבוקדו', 22, 260),
(162, 31, '#103 Spicy Saki Maki', 'ספייסי סאקה מאקי  #103', 'Spicy salmon and avocado filling', 'רול במילוי ספייסי סלמון ואבוקדו', 22, 261),
(163, 31, '#104 Spicy Taki Maki', 'ספייסי טאקה מאקי  #104', 'Spicy red tuna and avocado filling', 'רול במילוי ספייסי טונה אדומה ואבוקדו', 22, 262),
(164, 31, '#105 Suzuki Maki', 'סוזוקי מאקי  #105', 'Denis fish and green onions', 'רול במילוי סי בס ובצל ירוק', 22, 263),
(165, 31, '#106 Kapa Maki', 'קאפה מאקי  #106', 'Cucumber filling', 'רול במילוי מלפפון', 16, 264),
(166, 31, '#107 Avocado Maki', 'אבוקדו מאקי  #107', 'Avocado filling', 'רול במילוי אבוקדו', 16, 265),
(167, 31, '#108 Kampyo Maki', 'קנפיו מאקי  #108', 'Slightly sweet pickled strips of squash filling', 'רול במילוי רצועות דלעת כבושה מתקתקה', 16, 266),
(168, 31, '#109 Asparagus Maki', 'אספרגוס מאקי  #109', 'Asparagus filling', 'רול במילוי אספרגוס', 16, 267),
(169, 31, '#110 Shiitake Maki', 'שיטאקה מאקי  #110', 'Shittaki mushroom filling', 'רול במילוי פטריות שיטאקי מתקתקות', 16, 268),
(170, 31, '#111 Tamago Maki', 'טמאגו מאקי  #111', 'Japanese omelette filling', 'רול במילוי אומלט יפני', 16, 269),
(171, 32, '#119 Vegetarian', 'רול טבעוני  #119', 'Avocado, cucumber, carrots and green onions wrapped in tempura chips and black sesame', 'מלפפון, אבוקדו, גזר ובצל ירוק, במעטפת שבבי טמפורה ושומשום שחור.', 27, 270),
(172, 32, '#120 Salmon and avocado', 'סלמון ואבוקדו  #120', 'Wrapped in tempura chips and black sesame', 'סלמון ואבוקדו במעטפת שבבי טמפורה ושומשום', 32, 271),
(173, 32, '#121 Red tuna', 'טונה אדומה  #121', 'Cucumber and avocado wrapped in tempura chips and black sesame', 'טונה אדומה, מלפפון ואבוקדו במעטפת שבבי טמפורה ושומשום', 32, 272),
(174, 32, '#122 Spicy salmon', 'ספייסי סלמון  #122', 'Salmon, avocado, green onion wrapped in tempura chips and black sesame', 'ספייסי סלמון, אבוקדו ובצל ירוק במעטפת שבבי טמפורה ושושמום.', 32, 273),
(175, 32, '#123 Spicy tuna', 'ספייסי טונה  #123', 'Tuna, avocado, green onion wrapped in tempura chips and black sesame', 'ספייסי טונה, אבוקדו ומלפפון במעטפת שבבי טמפורה ושומשום', 32, 274),
(176, 32, '#124 Salmon Wasabi', 'סלמון וואסבי  #124', 'Salmon, avocao, kampyo and asparagus wrapped in yellowtail salmon and wasabi cream sauce', 'סלמון אספרגוס, קנפיו (דלעת יפנית) ואבוקדו במעטפת סלמון צרוב וקרם וואסבי', 34, 275),
(177, 32, '#125 Veggie roll', 'Vג''י רול  #125', 'Avocado, shiitake mushrooms and sweet potato in tempura and asparagus wrapped in tamago drizzled with teriyaki sauce', 'פטריות שיטאקה, אבוקדו, בטטה בטמפורה ואספרגוס במעטפת טמאגו (חביתה יפנית) ונגיעות טריאקי', 28, 276),
(178, 32, '#126 Saka Sake roll', 'סאקה סאקי רול  #126', 'Crispy salmon skin, kampyo tamago and asparagus wrapped in tempura chips drizzled with teriyaki sauce', 'קריספי סלמון סקין, אספרגוס, קנפיו (דלעת יפנית) וטמאגו (חביתה יפנית) במעטפת שבבי טמפורה וזילוף טריאקי.', 32, 277),
(179, 32, '#127 Kinugushi roll', 'קינוגושי רול  #127', 'Tofu in tempura, shiitake mushrooms, cucumber and sweet potato wrapped in avocado drizzled with teriyaki sauce', 'טופו בטמפורה, מלפפון, פטריות שיטקה ובטטה בטמפורה במעטפת אבוקדו וטריאקי.', 32, 278),
(180, 32, '#128 Hot Salmon', 'סלמון חם  #128', 'Salmon cooked in teriyaki sauce, avocado and sweet potato in tempura and asparagus wrapped in tamago drizzled with teriyaki sauce', 'סלמון מבושל בטריאקי, אבוקדו, בטטה בטמפורה ואספרגוס במעטפת טמאגו (חביתה יפנית)', 35, 279),
(181, 45, '#129 Build your own Maki Roll - one type of fish and two vegetables', 'רול בהרכבה אישית - דג אחד ושתי תוספות  #129', 'Fish: Salmon / Red tuna / Yellowtail Salmon / Spicy Salmon / Spicy Tuna / Hot Salmon / Sea Bass / Tempura coated Tofu                           Vegetables: Avocado / Cucumber / Kampyo / Tempura coated sweet potato / Asparagus / Carrots / Green onion / Tamago', 'סלמון / טונה אדומה / יילוטיל / ספייסי סלמון / ספייסי טונה / סלמון חם / סייבס / טופו בטמפורה.                        תוספות: אבוכדו / מלפפון / קנפיז / שיטקה / בטטה בטמפורה / אספרגוס / גזר / בצל ירוק / טמאגו', 32, 280),
(182, 45, '#129 Build your own Maki Roll - choose three vegetables', 'רול בהרכבה אישית - שלוש תוספות #129', 'Vegetables: Avocado / Cucumber / Kampyo / Tempura coated sweet potato / Asparagus / Carrots / Green onion / Tamago', 'תוספות: אבוכדו / מלפפון / קנפיז / שיטקה / בטטה בטמפורה / אספרגוס / גזר / בצל ירוק / טמאגו', 28, 281),
(183, 33, '#130 Veggie Tempura Roll', 'Vג''י טמפורה  #130', 'Avocado, shiitake mushrooms and sweet potato in tempura and asparagus wrapped in tamago drizzled with teriyaki sauce', 'פטריות שיטאקה, אבוקדו, בטטה בטמפורה, אספרגוס וטמאגו (חביתה יפנית) בציפוי טמפורה ונגיעות טריאקי.', 30, 282),
(184, 33, '#131 Saki Tempura Roll', 'סאקה טמפורה  #131', 'Salmon, kampyo, avocado and green onion coated in tempura, drizzled with teriyaki sauce', 'סלמון, קנפיו (דלעת יפנית), בצל ירוק ואבוקדו בציפוי טמפורה עם נגיעות טריאקי.', 36, 283),
(185, 33, '#132 Magoro Tempura Roll', 'מאגורו טמפורה  #132', 'Red tuna, chives shiitake mushrooms and asparagus coated in tempura, drizzled with teriyaki sauce', 'טונה אדומה, אספרגוס, פטריות שיטאקה ועירית בציפוי טמפורה ונגיעות טריאקי.', 36, 284),
(186, 33, '#133 Manhattan Tempura Roll', 'מנהטן טמפורה  #133', 'Red tuna, salmon, avocado, chives and cucumber coated in tempura, drizzled with teriyaki sauce', 'סלמון, טונה אדומה, מלפפון, עירית ואבוקדו בציפוי טמפורה ונגיעות טריאקי.', 36, 285),
(187, 33, '#134 Saki Wasabi Tempura Roll', 'סאקה וואסבי טמפורה  #134', 'Salmon, kampyo, avocado, asparagus and sweet potato coated in tempura with wasabi cream sauce', 'סלמון, אספרגוס, קנפיו (דלעת יפנית), אבוקדו, בטטה בטמפורה וקרם וואסבי בציפוי טמפורה ונגיעות טריאקי.', 36, 286),
(188, 34, '#300 Salmon and avocado', 'סלמון ואבוקדו #300', '', '', 32, 287),
(189, 34, '#301 Red tuna, avocado and cucumber', 'טונה אדומה מלפפון ואבוכדו #301', '', '', 32, 288),
(190, 34, '#302 Spicy salmon, avocado and green onion', 'ספייסי סלמון אבוקדו ובצל ירוק #302', '', '', 32, 289),
(191, 34, '#303 Spicy tuna, avocado and cucumber', 'ספייסי טונה אבוקדו ומלפפון #303', '', '', 32, 290),
(192, 34, '#304 Salmon wasabi, salmon, asparagus, kampyo, avocado', 'סלמון וואסבי סלמון אספרגוס קנפיז ואבוקדו #304', '', '', 34, 291),
(193, 34, '#305 Veggie roll: shiitake mushrooms, avocado, sweet potato in tempura and asparagus', 'V ג'' רול קריספי שיטאקה אבוקדו בטטה בטמפורה ואספרגוס #305', '', '', 28, 292),
(194, 34, '#306 Sake sake roll: crispy salmon skin, asparagus, kampyo and tamago', 'סאקה סאקי רול קריספי סלמון סקין אספרגוס קנפיז וטמאגו #306', '', '', 32, 293),
(195, 34, '#307 Kinugushi roll: tofu in tempura, shiitake mushrooms, cucumber and sweet potato in tempura', 'קינוגשי רול טופו בטמפורה מלפפון פטריות שיטאקה ובטטה בטמפורה #307', '', '', 32, 294),
(196, 35, '#135 Salmon and Salmon Skin', 'סלמון וסלמון סקין #135', 'Salmon, salmon skin, avocado, sweet potato, coated in tempura and asparagus coated in fried tempura panko, drizzled with teriyaki sauce', 'סלמון, סלמון סקין, אבוקדו, בטטה בטמפורה ואספרגוס במעטפת פנקו מטוגן בזילוף טריאקי.', 39, 295),
(197, 35, '#136 Tuna', 'טונה רגילה #136', 'Tuna, cucumber, avocado, shiitake mushroom and green onions', 'טונה, מלפפון, אבוקדו, שיטאקי ובצל ירוק', 43, 296),
(198, 35, '#137 Vegetarian', 'צמחוני  #137', 'Avocado, kampyo, tamago and sweet potato coated in fried tempura panko drizzled with teriyaki sauce', 'אבוקדו, טמאגו (חביתה יפנית), בטטה וקנפיו (דלעת יפנית) במעטפת פנקו מטוגן וזילוף טריאקי.', 31, 297),
(199, 36, '#498 Duet Half and Half Sushi - 18 pieces', 'דואט סושי חצי חצי – 18 יח #498', 'Fried salmon 4 pieces, fried tuna 4 pieces, Saka Sake rolls 8 pieces, nigiri salmon 1 piece, nigiri hot denis 1 piece', '4 יח'' סלמון מטוגן, 4 יח'' טונה מטוגנת, 8 יח'' סאקה סאקי רול, 1 יח'' ניגירי סלמון, 1 יח'' נגירי…', 79, 298),
(200, 36, '#499 Natural Vegetarian Combination - 18 pieces', 'קומבו טבעוני – 18 יח  #499', 'Vegetarian Uramaki 8 pieces, maki 8 pieces, nigiri avocado 2 pieces', '8 יח'' אורומאקי טבעוני, 8 יח'' מאקי אבוקדו, 2 יח'' ניגרי אבוקדו.', 44, 299),
(201, 36, '#500 Kyoto Combination - 16 pieces', 'קומבינציית קיוטו – 16 יח #500', 'Maki avocado 8 pieces, Uramaki salmon and avocado 8 pieces', '8 יח'' אורמאקי סלמון ואבוקדו, 8 יח'' מאקי אבוקדו.', 45, 300),
(202, 36, '#501 Veggie Combination - 18 pieces', 'קומבינציית Vג''י – 18 יח #501', 'Uramaki veggie 8 pieces, Uramaki avocado 8 pieces, nigiri tamago 2 pieces', '8 יח'' מאקי Vג''י רול, 8 יח'' מאקי אבוקדו, 2 יח'' יגירי טמאגו (חביתה יפנית)', 41, 301),
(203, 36, '#503 Saka Sake Combination - 18 pieces', 'קומבינציית סאקה סאקי – 19 יח #503', 'Uramaki salmon and avocado 4 pieces, uramaki hot salmon 4 pieces, saka maki 8 pieces, nigiri salmon 2 pieces', '4 יח'' מאקי סלמון ואבוקדו, 4 יח'' אורמאקי סלמון חם, 8 יח'' מאקי סאקה, 2 יח'' ניגירי סלמון, 1 יח''…', 68, 302),
(204, 36, '#504 Double Tempura Combination - 20 pieces', 'טמפורה זוגית- 20 יח #504', 'Saka tempura 8 pieces, magoro tempura 4 pieces, veggie tempura 4 pieces, salmon sandwich in hot panko crumbs 4 pieces', '8 יח'' סאקה טמפורה, 4 יח'' מאגורו טמפורה, 4 יח'' Vג''י טמפורה, 4 יח'' סנדוויץ'' סלמון בפנאקו.', 95, 303),
(205, 36, '#505 Yo Tzai Combination 32 pieces', 'קומבינציית יוצ''אי – 32 יח #505', '4 pieces each: Salmon ceviche, rainbow roll, veggie roll, kinugushi roll, maki avocado, maki sweet potato, saka maki, magoro sandwich, taka maki', '4 יח'' סביצ''ה סלמון, 4 יח'' ריינבו רול, 4 יח'' ווג''י רול, 4 יח'' קינוגושי רול, 5 יח'' מאקי אבוקדו , 4 מאקי בטטה , סאקה מאקי ,  מאגורו סנדוויץ, טאקה מאקי.', 89, 304),
(206, 36, '#506 Japan Japan Combination Special', 'קומבינציית ג''אפן ג''אפן ספיישל – ספינת עץ #506', 'Samurai roll 8 pieces, rainbow roll 4 pieces, hot salmon roll 4 pieces, spicy salmon sandwich 4 pieces, suzuki maki 8 pieces, sake roll 8 pieces, seviche salmon 8 pieces, hot dennis nigiri 1 piece, salmon nigiri 1 piece, tamago nigiri 1 piece, avocado nigiri 1 piece', '8 יח'' סמוראי רול,\n4 יח'' ריינבאו,\n4 יח'' רול סלמון חם,\n4 יח'' סנדוויץ'' ספייסי סלמון,\n8 יח'' מאקי סוזוקי,\n8 יח'' סאקה רול,\n8 יח'' סביצ''ה סלמון,\n1 יח'' ניגירי דניס חם,\n1 יח'' ניגירי סלמון,\n1 יח'' ניגירי טמאגו (חביתה יפנית),\n1 יח'' ניגירי אבוקדו.', 199, 305),
(207, 37, 'Happy Family - 65 pieces: \nI/O (inside out) tuna roll - 8 pieces\nI/O spicy salmon roll - 8 pieces\nSpecial salmon fotomaki - 5 pieces\nAsparagus maki - 8 pieces\nSalmon nigiri - 4 pieces\nI/O salmon skin roll - 8 pices\nI/O vegetarian avocado roll - 8 pieces\nT', '65 יחידות-HAPPY FAMILY\n   רול I/O טונה - 8 יח'' #\nרול I/O ספייסי סלמון - 8 יח'' #\nפוטומאקי סלמון ספיישל - 5 יח'' #\nמאקי אספרגוס - 8 יח'' #\nניגירי סלמון - 4 יח'' #\nרול I/O סלמון סקין - 8 יח'' #\nרול I/O צמחוני אבוכדו - 8 יח'' #\nמאקי טמאגו - 8יח'' #\nמאקי אבוכדו - 8 ', '', '', 249, 306),
(208, 38, ' Mineral water', 'מים מינרלים 0.5 ליטר ', '', '', 9, 307),
(209, 38, ' Soda water', 'סודה 250 מ''ל ', '', '', 9, 308),
(210, 38, ' Peach Iced Tea (Nestea)', 'נסטי אפרסק 330 מ''ל ', '', '', 10, 309),
(211, 38, ' Prigat Diet Grapefruit', 'פריגת דיאט אשכוליות 330 מ''ל ', '', '', 10, 310),
(212, 38, ' Prigat Grapefruit', 'פריגת אשכוליות 330 מ''ל ', '', '', 10, 311),
(213, 38, ' Prigat Lemon', 'פריגת לימונים 330 מ''ל ', '', '', 10, 312),
(214, 38, ' Prigat Orange', 'פריגת תפוזים 330 מ''ל ', '', '', 10, 313),
(215, 38, ' Diet Sprite', 'דיאט ספרייט 330 מ''ל ', '', '', 10, 314),
(216, 38, ' Sprite', 'ספרייט 330 מ''ל ', '', '', 10, 315),
(217, 38, ' Cola Zero', 'קולה זירו 330 מ''ל ', '', '', 10, 316),
(218, 38, ' Coca Cola', 'קוקה קולה 330 מ''ל ', '', '', 10, 317),
(219, 39, '#3 Asian Vegetable Egg Roll 2 Pieces', 'אגרול ירקות אסיאתי #3', 'Deep fried thin egg roll wrapper filled with cabbage, carrots, celery, white mushrooms, green onions and bean sprouts and our own dipping sauce, served with side of green salad tossed with Vietnamese chili vinaigrette', '2 יח'' בצק דק מטוגן במילוי כרוב, גזר, סלרי ופטריות שמפניון.', 15, 318),
(220, 39, '#2 Vietnamese Chicken Egg Roll 2 Pieces', 'אגרול עוף ויאטנמי #2', 'Deep fried thin egg roll wrapper filled with chicken, cabbage, ginger, bean sprouts and carrots and our own dipping sauce, served with side of green salad tossed with Vietnamese chili vinaigrette', '2 יח'' בצק דק מטוגן במילוי עוף, נבטים, כרוב, ג''ינג''ר וגזר.', 18, 319),
(221, 39, '#6 Tabaski Chicken', 'טאבאסקי #6', 'Fried chicken wings in hot spicy teriyaki sauce, garnished with green onion', 'כנפי עוף מטוגנים צ''ילי טריאקי ובצל ירוק.', 29, 320),
(222, 39, '#7 Edamame', 'אדממה #7', 'Steamed soya beans seasoned with kosher salt and lemon salt', 'פולי סויה חמים, מוגשים עם מלח גס ופלח לימון.', 18, 321),
(223, 39, '#8 Kimche', 'קימצ''י #8', 'Japanese style pickled vegetables', 'סלט חמוצים בתחמיץ יפני עם כרוב, פלפל אדום וירוק, גזר ומלפפון.', 15, 322),
(224, 39, '#46 Gohan', 'גוהן #46', 'Japanese steamed white rice', 'אורז לבן מאודה', 17, 323),
(225, 39, '#47 Yaki Masi', 'יאקי מאשי #47', 'Stir fried rice with scrambled eggs and vegetables', 'אורז מוקפץ עם נטיפי ביצים וירקות.', 25, 324),
(226, 39, '#48 Yasai Tame', 'יאסי טאמה #48', 'Stir fried vegetables with ginger and teriyaki sauce', 'הום פרייז', 27, 325),
(227, 39, '#49 Home Fries', '#49', 'Cubed potatoes, deep fried and served with teriyaki and sweet chili sauce, garnished with sesame seeds', 'קוביות תפוחי אדמה מטוגנות בטריאקי, צ''ילי מתוק ושומשום.', 27, 326),
(228, 40, '#13 Crispy Salmon Salad', 'סלט קריספי סלמון #13', 'Choice of grilled or tempura (fried batter coated) salmon strips in a creamy Yuzu sauce on a bed of baby leaf salad mix with cherry tomatoes, carrots, cucumbers, and beansprouts, tossed with lime vinaigrette and garnished with cilantro/coriander', 'מיקס עלי בייבי, גזר, מלפפון, עגבניות שרי ונבטים בויניגרט ליים כוסברה ורצועות סלמון מטוגנות בקרם יוזו.', 42, 327),
(229, 40, '#14 Asian Green Salad', 'סלט ירוק אסייאתי #14', 'Baby leaf salad mix, cherry tomatoes, carrots, cucumbers, and beansprouts tossed with chili vinaigrette', 'מיקס עלים, מלפפון, גזר, נבטים ועגבניות שרי בויניגרט צ''ילי', 35, 328),
(230, 41, '#18 Hot and Sour Soup', 'מרק חמוץ חריף #18', 'Thin strips of chicken, shredded cabbage, carrots, white mushrooms and Asian bean noodles, served in a large bowl of fragrant clear chicken broth', 'מציר עוף ארומטי, אטריות שעועית, כרוב, גזר ופטריות שמפניון.', 16, 329);
INSERT INTO `items` (`id`, `category_id`, `name_en`, `name_he`, `desc_en`, `desc_he`, `price`, `sort`) VALUES
(231, 41, '#20 Thai Spicy Coconut Soup', 'מרק קוקוס #20', 'Thai soup served in a large bowl with strips of boneless chicken breast, white mushrooms, white onion, green onion, and cherry tomatoes in a rich coconut cream broth', 'מרק תאילנדי עם נתחי חזה עוף, פטריות שמפניון, בצל ירוק ולבן, עגבניות שרי וקרם קוקוס.', 21, 330),
(232, 41, '#21 Asian Corn Soup', 'מרק תירס #21', 'A slightly sweet egg drop soup with fresh kernel corn', 'מרק תירס אסייאתי מתקתק עם נטיפי ביצה וגרעיני תירס טריים.', 16, 331),
(233, 41, '#23 Tom Yam Soup', 'מרק טום יאם #23', 'A well known and popular staple of the Thai kitchen. famous for its special combination of hot and sour spices, served with strips of tender spring chicken', 'המרק הפופולארי המצויים בו עם נתחי פרגית', 21, 332),
(234, 42, '#30 Yasai Maki Noodles', 'יאסי מאקי נודלס #30', 'Egg noodles, shredded cabbage, beansprouts, carrots and mushrooms, stir fried in hoisin sauce', 'אטריות ביצים, כרוב, נבטים, בצל ירוק וגזר ברוטב הוי סטיר', 29, 333),
(235, 42, '#31 Filipino Stir Fry', 'הפיליפינית #31', 'Choice of one: chicken, beef or tofu bean.  Stir fried with egg noodles, carrots, cabbage, beansprouts and green onion in hot spicy Chu Chu sauce', 'עוף, אטריות ביצים, גזר, כרוב, נבטים, ובצל ירוק ברוטב צ''או צ''או -לבחירה: עוף, טופו, בקר. חריף.', 42, 334),
(236, 42, '#32 Malaysian Stir Fry', 'המלזית #32', 'Tempura (fried batter) coated salmon, stir fried with egg noodles, white onion, carrot stips, green beans, white mushrooms and bean sprouts in Malaysian curry sauce', 'אטריות ביצים עם סלמון בטמפורה, בצל לבן, גזר, שעועית ירוקה, פטריות שמפניון, בצל ירוק ונבטים בקארי מלזי.', 45, 335),
(237, 42, '#33 Vietnamese Stir Fry', 'וויאטנמית #33', 'Boneless chicken strips stir fried with udon (wheat) noodles, shredded cabbage, white onion, white mushrooms, bean sprouts, asparagus, beans and green onion in satay (peanut) sauce, garnished with coconut cream and cilantro/coriander', 'אטריות אודון (חיטה), רצועות עוף, פטריות שמפניון, בצל ירוק, בצל לבן, שעועית ירוקה ונבטים ברוטב סאטה וקרם קוקוס כוסברה.', 45, 336),
(238, 42, '#34 Korean Stir Fry', 'הקוריאנית  #34', 'Pieces of aged beef stir fried with udon (wheat) noodles, white mushrooms, white onion, shiitake mushrooms, cabbage and Portobello mushrooms in shimeju mushroom sauce', 'אטריות אודון (חיטה), עם נתחי אנטריקוט, כרוב לבן, פטריות פורטבלו, בצל לבן, פטריות שיטאקה ובייבי תרד ברוטב שימאג''י.', 45, 337),
(239, 42, '#35 Beef Rice Noodles', 'ביף רייס נודלס  #35', 'Pieces of aged beef stir fried with wide rice noodles (Pad Thai), scrambled eggs, white mushrooms, green onion, beansprouts, carrots and white onions in a spicy and sweet sauce, topped with chopped peanuts', 'אטריות אורז רחבות (פאד תאי), נתחי אנטריוט, נטיפי ביצים, פטריות פורטובלו, בצל לבן, נבטים, גזר ובצל ירוק ברוטב חריף מתוק…', 44, 338),
(240, 42, '#36 Chicken Pad Thai', 'צ''יקן פאד תאי  #36', 'Chunks of grilled spring chicken stir fried with rice noodles, scrambled eggs cabbage, carrots, green onions, beansprouts and sweet-hot sauce, topped with chopped peanuts', 'קוביות פרגית בטמפורה / בגריל, אטריות אורז, נטיפי ביצים, כרוב, גזר, בצל ירוק ונבטים ברוטב חריף מתוק ושבבי בוטנים.', 42, 339),
(241, 42, '#37 Chicken Fried Rice', 'צ''יקן פרייד רייס  #37', 'Chunks of grilled spring chicken stir fried with scrambled eggs, rice, cabbage, carrots, green onions, Portobello mushrooms and beansprouts in a hoisin sauce', 'קוביות פרגית בגריל / בטמפורה, נטיפי ביצה, אורז, כרוב, גזר, בצל ירוק, פטריות פורטבלו ונבטים ברוטב הוי סטיר.', 41, 340),
(243, 43, '#52 Sweet and sour lemon chicken', 'עוף דבש ולימון - נתחי עוף מצופים ברוטב חמוץ מתוק  #52', '', '', 48, 342),
(244, 43, '#53 Szechuan beef / chicken', 'עוף סצואן - נתחי עוף / רצועות פילה בקר מוקפצות ברוטב סצואן חריף ושלל ירקות #53', '', '', 48, 343),
(245, 43, '#54 Beef and white mushrooms', 'פטריות שמפניון נתחי עוף / בקר מוקפציפ ברוטב הוי סטיר. שימאג''י. פטריות שמפיונון, גזר וקישואים #54', '', '', 48, 344),
(246, 43, '#55 Chicken with Asian vegetable medley', 'ירקות אסיאתי נתחי עוף / רצועות פילה בקר מוקפצות ברוטב הוי סטיר וטריאקי ושלל ירקות #55', '', '', 48, 345),
(247, 44, '#600 Chicken Schnitzelonim', 'ארוחת שניצלוני עוף #600', 'Fried strips of chicken coated in panko crumbs. Choice of one side dish: Asian puree / white rice / chips + soft drink', 'רצועות עוף בפנקו (פירורי לחם יפניים) מטוגנות. מוגש עם תוספת לבחירה. תוספות לבחירה: פירה אסייתי/אורז לבן/צ''יפס', 42, 346),
(248, 46, 'Dim Sum with meat', 'דים סאם בשרי', '4 pieces of your choosing', '4 יחידות לבחירה', 29, 347),
(249, 46, 'Chicken in tempura', 'עוף בטמפורה', 'Chicken pieces coated with tempura, served with the house sauce', 'נתחי חזה עוף במעטפת טמפורה. מוגש עם רוטב הבית', 33, 348),
(250, 46, 'Chicken eggroll', 'אגרול עוף', '2 pieces', '2 יח', 25, 349),
(251, 46, 'Miso noodle soup', 'מיסו נודל סופ', 'Glass noodles, tamago, asparagus, chilli and scallions', 'אטריות זכוכית, טמאגו, אספרגוס, צ’ילי ובצל ירוק', 19, 350),
(252, 46, 'Miso Shiro soup', 'מיסו שירו', 'Miso soup with tofu, scallions and mushrooms', 'מרק מיסו עם טופו, בצל ירוק ופטריות', 17, 351),
(253, 46, 'Tofu salad', 'סלט טופו', 'Tofu in teriyaki, cucumbers, avocado and baby mix leaves with our chef dressing', 'טופו בטריאקי, מלפפון, אבוקדו ובייבי מיקס עם רוטב השף מעל.', 32, 352),
(254, 46, 'Tataki tuna salad', 'טטאקי טונה', 'Seared tuna slices served on a bed of baby greens, bean noodles and shredded carrots with Asian sauce', 'נתחי טונה צרובה מוגש על מצע עלי בייבי, אטריות שעועית ושערות גזר ברוטב אסייתי', 45, 353),
(255, 46, 'Sashimi salad', 'סלט סשימי', '3 pieces of fish of your choosing on a bed of baby greens, bean noodles and shredded carrots with Asian sauce', '3 פרוסות דג לבחירה על מצע עלי בייבי, אטריות שעועית ושערות גזר ברוטב אסייתי', 42, 354),
(256, 46, 'Schezhuan salad', 'סלט סנצ’אי', 'Green salad with carrot, white and red cabbage, peanuts and crispy sweet potato in a coriander and mirin vinaigrette sauce', 'סלט חסות, גזר, כרוב לבן, כרוב אדום, בוטנים וקריספי בטטה בויניגרייט כוסברה וחומץ מירין', 39, 355),
(257, 46, 'Mushrooms in tempura', 'פטריות בטמפורה', 'Fresh mushrooms coated in tempura and panko, served with Asian vinaigrette sauce', 'פטריות טריות במעטפת טמפורה ופנקו מוגש ברוטב ויניגרייט אסייתי', 22, 356),
(258, 46, 'Fish and chips', 'פיש אנד צ’יפס', 'Strips of salmon coated in panko, accompanied by potatoes in aioli, mayonnaise and spicy sweet chili sauce', 'אצבעות סלמון בפנקו לצד פוטטוס עם איולי, ספייסי מיונז וצ’ילי מתוק', 43, 357),
(259, 46, 'Kachi salad', 'סלט קאצ’י', 'Carrot and cucumber strips, red chili, mint, cabbage and roasted peanuts, with soy sauce, sesame oil and lemon sauce', 'רצועות גזר, רצועות מלפפון, צ’ילי אדום, נענע, כרוב לבן ובוטנים קלויים ברוטב סויה, שמן שומשום ולימון', 32, 358),
(260, 46, 'Dim Sum (vegetable)', 'דים סאם צמחוני', '2 shiitake, 1 sweet potato, 1 spinach', '2 שיטאקי, 1 בטטה, 1 תרד', 29, 359),
(261, 46, 'White rice', 'צלחת אורז לבן', '', '', 14, 360),
(262, 46, 'Eggroll vegetable', 'אגרול צמחוני', '', '', 25, 361),
(263, 46, 'Chicken salad', 'צ’יקן סלט', 'Cubes of chicken breast with avocado, cherry tomatoes, carrots, red onion, scallions, baby greens and crispy sweet potato', 'קוביות חזה עוף עם אבוקדו, עגבניות שרי, גזר, בצל סגול וירוק, עלי בייבי וקריספי בטטה', 39, 362),
(264, 46, 'Gyoza (meat)', 'גיוזה בשרית', '', '', 31, 363),
(265, 46, 'Gyoza (vegetable)', 'גיוזה צמחונית', '', '2 פטריות, 1 בטטה, 1 תרד', 31, 364),
(266, 46, 'Kimche', 'קימצ’י', 'Asian pickles', 'חמוצים אסיאתיים', 15, 365),
(267, 46, 'Edamame', 'אדממה', 'With sea salt', 'עם מלח גס', 18, 366),
(268, 47, 'Nigiri Denis', 'ניגירי דניס', '', '', 21, 367),
(269, 47, 'Nigiri Tuna', 'ניגירי טונה', '', '', 24, 368),
(270, 47, 'Nigiri Avocado', 'ניגירי אבוקדו', '', '', 21, 369),
(271, 47, 'Nigiri Salmon', 'ניגירי סלמון', '', '', 23, 370),
(272, 47, 'Nigiri Tamago', 'ניגירי טמאגו', '', '', 19, 371),
(273, 48, 'Oshi Canape', 'אושי קאנאפי', 'Asparagus, avocado and cucumber coated with sesame seeds, with a mixture of spicy salmon, chives, ikura and sprinkled with chives', 'אספרגוס, אבוקדו ומלפפון בציפוי שומשום קלוי עם תערובת ספייסי סלמון, איקורה צמחית ועירית מעל', 46, 372),
(274, 48, 'Veggie Sunset', 'וג’י סאנסט', 'Sweet potato, tamago, cucumber and avocado with kanpyo coated with tempura sweet potato chips, chives, sesame with spicy mayonnaise and teriyaki', 'בטטה, טמגו, מלפפון וקנפיו בציפוי אבוקדו עם שבבי בטטה טמפורה, עירית, שומשום עם ספייסי מיונז וטריאקי', 42, 373),
(275, 48, 'Rio Roll', 'ריו רול', 'Salmon baked with teriyaki sauce, tamago, kanpyo and cucumber, topped with chives with avocado chili mixture, lemon and green onions', 'סלמון אפוי בטריאקי, טמגו, קנפיו ומלפפון בציפוי עירית עם תערובת צ’ילי אבוקדו, לימון ובצל ירוק', 46, 374),
(276, 48, 'Shaokan', 'שאוקן', 'Red tuna, salmon, tamago and avocado, wrapped in seared red tuna, vegetable tobiko and creme wasabi', 'טונה אדומה, סלמון, טמגו ואבוקדו במעטפת טונה אדומה צרובה, טוביקו צמחי וקרם וואסבי', 49, 375),
(277, 48, 'Rainbow', 'ריינבואו', 'Spicy salmon, cucumber and avocado, wrapped in salmon, denis, sweet potato and avocado', 'ספייסי סלמון, מלפפון ואבוקדו עטוף בסלמון, דניס טונה, בטטה ואבוקדו', 45, 376),
(278, 48, 'Philadelphia', 'פילדלפיה', 'Creamy tofu, avocado, cucumbers and scallions, topped with smoked salmon', 'קרם טופו, אבוקדו, מלפפון ובצל ירוק בציפוי סלמון מעושן', 39, 377),
(279, 48, 'California', 'קליפורניה', 'Raw salmon, denis, avocado and scallion topped with tobiko vegetables', 'סלמון נא, דניס, אבוקדו ובצל ירוק בציפוי טוביקו צמחי', 42, 378),
(280, 48, 'Alaska', 'אלסקה', 'Raw salmon, creamy tofu, avocado, tempura with denis and creme wasabi, topped with chives', 'סלמון נא, קרם טופו, אבוקדו, טמפורה בציפוי דניס וקרם וואסבי עם עירית מעל', 39, 379),
(281, 48, 'Salmon Ikura', 'סלמון איקורה', 'Raw salmon, avocado and cucumbers, wrapped in avocado and topped with ikra', 'סלמון נא, אבוקדו ומלפפון בציפוי אבוקדו ואיקורה צמחית מעל', 41, 380),
(282, 48, 'Shaggy roll (spicy)', 'שאגי רול חריף', 'Salmon, cucumbers, scallions and mint with a tuna, avocado and red Asian chili topping', 'סלמון, מלפפון, בצל ירוק ונענע בציפוי טונה, אבוקדו צ’ילי אדום ורוטב אסייתי', 46, 381),
(283, 48, 'Charlie''s Angels (spicy)', 'צ’רליז אנג’לס חריף', 'Not spicy - NIS 3 extra. Spicy red tuna, cucumber and avocado, topped with salmon, tuna and denis', 'לא ספייסי - תוספת של 3 ₪   ספייסי טונה אדומה, מלפפון ואבוקדו, בציפוי סלמון, טונה ודניס', 39, 382),
(284, 48, 'Sunset (spicy)', 'סאנסט חריף', 'Spicy salmon, avocado and sweet potato, topped with seared salmon with sweet sweet potato chips, tempura, chives, sesame seasoned with spicy mayonnaise and teriyaki', 'ספייסי סלמון, אבוקדו ובטטה, בציפוי סלמון צרוב עם שבבי בטטה, טמפורה, עירית, שומשום עם ספייסי מיונז וטריאקי מעל', 46, 383),
(285, 48, 'Red dragon (spicy)', 'רד דרגון חריף', 'Tamago, avocado, cucumber and scallions topped with seared salmon, chives, sesame seeds and spicy chili', 'טמגו, אבוקדו, מלפפון ובצל ירוק בציפוי סלמון צרוב, עירית, שומשום וצילי חריף', 46, 384),
(286, 48, 'Volcano roll (spicy)', 'וולקנו רול חריף', 'Avocado, cucumber topped with a mixture of salmon with chives, red pepper, chili, lemon, green onions and sesame seeds', 'אבוקדו, מלפפון בציפוי עירית עם תערובת סלמון, גמבה אדומה, צילי, לימון, בצל ירוק ושומשום', 46, 385),
(287, 48, 'Chucky (spicy)', 'צ’אקי חריף', 'Spicy denis, avocado and cucumber wrapped with denis and tobiko (orange vegetable) and fresh chili', 'ספייסי דניס, אבוקדו ומלפפון עטוף בדניס צרוב עם טוביקו צמחי כתום וצילי טרי מעל', 46, 386),
(288, 48, 'Kennedy roll', 'קנדי רול', 'Avocado, sweet potato, sugared kanpyo and pecan, wrapped in teriyaki and tamago', 'אבוקדו, בטטה, קנפיו ופאקן מסוכר במעטפת טמגו וטריאקי', 49, 387),
(289, 48, 'Rusty', 'ראסטי', 'Baked salmon teriyaki, tamago, kanpyo, avocado and cucumber wrapped with crispy sweet potato', 'סלמון אפוי בטריאקי, טמגו,קנפיו, אבוקדו ומלפפון במעטפת בטטה קריספי', 39, 388),
(290, 48, 'Spicy tobiko (spicy)', 'ספייסי טוביקו חריף', 'Spicy salmon, avocado and cucumber topped with tobiko (orange vegetable)', 'ספייסי סלמון, אבוקדו ומלפפון בציפוי טוביקו צמחי כתום', 39, 389),
(291, 48, 'Shogun', 'שוגון', 'Tuna, denis, salmon and avocado, coated in chives', 'טונה, דניס, סלמון אבוקדו במעטפת עירית', 41, 390),
(292, 48, 'Funkyroll', 'פנקירול', 'Tamago, kampyo, avocado and cucumber, wrapped in sweet potato', 'טמגו, קנפיו, אבוקדו ומלפפון, במעטפת בטטה', 36, 391),
(293, 49, 'Sunset (spicy)', 'סאנסטחריף', 'Spicy salmon, avocado and sweet potato, topped with seared salmon with sweet potato chips, tempura, chives, sesame with spicy mayonnaise and teriyaki', 'ספייסי סלמון, אבוקדו ובטטה, בציפוי סלמון צרוב עם שבבי בטטה, טמפורה, עירית, שומשום עם ספייסי מיונז וטריאקי מעל', 46, 392),
(294, 49, 'Alaska', 'אלסקה', 'Raw salmon, creamy tofu, avocado, tempura with surimi fish and creme wasabi', 'סלמון נא, קרם טופו, אבוקדו, טמפורה בציפוי סורימי דג וקרם וואסבי', 39, 393),
(295, 50, 'Maki kanpyo', 'מאקי קנפיו', '', '', 20, 394),
(296, 50, 'Maki carrot', 'מאקי גזר', '', '', 20, 395),
(297, 50, 'Maki salmon', 'מאקי סלמון', '', '', 25, 396),
(298, 50, 'Maki tuna', 'מאקי טונה', '', '', 25, 397),
(299, 50, 'Maki denis', 'מאקי דניס', '', '', 25, 398),
(300, 50, 'Maki avocado', 'מאקי אבוקדו', '', '', 20, 399),
(301, 50, 'Maki cucumber', 'מאקי מלפפון', '', '', 20, 400),
(302, 50, 'Maki sweet potato', 'מאקי בטטה', '', '', 20, 401),
(303, 50, 'Maki asparagus', 'מאקי אספרגוס', '', '', 20, 402),
(304, 50, 'Maki smoked salmon', 'מאקי סלמון מעושן', '', '', 25, 403),
(305, 50, 'Maki tamago', 'מאקי טמגו', '', '', 20, 404),
(306, 51, 'Sakura', 'סאקורה', 'Wide roll with smoked salmon, tamago, avocado, cucumber, tofu creme, sprinled with sesame seeds', 'רול רחב עם סלמון מעושן, טמגו, אבוקדו, מלפפון וקרם טופו ושומשום מעל', 42, 405),
(307, 51, 'Yakuza', 'יאקוזה', 'Wide roll with denis, ikura, avocado, cucumber and scallions', 'רול רחב עם דניס, איקורה, אבוקדו, מלפפון ובצל ירוק', 37, 406),
(308, 51, 'Bonzai', 'בונזאי', 'Wide roll with tamago, kanpyo, avocado, carrot and cucumber', 'רול רחב עם טמגו, קנפיו, אבוקדו, גזר ומלפפון', 29, 407),
(309, 51, 'Fresh Rolls Royce', 'פרש רולס רויס', 'Wide roll with tuna, salmon, denis, tamago, avocado, carrots and scallions', 'רול רחב עם טונה, סלמון, דניס, טמגו, אבוקדו, גזר ובצל ירוק', 42, 408),
(310, 52, 'Rock N''Roll', 'רוק&רול', 'Crispy salmon skin, avocado, creme tofu and scallions, wrapped in crispy sweet potato', 'קריספי סלמון סקין, אבוקדו, קרם טופו ובצל ירוק בציפוי בטטה קריספי.', 39, 409),
(311, 52, 'Tsunami', 'צונאמי', 'Tuna in mayonnaise, scallions and avocado, coated with toasted sesame', 'סלט טונה במיונז, בצל ירוק ואבוקדו במעטפת שומשום קלוי', 34, 410),
(312, 52, 'Papa San (spicy)', 'פאפא סאן חריף', 'Not spicy - NIS 3 extra.     Spicy salmon, avocado and cucumber, sprinkled with toasted sesame seeds', 'לא ספייסי - תוספת של 3 ₪\nספייסי סלמון, אבוקדו ומלפפון עם שומשום קלוי מעל', 29, 411),
(313, 52, 'Mamma San (spicy)', 'מאמא סאן חריף', 'Not spicy - NIS 3 extra.     Spicy tuna, avocado and cucumber, sprinkled with toasted sesame seeds', 'לא ספייסי - תוספת של 3 ₪\nספייסי טונה אדומה אבוקדו ומלפפון עם שומשום קלוי מעל', 29, 412),
(314, 52, 'Yasahi roll', 'יסאהי רול', 'Asparagus, avocado, cucumber and carrots, sprinkled with toasted sesame seeds', 'אספגרגוס, אבוקדו, מלפפון וגזר עם שומשום קלוי מעל', 28, 413),
(315, 52, 'Spicy denis', 'ספייסי דניס', 'Spicy seasoned denis with avocado and cucumber, sprinkled with toasted sesame seeds', 'דג דניס בתיבול ספייסי, אבוקדו ומלפפון עם שומשום קלוי מעל', 29, 414),
(316, 52, 'Salmon tempura', 'סלמון טמפורה', 'Raw salmon and avocado, topped with tempura pieces', 'סלמון נא ואבוקדו, בציפוי שבבי טמפורה', 34, 415),
(317, 52, 'Dynamite', 'דיינמייט', 'Salmon baked in teriyaki with cucumber, wrapped in avocado', 'סלמון אפוי בטריאקי ומלפפון, בציפוי אבוקדו', 34, 416),
(318, 52, 'Tamagochi', 'טמגוצ’י', 'Tamago, creme tofu, avocado and cucumber with a sprinkling of toasted sesame seeds', 'טמגו, קרים טופו, אבוקדו ומלפפון בציפוי שומשום קלוי', 27, 417),
(319, 53, 'Sakamuri Tamaki', 'סקאמורי טמאקי', 'Salmon, salmon skin, cucumber, avocado and scallion', 'סלמון,סלמון סקין, מלפפון, אבוקדו ובצל ירוק', 27, 418),
(320, 53, 'Shogun Tamaki', 'שוגון טמאקי', 'Tuna, denis, salmon, avocado, cucumber, scallions', 'טונה, דניס, סלמון עם אבוקדו, מלפפון ובצל ירוק', 27, 419),
(321, 53, 'Yasahi Tamaki', 'יסאהי טמאקי', 'Asparagus, avocado, carrot, cucumber', 'אספרגוס, אבוקדו, גזר ומלפפון', 23, 420),
(322, 53, 'Taka Tamaki', 'טאקה טמאקי', 'Tuna, avocado, cucumber', 'טונה, אבוקדו ומלפפון', 25, 421),
(323, 53, 'Saka Tamaki', 'סאקה טמאקי', 'Salmon, avocado, cucumber', 'סלמון, אבוקדו ומלפפון', 24, 422),
(324, 54, 'Sashimi tuna', 'סשימי טונה', '5 pc', '5 יחידות', 42, 423),
(325, 54, 'Sashimi tuna', 'סשימי טונה', '3 pc', '3 יחידות', 33, 424),
(326, 54, 'Sashimi denis', 'סשימי דניס', '5 pc', '5 יחידות', 39, 425),
(327, 54, 'Sashimi denis', 'סשימי דניס', '3 pc', '3 יחידות', 31, 426),
(328, 54, 'Sashimi salmon', 'סשימי סלמון', '5 pc', '5 יחידות', 39, 427),
(329, 54, 'Sashimi salmon', 'סשימי סלמון', '3 pc', '3 יחידות', 31, 428),
(330, 55, 'Pekanko roll', 'פקאנקו רול', 'Deep fried roll filled with creme tofu, sugared pecan, sweet potato and tamago', 'רול מטוגן במילוי קרם טופו, פקאן מסוכר, בטטה וטמגו', 39, 429),
(331, 55, 'Vincent special', 'וינסנט ספיישל', 'Deep fried roll with salmon, avocado, salmon, scallion, toasted sesame seeds, creme tofu, topped with tempura and panko', 'רול מטוגן במילוי סלמון נא אבוקדו, סלמון, בצל ירוק, שומשום קלוי וקרם טופו בציפוי טמפורה ופנקו', 39, 430),
(332, 55, 'Desert roll', 'דזרט רול', 'Inside-out with tofu, sweet potato, kanpyo, avocaodo and asparagus, coated with tempura and panko', 'אינסיידאאוט עם טופו, בטטה, קנפיו, אבוקדו ואספרגוס בציפוי טמפורה ופנקו', 39, 431),
(333, 55, 'Hot chicken', 'הוט צ’יקן', 'Fried chicken roll filled with avocado and sweet potato, coated with tempura and panko', 'רול מטוגן במילוי עוף, אבוקדו ובטטה בציפוי טמפורה ופנקו', 39, 432),
(334, 55, 'Rolls Royce', 'רולס רויס', 'Fried fotomaki filled with salmon, tuna, denis, carrots, avocado, scallions and tamago, with a tempura coating', 'פוטומאקי מטוגן במילוי סלמון, טונה, דניס, גזר, אבוקדו, בצל ירוק וטמגו בציפוי טמפורה', 39, 433),
(335, 55, 'Hot salmon', 'הוט סלמון', 'Fried roll filled with salmon, avocado, sweet potato and scallion, coated with tempura and panko', 'רול מטוגן במילוי סלמון, בטטה אבוקדו ובצל ירוק בציפוי טמפורה ופנקו', 39, 434),
(336, 55, 'Leo roll', 'ליו רול', 'Fried roll with baked salmon, kanpyo, sweet potato and avocado, with a tempura and panko coating', 'רול מטוגן עם סלמון אפוי, קנפיו, בטטה ואבוקדו בציפוי טמפורה ופנקו', 39, 435),
(337, 55, 'Tiger sandwich (spicy)', 'טייגר סנדוויץ חריף', 'Sushi sandwich with spicy tuna, avocado, scallion and kanpyo, with a tempura and panko coating', 'סושי סנדוויץ במילוי ספייסי טונה, אבוקדו, בצל ירוק וקנפיו עם ציפוי טמפורה ופנקו', 39, 436),
(338, 56, 'Spicy salmon and avocado', 'ספייסי סלמון ואבוקדו חריף', 'Not spicy for NIS 3 extra', 'לא ספייסי בתוספת של 3 ₪', 35, 437),
(339, 56, 'Spicy tuna and avocado', 'ספייסי טונה ואבוקדו חריף', 'Not spicy for NIS 3 extra', 'לא ספייסי בתוספת של 3 ₪', 36, 438),
(340, 56, 'Grilled salmon and avocado', 'סלמון גריל ואבוקדו', '', '', 35, 439),
(341, 56, 'Grilled tuna and avocado', 'טונה גריל ואבוקדו', '', '', 35, 440),
(342, 56, 'Tamago and avocado', 'טמאגו ואבוקדו', '', '', 32, 441),
(343, 56, 'Avocado sandwich', 'סנדוויץ’ אבוקדו', '', '', 31, 442),
(344, 57, 'Sushitrian', 'סושיטריאן', '4 x bonzai, 4 x maki avocado, 4 x avocado, 1 x yashao tamaki', '4 יחידות בונזאי\n4 יחידות מאקי אבוקדו\n4 יחידות אבוקדו\n1 יחידות יסהאי טמאקי', 60, 443),
(345, 57, 'Japan Combination', 'קומבינציית יפן', '8 x rock n''roll, 2 x nigiri tuna, 2 x nigiri salmon, 3 x sashimi tuna, 3 x sashimi denis', '8 יחידותרוק&רול\n2 יחידות נגירי טונה\n2 יחידות נגירי סלמון\n3 יחידות סשימי טונה\n3 יחידות סשימי דניס', 127, 444),
(346, 57, 'Crispy', 'קריספי', '', '8 יח ליו רול\n8 יחידות צונאמי\n8 יחידות טמאגוצ’י\n4 יחידות סנדוויץ’ סלמון גריל', 115, 445),
(347, 57, 'Fujiama', 'פוג’יאמה', '8 x salmon tempura, 8 x maki cucumber, 4 x salmon sandwich, 4 x bonzai', '8 יחידות סלמון טמפורה\n8 יחידות מאקי מלפפון\n4 יחידות סנדוויץ’ סלמון\n4 יחידות בונזאי', 97, 446),
(348, 57, 'Happy family spicy', 'הפי פמלי  חריף', '8 x mamma san, 8 x papa san, 1 x nigiri salmon, 1 x nigiri tuna ', '8 יחידות מאמא סאן\n8 יחידות פאפא סאן\n1 ניגירי סלמון\n1 ניגירי טונה', 75, 447),
(349, 57, 'Vegetarian', 'צמחונית', '4 x avocado sandwich, 4 x maki cucumber, 4 x maki tamago', '4 יחידות אבוקדו סנדוויץ\n4 יחידות מאקי מלפפון\n4 יחידות מאקי טמגו', 44, 448),
(350, 57, 'Okinawa', 'אוקינאווה', '8 x yahasi roll, 8 x dynamite, 8 x maki sweet potato, 4 x spicy salmon sandwich', '8 יחידות יסהאי רול\n8 יחידות דיינמיט\n8 יחידות בטטה מאקי\n4 יחידות סנדוויץ ספייסי סלמון', 97, 449),
(351, 57, 'Veggie Combo', 'וג’י קומבו', '4 x tamago and avocado sandwixh, 4 x maki cucumber,  4 x maki carrot, 8 x funkyroll', '4 יח'' סנדוויץ טמגו ואבוקדו\n4 יח'' מאקי מלפפון\n4 יח'' מאקי גזר\n8 יח'' פנקירול', 77, 450),
(352, 57, 'Special Combo', 'קומבינציית ספיישל', '8 x funkyroll, 8 x red dragon, 8 x salmon tempura, 8 x tsunami, 4 x grilled salmon sandwich', '8 יחידות פנקירול\n8 יחידות רד דרגון\n8 יחידות סלמון טמפורה\n8 יחידות צונאמי\n4 יחידות סנדוויץ סלמון גריל', 159, 451),
(353, 57, 'Oshi Oshi', 'אושי אושי', '8 x shogun, 8 x taki maki, 2 x nigiri salmon', '8 יחידות שוגון\n8 יחידות טאקה מאקי\n2 יחידות ניגירי סלמון', 78, 452),
(354, 58, 'Pad Thai', 'פאד תאי ', 'Chicken/tofu with rice noodles, egg, broccoli, scallions, and black soya', 'עוף/טופו עם שבבי אטריות אורז, ביצה, ברוקולי, בצל ירוק וסויה שחורה', 47, 453),
(355, 58, 'Chicken Teriyaki', 'צ’יקן טריאקי', 'Chicken breast strips on a bed of white rice with diced fresh tomato and onion', 'נתחי עוף על מצע אורז לבן, קוביות עגבנייה טרייה ובצל', 45, 454),
(356, 58, 'Curry Wok (spicy)', 'קארי ווק  חריף', 'Egg noodles, broccoli, onions, cabbage and chicken breast in a curry sauce', 'אטריות ביצים, ברוקולי, בצל, כרוב ונתחי חזה עוף ברוטב קארי', 49, 455),
(357, 58, 'Oshi Wok', 'אושי ווק', 'Tempura coated cubes of salmon stir-fried with rice noodles, peppers, carrot, scallions and mushrooms', 'קוביות סלמון במעטפת טמפורה, מוקפצות עם אטריות אורז, פלפלים, גזר, בצל ירוק ופטריות', 49, 456),
(358, 58, 'Chicken chili (spicy)', 'צ’יקן צ’ילי  חריף', 'Egg noodles, green and purple onion, corn, carrot, beansprouts, yellow, red and green peppers, with chicken ', 'אטריות ביצים, בצל ירוק וסגול, תירס, גזר, נבטים, פלפל צהוב, אדום וירוק בשילוב עוף', 46, 457),
(359, 58, 'Chicken fried rice', 'פרייד רייס צ’יקן', 'Thai stir-fried rice with chicken, egg, carrots, peas and corn', 'אורז תאילנדי מוקפץ עם נתחי חזה עוף, ביצה, גזר, אפונה ותירס', 43, 458),
(360, 58, 'Vegetable noodles', 'וג’טבל נודלס', 'Egg noodles, eggs, carrots, corn bean sprouts, peppers, cabbage and mushrooms, sauted with soy sauce', 'אטריות ביצים, ביצה, גזר, תירס, נבטים, פלפל, כרוב ופטריות מוקפצים עם סויה', 42, 459),
(361, 58, 'Pad Thai', 'פאד תאי', 'Rice noodles, egg, carrots, cabbage, bean sprouts, tofu, scallions and peanuts', 'אטריות אורז, ביצה, גזר, כרוב, נבטים, טופו, בצל ירוק ובוטנים', 45, 460),
(362, 59, 'Combo Grande  ', 'Combo Grande', '8 x Tuna Maki\n8 x avocado maki\n8 x Salmon\n2 x salmon nigiri\n2 x tuna nigiri\n2 x avocado nigiri\n8 x tsunami\n8 x Yasaho\n8 x salmon tempura\n8 x dynamite\n8 x Charlie''s Angels\n4 x spicy salmon sandwich\n8 x Mamma San wrapped in chives\n8 x Papa San wrappedin crispy potato\n8 x Pankirol wrapped in avocado\n8 x Pankirol', '8 יחידות מאקי טונה\n8 יחידות מאקי אבוקדו\n8 יחידות מאקי סלמון\n2 יחידות ניגירי סלמון\n2 יחידות ניגירי טונה\n2 יחידות ניגירי אבוקדו\n8 יחידות צונאמי\n8 יחידות יסהאי\n8 יחידות סלמון טמפורה\n8 יחידות דינמייט\n8 יחידות צ’רליז איינג’לס\n4 יחידות סנדוויץ ספייסי סלמון\n8 יחידות מאמא סאן בציפוי עירית\n8 יחידות פאפא סאן בציפוי קיספי בטטה\n8 יחידות פנקירול בציפוי אבוקדו\n8 יחידות פנקירול', 399, 461),
(363, 59, 'Combo Grande 2', 'Combo Grande 2', '8 x tsunami\n8 x yasahu roll\n8 x  funkyroll\n16 x dynamite\n8 x salmon tempura\n8 x avocado maki\n8 x Salmon\n8 x Mamma San wrapped in chives\n8 x Mamma San wrapped in sweet potato\n8 x Papa San wrapped  in crispy sweet potato\n8 x salmon tempura wrapped in crispy sweet potato ', '8 יחידות צונאמי\n8 יחידות יסאהי רול\n8 יחידות פנקירול\n16 יחידות דינמייט\n8 יחידות סלמון טמפורה\n8 יחידות מאקי אבוקדו\n8 יחידות מאקי סלמון\n8 יחידות מאמא סאן בציפוי עירית\n8 יחידות מאמא סאן בציפוי בטטה\n8 יחידות פאפא סאן בציפוי קריספי בטטה\n8 יחידות סלמון טמפורה בציפוי קריספי בטטה\n\n ', 315, 462),
(364, 60, 'Fanta', 'פאנטה', '', '', 10, 463),
(365, 60, 'Carlsberg', 'קרלסברג', '', '', 20, 464),
(366, 60, 'Appe juice', 'תפוחים', '', '', 10, 465),
(367, 60, 'Grape juice', 'ענבים', '', '', 10, 466),
(368, 60, 'Orange juice', 'תפוזים', '', '', 10, 467),
(369, 60, 'Grapefruit juice', 'אשכוליות', '', '', 10, 468),
(370, 60, 'Fuze tea', 'פיוז טי', '', '', 10, 469),
(371, 60, 'Flavored water', 'מים בטעמים', '', '', 10, 470),
(372, 60, 'Soda water', 'סודה', '', '', 10, 471),
(373, 60, 'Diet Sprite', 'דיאט ספרייט', '', '', 10, 472),
(374, 60, 'Sprite ', 'ספרייט', '', '', 10, 473),
(375, 60, 'Cola Zero', 'קולה זירו', '', '', 10, 474),
(376, 60, 'Diet Cola', 'דיאט קולה', '', '', 10, 475),
(377, 60, 'Coca cola', 'קולה', '', '', 10, 476),
(378, 60, 'Sake', 'סאקי', '', '', 29, 477),
(379, 60, 'Tuborg', 'טובורג', '', '', 20, 478),
(383, 61, 'Assorted Pastries', 'מבחר מאפים', 'Selection of pastries baked daily:  butter cream almonds, sweet cheese, chocolate, cinnamon, butter, slice of crunch cake, cheese borekas', 'מבחר משתנה של מאפי חמאה הנאפים יום יום: קרם שקדים, גבינה מתוקה, שוקולד, קינמון, חמאה, פרוסת עוגת קראנץ, בורקס גבינה', 17, 482),
(385, 61, 'Muesli', 'מעדן מוזלי', 'Granola, seasonal fruits and cranberry, dipped in yogurt. Served with silan on the side ', 'גרנולה, פירות העונה וחמוציות, טבולים ביוגורט. מוגש עם סילאן בצד', 35, 484),
(386, 61, 'Mini pancakes', 'מיני פנקייקים', 'Mini pancakes with bananas, toffee caramel, whipped cream, pecans, toasted coconut and icing sugar', 'בתוספת בננות, קרמל טופי, גבינה מוקצפת, פקאן סיני, קוקוס קלוי ואבקת סוכר', 39, 485),
(387, 61, 'Malawah', 'מלאווח', 'Baked malawach with boiled egg, tomatoes, fresh vegetables, cream cheese and harissa', 'מלאווח אפוי, ביצה קשה, רסק עגבניות שטח, ירקות טריים, גבינת שמנת ואריסה', 37, 486),
(388, 61, 'House shakshuka', 'שקשוקה של בית ', 'Served on a hot skillet with two eggs, salad and homemade bread', 'מוגשת על מחבת לוהטת עם שתי ביצים, סלט אישי ולחם הבית', 49, 487),
(389, 61, 'Balkan shakshuka', 'שקשוקה בלקנית', 'Bulgarian, pesto and eggplant - served on a hot skillet with two eggs, salad and homemade bread', 'בולגרית, פסטו וחציל -  מוגשת על מחבת לוהטת עם שתי ביצים, סלט אישי ולחם הבית', 52, 488),
(390, 61, 'Bell pepper shakshuka', 'שקשוקה פלפל', 'Falafel balls, sesame paste, parsley and sumac - served on a hot skillet with two eggs, salad and homemade bread', 'כדורי פלאפל, טחינה גולמית, פטרוזיליה וסומק -  מוגשת על מחבת לוהטת עם שתי ביצים, סלט אישי ולחם הבית', 52, 489),
(391, 61, 'Green shakshuka', 'שקשוקה ירוקה', 'Chard, spinach, sliced garlic, Bulgarian cheese and two eggs on a hot skillet. Served with bread', 'תבשיל מנגולד, תרד, שום פרוס, גבינה בולגרית ושתי ביצים על מחבת לוהטת. מוגש עם לחם הבית', 56, 490),
(392, 62, 'Yair Salad', 'סלט יאיר', 'Cucumber, tomato, onion, lettuce and parsley, chopped and seasoned with olive oil and lemon juice, boiled egg and tahini', 'מלפפון, עגבנייה, בצל, חסה ופטרוזיליה קצוצים ומתובלים בשמן זית ולימון, ביצה קשה וטחינה גולמית', 45, 491),
(393, 62, 'Druza', 'דרוזי', 'Cucumber, tomato, onion, peppers, red cabbage, lettuce and parsley, chopped and seasoned with olive oil and lemon, olives and crunchy granola\\, spread on a laffa with Labaneh and decorated with za''atar and sumac', 'מלפפון, עגבנייה, בצל, פלפלים, כרוב סגול, חסה ופטרוזיליה, קצוצים ומתובלים בשמן זית ולימון, זיתי קלמטה וקראנץ'' בריאות, מונח על לאפה עם לאבנה ומעוטר בזעתר וסומק ', 49, 492),
(394, 62, 'Fatoush', 'פאטוש', 'Lettuce, cucumber, pepper, tomato slices, cherry tomatoes, carrots, cabbage, olives, onions, cubes of Bulgarian cheese and toasted croutons. Seasoned with pesto, olive oil and lemon mixture with sunflower seeds', 'חסה, מלפפון, פלפל, פלחי עגבנייה, עגבניות שרי, גזר, כרוב, זיתי קלמטה, בצל, קוביות בולגרית וקוביות לחם קלויות. מתובל ברוטב פסטו, שמן זית ולימון עם תערובת גרעינים קלויים', 57, 493),
(395, 62, 'Sweet Sabich', 'סביח מחוזק', 'Boiled egg, hot chickpeas, eggplant and potato cubes sautéed with parsley and garlic, laid on cucumber, tomato, onion and parsley, chopped and seasoned with olive oil and lemon. garnished with falafel balls and tahini', 'ביצה קשה, מסאבחה של גרגרי חומוס חמים, חציל וקוביות תפו"א מוקפצים בפטרוזיליה ושום, מונחים על מלפפון, עגבנייה, בצל ופטרוזיליה, קצוצים ומתובלים בשמן זית ולימון. מחוזק עם כדורי פלאפל וטחינה מעל', 59, 494),
(396, 62, 'Toast', 'טוסט', 'Squares of toast with cheese sauteed in garlic butter on a bed of lettuce, cabbage, tomatoes, carrots and cucumber. Spicy citrus vinaigrette, sesame and grated Bulgarian cheese.', 'קוביות טוסט עם גבינה צהובה מוקפצות בחמאת שום על מצע חסות, כרוב, עגבניות שרי, גזר ומלפפון. מתובל בוויניגרט הדרים, שומשום ובולגרית מגורדת.', 59, 495),
(397, 62, 'Burgul with lentils', 'בורגול עדשים', 'Bulgur, black lentils, baked sweet potato cubes, trail mix, cranberry, cucumber, tomato, onion, pepper and parsley. Seasoned in date honey, olive oil, grated lemon and Bulgarian cheese', 'בורגול, עדשים שחורות, קוביות בטטה אפויות, תערובת נשנושים, חמוציות, מלפפון, עגבנייה, בצל, פלפל ופטרוזיליה. מתובל בסילאן, שמן זית, לימון ובולגרית מגורדת', 59, 496),
(398, 62, 'Sweet potato', 'בטטה', 'Baked sweet potato cubes, grated Bulgarian cheese and sweet potato fries on a bed of lettuce, cabbage, tomatoes, carrots and cucumber. Seasoned with  citrus vinaigrette and crunchy granola', 'קוביות בטטה אפויות, גבינת בולגרית מגורדת וצ''יפס בטטה על מצע חסות, כרוב, עגבניות שרי, גזר ומלפפון. מתובל בוויניגרט הדרים וקראנץ'' בריאות', 59, 497),
(399, 62, 'Champignon', 'שמפיניון', 'Sauteed mushrooms with pesto and diced Bulgarian, lying on a bed of lettuce, cabbage, tomatoes, carrots and cucumber. Seassoned with citrus vinaigrette and toasted sesame seeds', 'פטריות שמפיניון מוקפצות עם פסטו וקוביות בולגרית, מונחות על מצע חסות, כרוב, עגבניות שרי, גזר ומלפפון. מתובל בוויניגרט הדרים ושומשום קלוי', 62, 498),
(400, 62, 'Tuna', 'טונה', 'Lettuce, tomato, cucumber and onion, chopped and seasoned with olive oil and lemon, with tuna, grated potato, grated hard-boiled egg, pickles, olives and za''atar', 'חסה, עגבנייה, מלפפון ובצל, קצוצים ומתובלים בשמן זית ולימון, עם טונה, תפו''''א מגורד, ביצה קשה מגורדת, מלפפון חמוץ, זעתר וזיתי קלמטה', 59, 499),
(401, 62, 'Haloumi and mushroom', 'חלומי ופטריות', 'Halloumi cheese cubes, nuts and mushrooms, stir-fried parsley, garlic, teriyaki sauce, on a bed of lettuce, cabbage, tomatoes, carrots and cucumber.  Seasoned with citrus vinaigrette and a mix of roasted sunflower seeds', 'קוביות גבינה חלומי, אגוזי מלך ופטריות, מוקפצים ופטרוזיליה, שום וטריאקי, על מצע חסות, כרוב, עגבניות שרי, גזר ומלפפון. מתובל בוויניגרט הדרים ותערובת גרעינים קלויים', 63, 500),
(402, 63, 'Penne pizza', 'פנה פיצה', 'Pasta penne in rosa sauce, with creamy mozzarella and oregano', 'פסטה פנה ברוטב רוזה מוקרמת במוצרלה ואורגנו', 49, 501),
(403, 63, 'Fettuccini', 'פטוצ''ילי', 'Pappardelle pasta with cream sauce, sweet chili, sweet potato and scallion', 'פסטה פפרדלה ברוטב שמנת, צ''ילי מתוק, בטטה ובצל ירוק', 51, 502),
(404, 63, 'Sweet potato ravioli ', 'רביולי בטטה', 'Ravioli stuffed with sweet potato cream in a rosa sauce', 'רביולי ממולא קרם בטטה ברוטב רוזה', 58, 503),
(405, 63, 'Cheese Ravioli', 'רביולי גבינות', 'רביולי ממולא בריקוטה, פרמז''ן ובזיליקום ברוטב שמנת פטריות', 'רביולי ממולא בריקוטה, פרמז''ן ובזיליקום ברוטב שמנת פטריות', 58, 504),
(406, 63, 'Ricotta spinach ravioli', 'רביולי ריקוטה תרד', 'Large ravioli stuffed with spinach and cheese, in a Swiss chard and cream sauce', 'רביולי גדול ממולא בתרד וגבינות, ברוטב שמנת מנגולד', 63, 505),
(407, 63, 'Mushroom tortellini', 'טורטליני פטריות', 'Pasta pockets stuffed with mushrooms,in a mushroom cream sauce with pesto', 'כיסוני פסטה ממולאים בפטריות שמפיניון, ברוטב שמנת פטריות ופסטו', 63, 506),
(408, 63, 'Lasagna Rotollo', 'לזניה רוטולו', 'Pasta roses filled with cheese and seasonal vegetables, tomato and cream sauce, enriched with mozzarella. Served with salad', 'שושני פסטה במילוי גבינות וירקות העונה, מונחים ברוטב עגבניות ושמנת ומוקרמים במוצרלה. מוגשת עם סלט אישי', 63, 507),
(409, 63, 'Pizza Bianca', 'פיצה ביאנקה', 'Thin crust pizza with smoked salmon, cream sauce, mozzarella cheese, mushrooms and green onions', '  בצק דק, סלמון מעושן ,רוטב שמנת, גבינת מוצרלה, פטריות ובצל ירוק', 57, 508),
(410, 63, 'Pizza', 'פיצה', 'Optional additions: Bulgarian cheese, onions, tomatoes, roasted peppers, tuna, grilled eggplant, mushrooms, green olives (choose 3)', 'תוספת לבחירה: גבינה בולגרית, בצל, עגבניות, פלפל קלוי, טונה, חציל קלוי, פטריות, זיתים ירוקים (3 לבחירה)', 46, 509),
(411, 64, 'Omelette', 'חביתה', 'With a challah roll, cream cheese, eggs, tomato, pickles and lettuce', 'לחמניית חלה, גבינת שמנת, חביתה, עגבנייה, מלפפון חמוץ וחסה', 44, 510),
(412, 64, 'Egg salad', 'סלט ביצים', 'With a challah roll, egg salad, tomato, cucumber and lettuce', 'לחמניית חלה, סלט ביצים, עגבנייה, מלפפון וחסה', 47, 511),
(413, 64, 'Balkan', 'בלקני', 'Ciabatta, pesto, Bulgarian cheese, cream cheese, roasted peppers and eggplant. Served hot', 'ג''בטה, פסטו, גבינה בולגרית, גבינת שמנת, פלפל קלוי וחציל. מוגש חם', 51, 512),
(414, 64, 'Tuna', 'טונה', 'Ciabatta, harissa, tuna salad, lettuce, tomato and boiled egg', 'ג''בטה, אריסה, סלט טונה, עגבנייה, חסה וביצה קשה', 47, 513),
(415, 64, 'Smoked salmon', 'סלמון מעושן', 'Ciabatta, cream cheese, smoked salmon, hard-boiled egg, lettuce, tomato and green onion', 'ג''בטה, גבינת שמנת, סלמון מעושן, ביצה קשה, חסה, עגבנייה ובצל ירוק', 56, 514),
(416, 64, 'Haloumi cheese burger', 'בורגר חלומי', 'Hamburger bun filled with seared haloumi cheese, tzatziki, lettuce, tomato, red onion and pickles', 'לחמניית המבורגר, חלומי צרוב, צזיקי, חסה, עגבנייה, בצל סגול ומלפפון חמוץ', 54, 515),
(417, 64, 'Greg toast', 'טוסט גרג', 'Bagel with butter, garlic, cheese, tomato, onion and boiled egg', 'בייגל, חמאת שום, גבינה צהובה, עגבנייה, בצל וביצה קשה', 47, 516),
(418, 64, 'American bagel', 'בייגל אמריקאי', 'Open bagel with cream cheese, pesto and mozzarella gratin', 'בייגל פתוח, פסטו וגבינת שמנת מוקרם במוצרלה', 53, 517),
(419, 64, 'Sabich torilla', 'טורטייה סביח משופר', 'Eggplant, tomato, potato, hard-boiled egg, falafel balls, tahini, jalapeno, cumin and parsley, wrapped in a crispy tortilla', 'חציל, עגבנייה, תפו"א, ביצה קשה, כדורי פלאפל, טחינה, חלפיניו, כמון ופטרוזיליה במעטפת טורטייה פריכה', 47, 518),
(420, 64, 'Mushroom tortilla', 'טורטייה שמפיניון', 'Fried mushrooms with onions, cream cheese and Bulgarian cheese, wrapped in a crispy tortilla', 'פטריות מוקפצות עם בצל, גבינת שמנת ובולגרית במעטפת טורטייה פריכה.', 49, 519),
(421, 65, 'Soup of the day', 'מרק הבית ', 'A selection of fresh soups, changing each day', 'מבחר יומי משתנה', 21, 520),
(422, 65, 'Small Greek salad', 'יווני קטן', 'Sliced tomatoes, halved cherry tomatoes, cucumber, pepper, lettuce, red onion, olives, sliced Bulgarian cheese with oregano and olive oil', 'פלחי עגבנייה, שרי חצוי, מלפפון, פלפל, חסה, בצל סגול, זיתי קלמטה, פרוסת בולגרית עם אורגנו ושמן זית', 34, 521),
(423, 65, 'Namas', 'נאמס', 'Fried rice dumplings filled with vegetables, cilantro and bean noodles, seasoned with Indonesian sauce.  Served with lettuce, spicy chilli rings and mint. Spicy.', 'כיסוני בצק אורז מטוגנים במילוי ירקות טריים, כוסברה ואטריות שעועית.\nמוגשים על רוטב אינדונזי בעלי חסה, טבעות צ''ילי חריף ועלי נענע. חריף.', 37, 522),
(424, 65, 'Polenta', 'פולנטה', 'Soft corn polenta stir-fried with mushrooms, walnuts and grated Bulgarian cheese', 'פולנטה תירס רכה עם פטריות, מוקפצות, אגוזי מלך ובולגרית מגורדת', 36, 523),
(425, 65, 'Fish Croquettes ', 'קרוקט דג ים', 'Breaded fish and potato croquettes seasoned with herb aioli', 'לביבות תפו"א ודג בציפוי פריך ואיולי עשבי תיבול', 37, 524),
(426, 65, 'Indian Samosa', 'סמוסה הודית', 'Indian dumplings stuffed with peas, potatoes and seasoned with yogurt, curry and avocado', 'כיסוני בצק הודיים ממולאים בתפו"א ואפונה עם מתבלים של יוגורט, קארי ואבוקדו', 32, 525),
(427, 65, 'Pastilla', 'פסטייה', 'Pastry stuffed with fried mozzarella, yellow, feta, onions, mushrooms, parsley and cranberries, spiced with fine cinnamon. Served topped with tahini, sesame and date honey', 'רולים מטוגנים ממולאים במוצרלה, צהובה, פטה, בצל מטוגן, פטריות, פטרוזיליה וחמוציות, בתיבול קינמון עדין. מוגשת בעיטור טחינה, סילאן ושומשום', 39, 526),
(428, 66, 'Greg''s Stuffed Vegetables', 'הממולאים של גרג', 'A selection of market vegetables stuffed with rice and dates on a bed of  tzatziki', 'מבחר ירקות השוק ממולאים באורז ותמרים ומונחים על צזיקי', 64, 527),
(429, 66, 'Quiche', 'קיש', 'Wholewheat quiche filled with selected vegetables. Served with a side salad and tzatziki', 'קיש מחיטה מלאה במילוי משתנה של ירקות השוק. מוגש בליווי סלט אישי וצזיקי', 52, 528),
(430, 66, 'Creamed Potatoes', 'תפו"א מוקרם', 'Potato cubes in a creamy mushroom sauce, baked in a stone oven and served with a side salad', 'קוביות תפו''''א ברוטב שמנת ופטריות, מוקרמות בתנור אבן, מוגש בליווי סלט אישי ', 46, 529),
(431, 66, 'Masala Fish', 'דג מסאלה', 'Garden peas, potatoes, onions, green beans, cherry tomatoes, green onions and diced salmon in a garam masala and yogurt sauce. Served with white rice', 'אפונה גינה, תפו''''א, בצל, שעועית ירוקה, עגבניות שרי, בצל ירוק וקוביות סלמון ברוטב גראם מסאלה ויוגורט.  מוגש עם אורז לבן', 69, 530),
(432, 66, 'Indian Thali', 'טאלי הודי', 'Lentils cooked in dahl, chickpeas, spicy spinach, potatoes and green peas, served with rice, yogurt masala, raita, pumpkin chutney and chapati', 'תבשילים של דאל עדשים כתומות, חומוס ותרד פיקנטי, תפו''''א ואפונת גינה, מוגשים עם אורז, יוגורט מסעלה, ראיטה, צ''אטני דלעת וצ''פאטי', 58, 531),
(433, 66, 'Stir Fried Noodles', 'מוקפץ נודלס', 'Strips of onion, pepper, cabbage, mushrooms, green beans, carrots, sprouts, peas and onions, stir-fried noodles with teriyaki sauce. Dressed with crushed peanuts.', 'רצועות בצל, פלפל, כרוב, פטריות, שעועית ירוקה, גזר, נבטים, אפונה ובצל ירוק, מוקפצים עם נודלס ברוטב טריאקי. מוגש עם בוטנים גרוסים מעל', 56, 532),
(434, 66, 'Salmon Pad Thai', 'פאד תאי סלמון', 'Wide rice noodles and stir fried salmon cubes with strips of onion, pepper, cabbage, mushrooms, carrots, green beans, sprouts, peas, onions and peanut sauce shredded spicy Pad Thai sauce. Served with a lemon quarter, sunflower sprouts and black sesame. Spicy.', 'אטריות אורז רחבות וקוביות סלמון מוקפצות עם רצועות בצל, פלפל, כרוב, פטריות, גזר, שעועית ירוקה, נבטים, אפונה, בצל ירוק ובוטנים גרוסים ברוטב פאד תאי פיקנטי. מוגש עם רבע לימון, נבטי חמנייה ושומשום שחור. חריף.', 69, 533),
(435, 67, 'Fish & Chips', 'פיש אנד צ''יפס', 'Crispy fish, served with aioli sauce, herbs and a helping of thin chips. Served with a side salad.', 'דג פריך, מוגש עם רוטב איולי, עשבי תיבול וערימה של צ''יפס דק.\n מוגש עם סלט אישי ', 69, 534);
INSERT INTO `items` (`id`, `category_id`, `name_en`, `name_he`, `desc_en`, `desc_he`, `price`, `sort`) VALUES
(436, 67, 'Salmon in Lemon', 'סלמון בלימון', 'Norwegian salmon fillet baked in a stone oven lemon with herbs on a bed of peas, beans, onions, mushrooms, cherry tomatoes and olives sauteed in olive oil, parsley, garlic and lemon. Served with salad.', 'פילה סלמון נורווגי אשוי בתנור אבן בלימון ועשבי תיבול על מצע אפונה, שעועית, בצל, פטריות, עגבניות שרי וזיתי קלמטה מוקפצים בשמן זית, פטרוזיליה, שום ולימון. מוגש עם סלט אישי.', 84, 535),
(437, 67, 'Sea Bass Fillet', 'פילה לברק', 'Pan seared sea bass fillet, on a bed of spaghetti with olive oil, olives, tomatoes, peas and almonds. Served with salad.', 'פילה לברק צרוב במחבת, מונח על ספגטי בשמן זית, זיתי קלמטה, עגבניות, אפונה ושקדים קלויים. מוגש עם סלט אישי.', 98, 536),
(438, 68, 'Double Felafel Burger', 'דאבל פלאפל בורגר', 'Falafel patties, fried eggplant, tahini, jalapeno, pickles and tomato on a hamburger bun. Served with a stack of thin chips', 'קציצות פלאפל, חציל מטוגן, טחינה, חלפיניו, מלפפון חמוץ ועגבנייה בלחמניית המבורגר נימוחה. מוגש בליווי ערימה של צ''יפס דק', 49, 537),
(439, 69, 'Nature Morning', 'בוקר בטבע', 'Chickpea omelette on a thin pastry with toppings of your choice: eggplant pesto, ground harissa, falafel filled with tahini in a sweet chilli sauce, avocado chipotle, matboucha, cubed feta with za''atar, salad, homemade bread, jam, coffee and orange juice / lemonade / red grapefruit / carrot / apple plus 6/9 ₪', 'חביתת חומוס על עלה סיגר עם תוספות לבחירה, חציל פסטו, טחינת אריסה, פלאפל במילוי טחינה בצ''ילי מתוק, אבוקדו עם צ''יפוטלה, מטבוחה, קוביות בסגנון פטה עם זעתר, סלט אישי, לחם הבית, קונפיטורה, קפה ותפוזים / לימונדה / אשכוליות אדומות / גזר / תפוחים בתוספת 6/9 ₪', 63, 538),
(440, 69, 'Vegan Shakshuka', 'שקשוקה טבעונית', 'Tomato sauce, garlic and roasted peppers with falafel balls, roasted eggplant, diced sweet potato, mushrooms and parsley. Served with bread and salad', 'רוטב עגבניות, שום ופלפלים קלויים עם כדורי פלאפל, חציל קלוי, קוביות בטטה, פטריות ופטרוזיליה. מוגשת עם לחם הבית וסלט אישי', 52, 539),
(441, 69, 'Health Sandwich', 'כריך בריאות', 'Ciabatta, lentil pancakes and Chia, tahini, roasted eggplant, tomato, lettuce and chopped fresh parsley. Served with salad', 'ג''בטה, לביבות עדשים וצ׳יה, טחינה, חציל קלוי, עגבנייה, חסה קצוצה ופטרוזיליה טרייה. מוגש עם סלט אישי', 48, 540),
(442, 69, 'Avocado Sandwich', 'כריך אבוקדו ', 'Ciabatta, avocado, sesame paste, shredded lettuce, tomato and roasted eggplant. Served with salad', 'ג''בטה, אבוקדו, טחינה גולמית, חסה קצוצה, עגבנייה וחציל קלוי. מוגש עם סלט אישי', 47, 541),
(443, 69, 'Home Fries Salad', 'סלט הום פרייז', 'Fried potato cubes with sweet chilli, trail mix, garlic and parsley, on a bed of lettuce, red cabbage, tomatoes, carrots and cucumber. Seasoned with citrus vinaigrette and sesame. Served with house bread. Spicy.', 'קוביות תפו''''א מטוגנות בצ''ילי מתוק, תערובת נשנושים, שום ופטרוזיליה, על מצע חסות, כרוב סגול, עגבניות שרי, גזר ומלפפון.  מתובל בוויניגרט הדרים ושומשום. מוגש בתוספת לחם הבית. חריף.', 61, 542),
(444, 69, 'Felafel Stuffed with Tahini', 'פלאפל במילוי טחינה', 'Falafel patties filled with tahini, served with harissa, sweet chili and garlic dill dips', 'קציצות פלאפל במילוי טחינה, מוגשות עם מטבלים של טחינת אריסה, צ''ילי מתוק ושום שמיר', 35, 543),
(445, 69, 'Chia and Lentil Croquettes', 'לביבות עדשים וצ''יה', 'Oven baked lentil croquettes served with peas, beans, onions, mushrooms, tomatoes and kalamata olives, sauteed in olive oil, parsley, garlic and lemon. Served with garam masala and garlic dill dips and a  side salad', 'לביבות קטניות אפויות בתנור, מוגשות עם אפונה, שעועית, בצל, פטריות, עגבניות שרי וזיתי קלמטה, מוקפצים בשמן זית, פטרוזיליה, שום ולימון. מוגשות בליווי מטבלי גרם מסאלה ושום שמיר, לצד סלט אישי', 49, 544),
(446, 69, 'Chow Mein', 'צ''או מיין ', 'Wide rice noodles, onions, mushrooms, green beans, peas, eggplant, cabbage, carrots, spicy Thai sauce, peanuts and scallions. Very spicy.', 'אטריות אורז רחבות, בצל, פטריות, שעועית ירוקה, אפונה, חצילים, כרוב, גזר, רוטב תאילנדי חריף, בוטנים ובצל ירוק. חריף מאוד.', 52, 545),
(447, 70, 'Coca Cola', 'שתייה קלה', '', 'קוקה-קולה\n', 13, 546),
(448, 70, 'Diet Coke', 'שתייה קלה', '', 'דיאט קוקה-קולה', 13, 547),
(449, 70, 'Coke Zero', 'שתייה קלה', '', 'קוקה-קולה זירו', 13, 548),
(450, 70, 'Sprite', 'שתייה קלה', '', 'ספרייט', 13, 549),
(451, 70, 'Sprite Zero', 'שתייה קלה', '', 'ספרייט זירו', 13, 550),
(452, 70, 'Fanta', 'שתייה קלה', '', 'פאנטה', 13, 551),
(453, 70, 'Fuze Tea', 'שתייה קלה', '', 'פיוז tea', 13, 552),
(454, 70, 'Neviot flavored water', 'שתייה קלה', '', 'נביעות+ בטעמים עדינים', 13, 553),
(455, 70, 'Prigat Grape drink', 'שתייה קלה', '', 'פריגת ענבים', 13, 554),
(456, 70, 'Neviot Mineral Water', 'נביעות מים מינרליים ', '', '', 10, 555),
(457, 70, 'Perarela', 'פֶרָרֶלֵה', '', 'מים מינרליים מוגזים טבעי', 13, 556),
(458, 70, 'Malty - Black beer', 'מאלטי - בירה שחורה ', '', '', 13, 557),
(459, 70, 'Wizotsky Ice Tea', 'חליטת ויסוצקי אייס תה בטעמים', '', '', 13, 558),
(460, 70, 'Old Fashioned ''Gazoz''', 'גזוז של פעם', 'Large Italian soda syrup with a range of flavors to choose from: mango, strawberry, banana, passion fruit, apple cider', 'סודה גדולה בתוספת סירופ איטלקי בטעמים לבחירתך: מנגו, תות, בננה, פסיפלורה, סיידר תפוח', 15, 559),
(461, 70, 'Ice cold fruit or herb tea', 'חליטות תה קר מאוד מפירות או צמחים', '', '', 15, 560),
(468, 72, 'Freshly squeezed carrot', 'גזר סחוט טרי', 'Small', 'קטן', 17, 567),
(469, 72, 'Freshly squeezed carrot', 'גזר סחוט טרי', 'Large', 'גדול', 20, 568),
(470, 72, 'Red grapefruit', 'אשכולית אדומה', 'Small', 'קטן', 15, 569),
(471, 72, 'Red grapefruit', 'אשכולית אדומה', 'Large', 'גדול', 18, 570),
(472, 72, 'Lemonade', 'לימונדה', 'Small', 'קטן', 13, 571),
(473, 72, 'Lemonade', 'לימונדה', 'Large', 'גדול', 16, 572),
(474, 72, 'Lemon/mint', 'לימונענע / גרוס ', 'Small', 'קטן', 15, 573),
(475, 72, 'Lemon/mint', 'לימונענע / גרוס ', 'Small', 'גדול', 18, 574),
(476, 72, 'Apple juice ', 'מיץ תפוחים סחוט טרי', 'Large', 'קטן', 21, 575),
(477, 72, 'Apple juice ', 'מיץ תפוחים סחוט טרי', 'Small', 'גדול', 24, 576),
(478, 72, 'Shake (water based)', 'שייק על בסיס מים', '', 'טעמים של השייק מיקס פירות טבעי: מנגו תות / מנגו מלון אננס / תות בננה תמר / בננה תמר מנגו', 23, 577),
(479, 72, 'Shake (milk based)', 'שייק על בסיס חלב / מיץ תפוזים / לחב סויה', '', 'טעמים של השייק מיקס פירות טבעי: מנגו תות / מנגו מלון אננס / תות בננה תמר / בננה תמר מנגו', 26, 578),
(480, 72, 'Shake (orange juice based)', 'שייק על בסיס תפוזים', '', 'טעמים של השייק מיקס פירות טבעי: מנגו תות / מנגו מלון אננס / תות בננה תמר / בננה תמר מנגו', 26, 579),
(481, 72, 'Shake (soymilk based)', 'שייק על בסיס סויה', '', 'טעמים של השייק מיקס פירות טבעי: מנגו תות / מנגו מלון אננס / תות בננה תמר / בננה תמר מנגו', 26, 580),
(482, 72, 'Yoghurt based shake', 'שייק על בסיס יוגורט', '', 'טעמים של השייק מיקס פירות טבעי: מנגו תות / מנגו מלון אננס / תות בננה תמר / בננה תמר מנגו', 27, 581),
(483, 72, 'Healthy hot drink', 'משקה בריאות חם', 'Cinnamon stick, ginger, dried apple, mint and honey', 'מקל קינמון, ג''ינג''ר, תפוח מיובש, נענע, לימון ודבש', 18, 582),
(484, 72, 'Healthy hot drink with color', 'בריאות בצבע חם', 'Fruits of the forest, date honey, lemon slices with a hint of syrup and passiflora', 'פירות יער, סילאן, נענע, פלח לימון, נגיעה על סירופ, פסיפלורה', 19, 583),
(485, 73, 'Belgian Waffles', 'וופל בלגי', 'Sauces to choose from: chocolate nuts, butterscotch, white chocolate and maple. Served with ice cream and whipped cream ', 'רטבים לבחירה: שוקולד אגוזים, ריבת חלב, שוקולד לבן ומייפל. מוגש בתוספת כדור גלידה וקצפת ', 43, 584),
(486, 73, 'With fruit salad', 'תוספת סלט פירות', '', '', 5, 585),
(487, 73, 'Dessert cakes', 'קינוחים ועוגות', 'Daily selection', 'מבחר משתנה', 39, 586),
(488, 73, 'Sugarless desserts', 'קינוחים ללא תוספת סוכר', 'Apple pie / cheese crumb cake', 'פאי תפוחים/גבינה פירורים', 39, 587),
(489, 73, 'Belgian Chocolate Cake', 'עוגה בלגית', 'Hot chocolate cake, served with a scoop of ice cream and whipped cream', 'עוגת שוקולד חמה, מוגשת עם כדור גלידה וקצפת', 39, 588),
(490, 73, 'Hot Chocolate Fudge Cake', 'פאדג'' שוקולד חם', 'Hot chocolate cake, served with a scoop of ice cream and whipped cream', 'עוגת שוקולד חמה, מוגשת עם כדור גלידה וקצפת', 39, 589),
(491, 73, 'Pie', 'פאי', 'Choice if individual pies with scoop of ice cream and whipped cream', 'מבחר פאיים אישיים עם כדור גלידה וקצפת', 38, 590),
(492, 73, 'Fruit Salad', 'סלט פירות', 'Fresh seasonal fruit salad', 'סלט פירות טרי ממבחר פירות העונה', 20, 591),
(493, 73, 'Macaron Plate', 'צלחת מקרונים', '4 pieces', '4 יחידות', 24, 592),
(494, 73, 'Brownies', 'בראוניס', 'Rich chocolate slice with walnuts. Served with whipped cream', 'מאפה עשיר בשוקולד עם אגוזי מלך. מוגש חם בליווי קצפת', 19, 593),
(495, 73, 'Health Cake', 'עוגיית בריאות', 'Cookies made from granola, walnuts and dried fruit', 'עוגיית גרנולה, אגוזים ופירות יבשים', 12, 594),
(496, 73, 'Cookie Plate', 'צלחת עוגיות', '5 pieces', '5 יחידות', 10, 595),
(497, 73, 'Alfajores', 'אלפחורס', 'South American butterscotch cookies', 'עוגיית ריבת חלב דרום אמיקאית', 10, 596),
(498, 73, 'Ice Cream Scoop', 'כדור גלידה', 'Choice of flavors', 'במבחר טעמים', 10, 597),
(499, 74, 'Cranberry Cheese', 'קרנברי צ''יז', 'Vanilla ice cream cream based drink with cream, cookie crumbs and berries ', 'משקה על בסיס גלידה וניל, שמנת, פירורי עוגיות ופירות יער', 24, 598),
(500, 74, 'Banana Chunk', 'בננה צ׳אנקי', 'Vanilla ice cream based drink with chocolate, hazelnuts, banana and walnuts', 'משקה על בסיס גלידת וניל, שוקולד אגוזים, בננה ואגוזי מלך', 24, 599),
(501, 74, 'Champion''s Drink', 'משקה אליפות', 'Scoop of vanilla, sweet cream, espresso and ground pecans', 'כדור גלידת וניל, שמנת מתוקה, אספרסו ופקאן סיני גרוס', 24, 600),
(502, 74, 'Chocochip Coffeeshake', 'קופישייק פצפוצים', 'Vanilla milkshake with chocolate chips, with a shot of espresso, whipped cream and cocoa', 'מילקשייק וניל פצפוצי שוקולד, בתוספת מנת אספרסו, קצפת וקקאו', 24, 601),
(503, 74, 'Cookie Milkshake', 'מילקשייק עוגיות', 'Vanilla ice cream based drink with cookies and cream, whipped cream, sprinkled with bits of cookie', 'משקה על בסיס גלידת וניל קרם עוגיות ופירורי עוגיות בתוספת קצפת ושברי עוגייה מעל', 24, 602),
(504, 74, 'Iced Capuccino', 'קפוצ''ינו קר', 'Small - Cold milk based crink with ice cubes, espresso and frothed milk', 'קטן - משקה על בסיס חלב קר, קוביות קרח, מנת אספרסו וקצף חלב', 15, 603),
(505, 74, 'Iced Capuccino', 'קפוצ''ינו קר', 'Large - Cold milk based crink with ice cubes, espresso and frothed milk', 'גדול - משקה על בסיס חלב קר, קוביות קרח, מנת אספרסו וקצף חלב', 18, 604),
(506, 74, 'Iced Capuccino Deluxe', 'קפוצ''ינו קר מפנק עם קצפת ', 'Small - Ice Capuccino with Italian syrup: vanilla, hazelnut, caramel, banana, Irish Cream, butterscotch', 'קטן - בתוספת סירופ איטלקי בטעמים: וניל, אגוז לוז, קרמל, בננה,\nאייריש קרים, ריבת חלב', 20, 605),
(507, 74, 'Iced Capuccino Deluxe', 'קפוצ''ינו קר מפנק עם קצפת ', 'Large - Ice Capuccino with Italian syrup: vanilla, hazelnut, caramel, banana, Irish Cream, butterscotch', 'גדול - בתוספת סירופ איטלקי בטעמים: וניל, אגוז לוז, קרמל, בננה,\nאייריש קרים, ריבת חלב', 22, 606),
(508, 74, 'Iced Coffee/Lite', 'קפה קפוא / לייט ', 'Small', 'קטן', 16, 607),
(509, 74, 'Iced Coffee/Lite', 'קפה קפוא / לייט ', 'Large', 'גדול', 19, 608),
(510, 74, 'Pecan Granita', 'גרניטה פקאן ', 'Small - iced coffee with added ground pecans', 'קטן - קפה קפוא בתוספת פקאן סיני גרוס\n', 19, 609),
(511, 74, 'Pecan Granita', 'גרניטה פקאן ', 'Large - iced coffee with added ground pecans', 'גדול - קפה קפוא בתוספת פקאן סיני גרוס\n', 22, 610),
(512, 74, 'Cold Chocolate Drink', 'משקה שוקולד קר', 'Small', 'קטן', 16, 611),
(513, 74, 'Cold Chocolate Drink', 'משקה שוקולד קר', 'Large', 'גדול', 18, 612),
(514, 74, 'Milkshake', 'מילקשייק', 'Selection of flavors to choose from ', 'מבחר טעמים לבחירתך', 23, 613),
(515, 74, 'Sangrita', 'סנגריטה', 'Blended fresh oranges and passionfruit, mixed with red wine', 'משקה גרוס מרענן מתפוזים, פסיפלורה ויין אדום', 21, 614),
(516, 75, 'Kebab', 'קבב', 'Comes with humous, chips, and salad', 'חומוס, צ''יפס, סלט', 35, 615),
(517, 75, 'Schwarma', 'שווארמה', 'Comes with humous, chips, and salad', 'חומוס, צ''יפס, סלט', 35, 616),
(518, 75, 'Spring chicken', 'פרגית', 'Comes with humous, chips, and salad', 'חומוס, צ''יפס, סלט', 35, 617),
(519, 75, 'Chicken breast', 'חזה עוף', 'Comes with humous, chips, and salad', 'חומוס, צ''יפס, סלט', 35, 618),
(520, 75, 'Spicy sausages', 'נקניקיות חריפות', 'Comes with humous, chips, and salad', 'חומוס, צ''יפס, סלט', 35, 619),
(521, 75, 'Chicken liver', 'כבד עוף', 'Comes with humous, chips, and salad', 'חומוס, צ''יפס, סלט', 35, 620),
(522, 75, 'Jerusalem mixed grill', 'מעורב ירושלמי', 'Comes with humous, chips, and salad', 'חומוס, צ''יפס, סלט', 35, 621),
(523, 75, 'Chicken hearts', 'לבבות עוף', 'Comes with humous, chips, and salad', 'חומוס, צ''יפס, סלט', 35, 622),
(524, 75, 'Liver skewers', 'שיפודי כבד', 'Comes with humous, chips, and salad', 'חומוס, צ''יפס, סלט', 45, 623),
(525, 75, 'Entrecote skewers', 'שיפודי אנטריקוט', 'Comes with humous, chips, and salad', 'חומוס, צ''יפס, סלט', 45, 624),
(526, 75, 'Chicken nuggets', 'שניצלונים', 'Comes with humous, chips, and salad', 'חומוס, צ''יפס, סלט', 35, 625),
(527, 76, 'Kebab', 'קבב', 'Comes with humous, chips, and salad', 'חומוס, צ''יפס, סלט', 35, 626),
(528, 76, 'Schwarma', 'שווארמה', 'Comes with humous, chips, and salad', 'חומוס, צ''יפס, סלט', 35, 627),
(529, 76, 'Spring chicken', 'פרגית', 'Comes with humous, chips, and salad', 'חומוס, צ''יפס, סלט', 35, 628),
(530, 76, 'Chicken breast', 'חזה עוף', 'Comes with humous, chips, and salad', 'חומוס, צ''יפס, סלט', 35, 629),
(531, 76, 'Spicy sausages', 'נקניקיות חריפות', 'Comes with humous, chips, and salad', 'חומוס, צ''יפס, סלט', 35, 630),
(532, 76, 'Chicken liver', 'כבד עוף', 'Comes with humous, chips, and salad', 'חומוס, צ''יפס, סלט', 35, 631),
(533, 76, 'Jerusalem mixed grill', 'מעורב ירושלמי', 'Comes with humous, chips, and salad', 'חומוס, צ''יפס, סלט', 35, 632),
(534, 76, 'Chicken hearts', 'לבבות עוף', 'Comes with humous, chips, and salad', 'חומוס, צ''יפס, סלט', 35, 633),
(535, 76, 'Liver skewers', 'שיפודי כבד', 'Comes with humous, chips, and salad', 'חומוס, צ''יפס, סלט', 45, 634),
(536, 76, 'Entrecote skewers', 'שיפודי אנטריקוט', 'Comes with humous, chips, and salad', 'חומוס, צ''יפס, סלט', 45, 635),
(537, 76, 'Chicken nuggets', 'שניצלונים', 'Comes with humous, chips, and salad', 'חומוס, צ''יפס, סלט', 35, 636),
(538, 77, 'Kebab', 'קבב', 'Comes with humous, chips, and salad', 'חומוס, צ''יפס, סלט', 45, 637),
(539, 77, 'Schwarma', 'שווארמה', 'Comes with humous, chips, and salad', 'חומוס, צ''יפס, סלט', 45, 638),
(540, 77, 'Spring chicken', 'פרגית', 'Comes with humous, chips, and salad', 'חומוס, צ''יפס, סלט', 45, 639),
(541, 77, 'Chicken breast', 'חזה עוף', 'Comes with humous, chips, and salad', 'חומוס, צ''יפס, סלט', 45, 640),
(542, 77, 'Spicy sausages', 'נקניקיות חריפות', 'Comes with humous, chips, and salad', 'חומוס, צ''יפס, סלט', 45, 641),
(543, 77, 'Chicken liver', 'כבד עוף', 'Comes with humous, chips, and salad', 'חומוס, צ''יפס, סלט', 45, 642),
(544, 77, 'Jerusalem mixed grill', 'מעורב ירושלמי', 'Comes with humous, chips, and salad', 'חומוס, צ''יפס, סלט', 45, 643),
(545, 77, 'Chicken hearts', 'לבבות עוף', 'Comes with humous, chips, and salad', 'חומוס, צ''יפס, סלט', 45, 644),
(546, 77, 'Liver skewers', 'שיפודי כבד', 'Comes with humous, chips, and salad', 'חומוס, צ''יפס, סלט', 60, 645),
(547, 77, 'Entrecote skewers', 'שיפודי אנטריקוט', 'Comes with humous, chips, and salad', 'חומוס, צ''יפס, סלט', 60, 646),
(548, 77, 'Chicken nuggets', 'שניצלונים', 'Comes with humous, chips, and salad', 'חומוס, צ''יפס, סלט', 45, 647),
(549, 78, 'King burger with egg', 'מלך הביצה', 'Lettuce, tomato, onion, goose breast and fried egg', 'חסה, עגבניה, בצל, חזה אווז וביצת עין', 45, 648),
(550, 78, 'Grilled chicken breast', 'חזה עוף בגריל', 'Lettuce, tomato, onion ', 'חסה, עגבניה, בצל', 35, 649),
(551, 78, '230 g burger', 'בורגר גריל 230 ג', 'Lettuce, tomato, onion ', 'חסה, עגבניה, בצל', 35, 650),
(552, 79, 'King burger with egg', 'מלך הביצה', 'Lettuce, tomato, onion, goose breast and fried egg + chips + onion rings + drink', 'חסה, עגבניה, בצל, חזה אווז וביצת עין + צ''יפס + שתיה', 55, 651),
(553, 79, 'Chicken breast', 'חזה עוף', 'Lettuce, tomato, onion, + chips, onion rings + drink', 'חסה, עגבניה, בצל + צ''יפס, טבעות בצל + שתיה', 49, 652),
(554, 79, '230 g burger', 'בורגר גריל 230 ג', 'Lettuce, tomato, onion, + chips, onion rings + drink', 'חסה, עגבניה, בצל + צ''יפס, טבעות בצל + שתיה', 49, 653),
(555, 79, 'Grill burger family size - XL', 'גריל בורגר משפחתי XL', '4 x 230 g burgers + chips + onion rings + 1.5 litre bottle', '4 המבורגרים 230 ג + צ''יפס + בטעות בצל + בקבוק שתיה 1.5 ליטר', 179, 654),
(556, 79, 'Grill burger family size - L', 'גריל בורגר משפחתי L', '2 x 230 g burgers, 2 x kid burgers + chips + onion rings + 1.5 litre bottle', '2 המבורגרים 230 ג, 2 המבורגר קיד + צ''יפס + בטעות בצל + בקבוק שתיה 1.5 ליטר', 139, 655),
(557, 80, 'Family sized pizza', 'מגש פיצה משפחתי', '', '8 משולשים', 19.9, 656),
(558, 81, 'Alfredo', 'אלפרדו', '', '', 14.9, 657),
(559, 81, 'Tomatoes', 'עגבניות', '', '', 14.9, 658),
(560, 81, 'Roza', 'רוזה', '', '', 14.9, 659),
(561, 82, 'Garlic bread', 'לחם שום', 'Large and creamy', 'גדול מוקרם', 11.9, 660),
(562, 82, 'Jachnun', 'ג''חנון', 'With egg and vegetables', 'פלוס ביצה ורסק', 14.9, 661),
(563, 82, 'Malawach', 'מלאווח', 'With egg and vegetables', 'פלוס ביצה ורסק', 14.9, 662),
(564, 82, 'ZIva', 'זיווה', 'With selection of toppings', 'במבחר תוספות', 14.9, 663),
(565, 83, 'Israeli salad', 'סלט ישראלי', '', '', 14.9, 664),
(566, 84, 'Coca Cola 1.5 litre', 'קולה 1.5 ליטר', '', '', 10, 665),
(567, 84, 'Fuze Tea 1.5 litre', 'פוז 1.5 ליטר', '', '', 10, 666),
(568, 84, 'Fuze Tea Grape 1.5 litre', 'פוז בטעם ענבים 1.5 ליטר', '', '', 10, 667),
(569, 84, 'Tropit fruit drink', 'טרופית', '', '', 3, 668),
(570, 85, 'Schnitzel', 'שניצל', '', '', 25, 669),
(571, 85, 'Chicken breast', 'חזה עוף', '', '', 25, 670),
(572, 85, 'Marinated chicken breast', 'חזה עוף במרינה', '', '', 25, 671),
(573, 85, 'Crispy vegetables', 'קריספי ירקות', '', '', 25, 672),
(574, 85, 'Homemade kebabs', 'קבב הבית', '', '', 30, 673),
(575, 85, 'Spicy chicken - hot', 'ספייסי עוף - חריף', '', '', 30, 674),
(576, 85, 'Mexican schnitzel - spicy', 'שניצל ספרדי - חריף', '', '', 30, 675),
(577, 85, 'Crispy star', 'קריספי סטאר', 'Minced meat with fried egg and vegetables', 'בשר טחון עם ביצת עין וירק', 35, 676),
(578, 85, 'Schwarma', 'שווארמה', '', '', 35, 677),
(579, 86, 'Marinated chicken breast', 'חזה עוף במרינה', '', '', 30, 678),
(580, 86, 'Schnitzel', 'שניצל', '', '', 30, 679),
(581, 86, 'Chicken breast', 'חזה עוף', '', '', 30, 680),
(582, 86, 'Mixed grill', 'מעורב', '', '', 35, 681),
(583, 86, 'Mexican schnitzel - spicy', 'שניצל ספרדי', '', '', 35, 682),
(584, 86, 'Homemade kebabs', 'קבב הבית', '', '', 35, 683),
(585, 86, 'Spicy chicken - hot', 'ספייסי עוף - חריף', '', '', 35, 684),
(586, 86, 'Entrecote', 'אטרקוט', '', '', 35, 685),
(587, 86, 'Spring chicken', 'פרגית', '', '', 35, 686),
(588, 86, 'Schwarma', 'שווארמה', '', '', 38, 687),
(589, 87, 'Chldren''s meal', 'ארוחת ילדים', 'Chicken nuggets and chips', 'שניצלונים וצ''יפס', 35, 688),
(590, 87, 'Mixed grill', 'מעורב', '', '', 40, 689),
(591, 87, 'Spring chicken', 'פרגית', '', '', 40, 690),
(592, 87, 'Mexican schnitzel - spicy', 'שניצל ספרדי', '', '', 40, 691),
(593, 87, 'Chicken breast', 'חזה עוף', '', '', 40, 692),
(594, 87, 'Homemade kebabs', 'קבב הבית', '', '', 40, 693),
(595, 87, 'Schnitzel', 'שניצל', '', '', 40, 694),
(596, 87, 'Schwarma', 'שווארמה', '', '', 45, 695),
(597, 88, 'Salad bar', 'סלט להרכבה אישית', '', '', 25, 696),
(598, 88, 'Chicken breast salad', 'סלט חזה עוף', '', '', 35, 697),
(599, 88, 'Schnitzel salad', 'סלט שניצל', '', '', 35, 698),
(600, 88, 'Schwarma salad', 'סלט שווארמה', '', '', 35, 699),
(601, 89, 'Bottle', 'בקבוק', '', '', 9, 700),
(602, 89, 'Can', 'פחית', '', '', 8, 701),
(603, 89, 'Water', 'מים', '', '', 8, 702),
(604, 89, 'Soda', 'סודה', '', '', 8, 703),
(605, 89, 'Beer', 'בירה לבנה', '', '', 15, 704),
(606, 90, 'Chips', 'צ''יפס', '', '', 5, 705),
(607, 90, 'Onion rings', 'טבעות בצל', '', '', 8, 706),
(608, 91, 'Personal pizza pie (S) with topping', 'פיצה אישית (קטן) עם תוספת', '', '', 15, 707),
(609, 91, 'Pizza pie for 2 (M) with topping', 'פיצה זוגית (בינוני) עם תוספת', '', '', 20, 708),
(610, 91, 'Family sized pizza (L) with topping', 'משפחתית (גדול)', '', '', 35, 709),
(611, 91, 'Large pizza (XL) with topping', 'פיצה גדולה (ענק)', '', '', 50, 710),
(612, 92, 'Calzone', 'קלצונה ', '', '', 26, 711),
(613, 92, 'Malawach', 'מלוואח', '', '', 16, 712),
(614, 92, 'Jachnun', 'ג''חנון', '', '', 16, 713),
(615, 92, 'Ziva', 'זיוה', '', '', 23, 714),
(616, 92, 'Garlic bread (single)', 'לחם שון קטן', '', '', 13, 715),
(617, 92, 'Garlic bread (double sized)', 'לחם שום זוגי', '', '', 18, 716),
(618, 93, 'Pasta Neopolitan', ' פסטה נפוליטנה ', '', '', 26, 717),
(619, 93, 'Pasta alfredo', ' פסטה אלפדרו', '', '', 26, 718),
(620, 93, 'Pasta pesto', ' פסטה פסטו', '', '', 26, 719),
(621, 94, 'Israeli', 'ישראלי', '', '', 26, 720),
(622, 94, 'Bulgarian', 'בולגרי', '', '', 30, 721),
(623, 94, 'Tuna', 'טונה', '', '', 30, 722),
(624, 94, 'Greek', 'יוונה', '', '', 32, 723),
(625, 95, 'Malabi', 'מלבי', '', '', 9, 724),
(626, 95, 'Bavarian', 'בוואריה', '', '', 9, 725),
(627, 95, 'Chocolate mousse', 'מוס שוקולד', '', '', 9, 726),
(628, 95, 'Panacotta', 'פנקוטה', '', '', 9, 727),
(629, 95, 'Kadaif', 'קדאיף', '', '', 9, 728),
(630, 95, 'Creme Caramel', 'קרם ריבה חלב', '', '', 9, 729),
(631, 95, 'Cheesecake', 'עוגת גבינה', '', '', 9, 730),
(632, 96, 'Can', 'פחיות', '', '', 7, 731),
(633, 96, '1/2 litre bottle', 'בקבוק 1/2 ל', '', '', 8, 732),
(634, 96, 'Beer', 'בירה', '', '', 11, 733),
(635, 96, 'Fruit juice', 'מיצים טבעיים', '', '', 10, 734),
(636, 96, '1/5 litre bottle', 'בקבוק 1.5 ל', '', '', 11, 735),
(699, 84, 'Zero 1.5 litre', 'זירו 1.5 ליטר', '', '', 0, 0),
(1201, 97, 'Aroma Salad', '', '', '', 39, 736),
(1202, 97, 'Tuna Salad', '', '', '', 39, 737),
(1203, 97, 'Halloumi Cheese salad', '', '', '', 39, 738),
(1204, 97, 'Jerusalem Salad', '', '', '', 39, 739),
(1205, 97, 'Souk Salad', '', '', '', 39, 740),
(1206, 97, 'Mediterranean Tomatoes Salad', '', '', '', 25, 741),
(1207, 97, 'Root Vegetable Salad & Baked Salmon', '', '', '', 49, 742),
(1208, 97, 'Israeli Salad', '', '', '', 29, 743),
(1209, 97, 'The New Pasta Salad', '', '', '', 39, 744),
(1210, 97, 'Quinoa Salad', '', '', '', 42, 745),
(1211, 98, 'Beet, Apple, Carrot, Celery', 'מיץ סלק, תפוח, גזר וסלרי', '', '', 16, 746),
(1212, 98, 'Orange Juice with Spirulina', '', '', '', 21, 747),
(1213, 98, 'Orange Juice', '', '', '', 17, 748),
(1214, 98, 'Carrot Juice', '', '', '', 14, 749),
(1215, 99, 'Orange Breakfast', '', '', '', 36, 750),
(1216, 99, 'Israeli Breakfast', '', '', '', 36, 751),
(1217, 99, 'Sunny Side Up Eggs On a Toasted Bread', '', '', '', 28, 752),
(1218, 99, 'Vegan Breakfast', '', '', '', 36, 753),
(1219, 99, 'Shakshuka', '', '', '', 33, 754),
(1220, 99, 'Yogurt Parfait', '', '', '', 24, 755),
(1221, 99, 'Breakfast On-the-Go', '', '', '', 19, 756),
(1222, 100, 'Chemed Cheese Toast', '', '', '', 39, 757),
(1223, 100, 'Mozzarella Cheese Toast', '', '', '', 39, 758),
(1224, 100, 'Hard Yellow Cheese Toast', '', '', '', 33, 759),
(1225, 100, 'Kids Special Meal', '', '', '', 26, 760),
(1226, 101, 'Apple Cheese tart', 'טארט גבינה ותפוחי-עץ', '', '', 17, 761),
(1227, 101, 'Cheese Danish', '', '', '', 15, 762),
(1228, 101, 'Cinnamon Danish', '', '', '', 13, 763),
(1229, 101, 'Vanilla Danish with Chocolate Chips', '', '', '', 13, 764),
(1230, 101, 'Orange Coconut Cake', '', '', '', 12, 765),
(1231, 101, 'Brownies', '', '', '', 12, 766),
(1232, 101, 'Cheese Pastry', '', '', '', 12, 767),
(1233, 101, 'Croissant', '', '', '', 12, 768),
(1234, 101, 'Chocolate Chip Cookie', '', '', '', 11, 769),
(1235, 101, 'Vegan Phyllo Apple Pastry', '', '', '', 10, 770),
(1236, 101, 'Date Pastry', '', '', '', 10, 771),
(1237, 101, 'Halva Pastry', '', '', '', 10, 772),
(1238, 101, 'Poppy Seed Pastry', '', '', '', 10, 773),
(1239, 101, 'Alfajores', '', '', '', 8, 774),
(1240, 101, 'Almond Croissant', '', '', '', 16, 775),
(1241, 101, 'Rugalach', '', '', '', 3, 776),
(1242, 101, 'Biscotti Biscuit', '', '', '', 3, 777),
(1243, 101, 'Almond Cookies', '', '', '', 2, 778),
(1244, 102, 'Cheese Bourekas', '', '', '', 14, 779),
(1245, 102, 'Phyllo Cheese Pastry', '', '', '', 10, 780),
(1246, 102, 'Bourekas Special', '', '', '', 19, 781),
(1247, 102, 'Bulgarian Cheese Pastry', '', '', '', 15, 782),
(1248, 102, 'Smoked Salmon Croissant Sandwich', '', '', '', 36, 783),
(1249, 103, 'Honey, Cold Pressed Ginger & Turmeric Root with lemon and cinnamon', '', '', '', 16, 784),
(1250, 103, 'Sachlav garnished with coconut, walnuts and cinnamon', '', '', '', 15, 785),
(1251, 103, 'Americano- double espresso & hot water', '', '', '', 8, 786),
(1252, 103, 'Aroma Coffee espresso, chocolate, warm milk, whipped cream, cocoa', '', '', '', 15, 787),
(1253, 103, 'Dutch Hot Chocolate with whipped cream', '', '', '', 10, 788),
(1254, 103, 'Tea', '', '', '', 8, 789),
(1255, 103, 'Hot Chocolate with Mini Marshmallows chocolate, hot frothed milk, mini marshmallows, cocoa', '', '', '', 15, 790),
(1256, 103, 'Large Cappuccino', '', '', '', 12, 791),
(1257, 103, 'Black Coffee freshly ground', '', '', '', 7, 792),
(1258, 103, 'Mocha Coffee espresso,chocolate, hot frothed milk, cocoa', '', '', '', 15, 793),
(1259, 103, 'Small Cappuccino', '', '', '', 8, 794),
(1260, 103, 'Espresso', '', '', '', 7, 795),
(1261, 103, 'Chai Latte vanilla and cinnamon flavored', '', '', '', 15, 796),
(1262, 103, 'Double Espresso', '', '', '', 8, 797),
(1263, 103, 'Hot Chocolate chocolate, hot frothed milk, cocoa', '', '', '', 15, 798),
(1264, 104, 'Honey, Cold Pressed Ginger & Turmeric root with lemon and cinnamon', '', '', '', 16, 799),
(1265, 104, 'Lemonade served with ice', '', '', '', 12, 800),
(1266, 104, 'Mineral Water', '', '', '', 8, 801),
(1267, 104, 'Soda', '', '', '', 8, 802),
(1268, 104, 'Iced Tea peach flavour with ic', '', '', '', 9, 803),
(1269, 104, 'Diet Ice Tea with ice, lemon & mint', '', '', '', 9, 804),
(1270, 104, 'Coca Cola', '', '', '', 9, 805),
(1271, 104, 'Diet Coca Cola', '', '', '', 9, 806),
(1272, 104, 'Coca Cola ZERO', '', '', '', 9, 807),
(1273, 104, 'Sprite', '', '', '', 9, 808),
(1274, 104, 'Diet Sprite', '', '', '', 9, 809),
(1275, 104, 'Flavored Water', '', '', '', 9, 810),
(1276, 105, 'Ice Aroma', '', '', '', 14, 811),
(1277, 105, 'Ice Aroma diet', '', '', '', 14, 812),
(1278, 105, 'Ice Chocolate', '', '', '', 14, 813),
(1279, 105, 'Ice Cappuccino espresso, cold milk, ice', '', '', '', 14, 814),
(1280, 105, 'Ice Aroma w/ Cookies', '', '', '', 16, 815),
(1281, 105, 'Ice Aroma w/ Ice Cream ', '', '', '', 18, 816),
(1282, 105, 'Iced Mint-Lemonade', '', '', '', 12, 817),
(1283, 105, 'Ice Americano Double Espresso, ice, water', '', '', '', 12, 818),
(1284, 105, 'Vegan Iced Coconut-Lychee', '', '', '', 22, 819),
(1285, 105, 'Coconut-Lychee Milkshake', '', '', '', 23, 820),
(1286, 105, 'Fruit Shake', '', '', '', 22, 821),
(1287, 106, 'Salmon Sandwich', '', '', '', 19, 822),
(1288, 106, 'Omelet Sandwich', '', '', '', 17, 823),
(1289, 106, 'Tuna Sandwich', '', '', '', 17, 824),
(1290, 106, 'Sabich Sandwich', '', '', '', 17, 825),
(1291, 106, 'Chickpea Omelet', '', '', '', 17, 826),
(1292, 106, 'Avocado Sandwich', '', '', '', 17, 827),
(1293, 106, 'Halloumi cheese Sandwich', '', '', '', 17, 828),
(1294, 106, 'Chemed Cheese Sandwich', '', '', '', 10, 829),
(1295, 106, 'Greek Sandwich', '', '', '', 10, 830),
(1296, 106, 'Yellow Hard Cheese Sandwich', '', '', '', 10, 831),
(1297, 106, 'Egg Salad Sandwich', '', '', '', 10, 832),
(1300, 116, 'Meatballs in sauce', '', '', '', 25, 833),
(1301, 116, 'Chicken breast', '', '', '', 25, 834),
(1302, 116, 'Schnitzel', '', '', '', 25, 835),
(1303, 116, 'Kebab', '', '', '', 25, 836),
(1304, 116, 'Jerusalem mixed grill', '', '', '', 30, 837),
(1305, 116, 'Spring chicken', '', '', '', 30, 838),
(1306, 116, 'Moussaka', '', '', '', 28, 839),
(1307, 117, 'once without', '', '', '', 25, 840),
(1308, 117, 'Complete Humous', '', '', '', 30, 841),
(1309, 117, 'Matboucha', '', '', '', 25, 842),
(1310, 117, 'Humous Meal', '', '', '', 25, 843),
(1311, 117, 'Humous Shakshouka', '', '', '', 32, 844),
(1312, 117, 'Humous with Meat', '', '', '', 35, 845),
(1313, 117, '1/4 cup Humous', '', '', '', 14, 846),
(1314, 117, '1/4 cup Tehina', '', '', '', 14, 847),
(1315, 117, '1/2 cup Humous', '', '', '', 22, 848),
(1316, 117, '1/2 cup Tehina', '', '', '', 22, 849),
(1317, 118, 'House Salad', '', '', '', 29, 850),
(1318, 118, 'Chicken Salad', '', '', '', 39, 851),
(1319, 118, 'Grilled spring chicken salad', '', '', '', 48, 852),
(1320, 119, 'Beans and rice', '', '', '', 20, 853),
(1321, 119, 'Israeli salad (chopped)', '', '', '', 15, 854),
(1322, 119, 'French fries', '', '', '', 15, 855),
(1323, 119, 'Mashed potato', '', '', '', 20, 856),
(1324, 119, 'Spaghetti in tomato sauce', '', '', '', 22, 857),
(1325, 119, 'Majadara', '', '', '', 20, 858),
(1326, 119, 'Couscous with vegetables', '', '', '', 24, 859),
(1327, 119, 'Rice with okra', '', '', '', 20, 860),
(1328, 119, 'Rice with green beans', '', '', '', 20, 861),
(1329, 119, 'Shakshuka', '', '', '', 22, 862),
(1330, 120, 'Bean soup', '', '', '', 20, 863),
(1331, 120, 'Kubbeh soup', '', '', '', 28, 864),
(1332, 120, 'Vegetable soup', '', '', '', 22, 865),
(1333, 121, 'Coca Cola', '', '', '', 9, 866),
(1334, 121, 'Kinley ', '', '', '', 9, 867),
(1335, 121, 'Sprite', '', '', '', 9, 868),
(1336, 121, 'Diet Sprite', '', '', '', 9, 869),
(1337, 121, 'Fuze Tea', '', '', '', 9, 870),
(1338, 121, 'Flavored water', '', '', '', 8, 871),
(1339, 121, 'Soda water ', '', '', '', 8, 872),
(1340, 121, 'Mineral water', '', '', '', 8, 873),
(1341, 121, 'Malt beer (black beer)', '', '', '', 9, 874),
(1342, 121, 'Beer', '', '', '', 14, 875),
(1400, 122, 'Large pie', 'מגש ענק ', '', '', 65, 876),
(1401, 122, 'Large pie with drink', 'מגש ענק עם שתיה', '', '', 77, 877),
(1402, 122, 'Medium pie', 'מגש בינוני ', '', '', 58, 878),
(1403, 122, 'Individual pie', 'מגש אישי ', '', '', 25, 879),
(1404, 123, 'French fries', 'צ''יפס', '', '', 10, 880),
(1405, 123, 'Onion rings', 'טבעות בצל', '', '', 10, 881),
(1409, 125, 'Cans', 'פחיות', '', '', 7, 885),
(1410, 125, 'Half Litre bottle', 'בקבוק 1/2 ליטר', '', '', 6, 886),
(1411, 125, 'Tropit', 'טרופית', '', '', 2, 887),
(1412, 125, 'Chocolate milk (bag)', 'שקית שוקו', '', '', 3, 888),
(1413, 126, '1.5 Litre bottle', 'בקבוק של 1.5 ליטר', '', '', 12, 889),
(1500, 131, 'Burger deal', '', '', '', 44, 890),
(1501, 131, 'Double Burger deal', '', '', '', 54, 891),
(1502, 131, 'Triple Burger deal', '', '', '', 59, 892),
(1503, 131, 'Sirloin deal', '', '', '', 49, 893),
(1504, 131, 'Double Sirloin deal', '', '', '', 65, 894),
(1505, 131, 'Chicken sandwich deal', '', '', '', 44, 895),
(1506, 131, 'Double chicken sandwich deal', '', '', '', 59, 896),
(1507, 131, 'Veggie burger deal (150g)', '', '', '', 44, 897),
(1508, 131, 'Double Veggie burger (150g)', '', '', '', 59, 898),
(1509, 132, '110 Burger', '', '', '', 29, 899),
(1510, 132, 'Chicken sandwich', '', '', '', 29, 900),
(1511, 132, 'Sirloin sandwich', '', '', '', 35, 901),
(1512, 132, 'Veggie burger (150g)', '', '', '', 29, 902),
(1513, 132, 'Double 110 Burgers', '', '', '', 39, 903),
(1514, 132, 'Double Chicken sandwiches', '', '', '', 39, 904),
(1515, 132, 'Double Sirloin sandwich', '', '', '', 49, 905),
(1516, 132, 'Triple 110 Burgers', '', '', '', 49, 906),
(1517, 132, 'Kid''s meal', '', '', '', 35, 907),
(1518, 133, 'Fries', '', '', '', 11, 908),
(1519, 133, 'Onion rings', '', '', '', 14, 909),
(1520, 133, '110 Salad', '', '', '', 29, 910),
(1521, 134, 'Coke ', '', '', '', 11, 911),
(1522, 134, 'Zero', '', '', '', 11, 912),
(1523, 134, 'Fanta', '', '', '', 11, 913),
(1524, 134, 'Sprite', '', '', '', 11, 914),
(1525, 134, 'Fuze Tea', '', '', '', 11, 915),
(1526, 134, 'Orange juice', '', '', '', 11, 916),
(1527, 134, 'Grape juice ', '', '', '', 11, 917),
(1528, 134, 'Mineral water', '', '', '', 9, 918),
(1529, 134, 'Living water', '', '', '', 11, 919),
(1530, 134, 'Sparkling water', '', '', '', 11, 920),
(1531, 134, 'Carlsberg 1/3 litre', '', '', '', 17, 921);

-- --------------------------------------------------------

--
-- Table structure for table `menus`
--

CREATE TABLE IF NOT EXISTS `menus` (
  `id` int(11) NOT NULL AUTO_INCREMENT,
  `restaurant_id` int(11) NOT NULL,
  `name_en` varchar(255) NOT NULL,
  `name_he` varchar(255) NOT NULL,
  `sort` int(11) NOT NULL,
  PRIMARY KEY (`id`),
  KEY `restaurant_id` (`restaurant_id`)
) ENGINE=InnoDB  DEFAULT CHARSET=utf8 AUTO_INCREMENT=16 ;

--
-- Dumping data for table `menus`
--

INSERT INTO `menus` (`id`, `restaurant_id`, `name_en`, `name_he`, `sort`) VALUES
(1, 1, 'Lunch', 'ארוחת צהריים', 100),
(2, 2, 'Lunch', 'ארוחת צהריים', 101),
(3, 3, 'Lunch', 'ארוחת צהריים', 102),
(4, 4, 'Lunch', 'ארוחת צהריים', 103),
(5, 5, 'Lunch', 'ארוחת צהריים', 104),
(6, 6, 'Lunch', 'ארוחת צהריים', 105),
(7, 7, 'Lunch', 'ארוחת צהריים', 106),
(9, 9, 'Lunch', 'ארוחת צהריים', 106),
(10, 10, 'Lunch', 'ארוחת צהריים', 106),
(11, 11, 'Lunch', 'ארוחת צהריים', 110),
(12, 12, 'Lunch', 'ארוחת צהריים', 110),
(13, 13, 'Lunch', 'ארוחת צהריים', 112),
(14, 14, 'Lunch', 'ארוחת צהריים', 113),
(15, 15, 'Lunch', 'ארוחת צהריים', 113);

-- --------------------------------------------------------

--
-- Table structure for table `order_detail`
--

CREATE TABLE IF NOT EXISTS `order_detail` (
  `id` int(11) NOT NULL AUTO_INCREMENT,
  `order_id` int(11) NOT NULL,
  `qty` int(11) NOT NULL,
  `item` varchar(255) NOT NULL,
  `sub_total` int(11) NOT NULL,
  `sub_items` varchar(255) NOT NULL,
  PRIMARY KEY (`id`),
  KEY `order_id` (`order_id`)
) ENGINE=InnoDB  DEFAULT CHARSET=latin1 AUTO_INCREMENT=509 ;

--
-- Dumping data for table `order_detail`
--

INSERT INTO `order_detail` (`id`, `order_id`, `qty`, `item`, `sub_total`, `sub_items`) VALUES
(63, 92, 2, 'XL Pie', 118, 'Olives (+5), Egg (+1), '),
(64, 93, 2, 'XL ???', 118, '????? (+5), ???? (+1), '),
(65, 94, 2, 'XL ???', 123, '?????? (+5), ???? (+5), ???? (+1), '),
(66, 95, 2, 'Chicken Salad', 106, '170 grams chicken breast (+18), portobello mushroom (+4), '),
(67, 96, 2, 'Angus Salad', 118, '80 grams goose liver (+30), '),
(68, 97, 2, 'Angus Salad', 118, '80 grams goose liver (+30), '),
(69, 98, 1, 'Angus Salad', 93, '80 grams goose liver (+30), 150 grams goose breast or entrecote (+19), '),
(70, 98, 1, 'Chicken Salad', 46, 'egg (+4), '),
(71, 98, 1, 'Angus Tortilla', 40, 'Egg (+4), BBQ, spicy chilli, Lettuce, onions, fried onions, '),
(72, 99, 2, 'Super Spicy Bandora', 78, 'Bread Type:Baguette, Spring Chicken, Fried onions, Tomatoes, Techina, Chummus, Spicy, '),
(73, 99, 2, 'Shawarma', 66, 'Bread Type:Pita, Spring Chicken, French Fries, Fried onions, Amba, Spicy, '),
(74, 100, 1, 'Angus Salad', 93, '80 grams goose liver (+30), 150 grams goose breast or entrecote (+19), '),
(75, 101, 1, 'Angus Salad', 93, '80 grams goose liver (+30), 150 grams goose breast or entrecote (+19), '),
(76, 101, 1, 'Chicken Salad', 64, '170 grams chicken breast (+18), egg (+4), '),
(77, 102, 1, 'XL Pie', 66, 'Mushrooms (+5), Tomatoes (+5), '),
(78, 102, 1, 'XL + Toppings', 75, 'Olives, Vegan Cheese, '),
(79, 102, 1, 'Gluten Free', 45, 'Olives (+5), Corn (+5), '),
(80, 103, 1, 'Angus Salad', 93, '80 grams goose liver (+30), 150 grams goose breast or entrecote (+19), '),
(81, 104, 2, 'Super Spicy Bandora', 78, 'Bread Type:Laffa, Spring Chicken, French Fries, Tomatoes, Roasted Peppers, Chummus, Amba, '),
(82, 105, 1, 'Chicken Salad', 64, '170 grams chicken breast (+18), portobello mushroom (+4), '),
(83, 105, 1, 'Angus Salad', 93, '80 grams goose liver (+30), 150 grams goose breast or entrecote (+19), '),
(84, 106, 3, 'Super Spicy Bandora', 105, 'Bread Type:Pita, Veal, Tomatoes, Roasted Peppers, Techina, Chummus, '),
(85, 107, 3, 'Super Spicy Bandora', 105, 'Bread Type:Pita, Veal, Fried onions, Tomatoes, Techina, '),
(86, 108, 1, 'Super Spicy Bandora', 35, 'Bread Type:Pita, Veal, Fried onions, Tomatoes, Chummus, Spicy, '),
(87, 108, 2, 'Shawarma', 66, 'Bread Type:Pita, Spring Chicken, Roasted Peppers, Techina, '),
(88, 109, 1, 'Super Spicy Bandora', 35, 'Bread Type:Pita, Veal, Roasted Peppers, Chummus, Spicy, '),
(89, 109, 2, 'Super Spicy Bandora', 70, 'Bread Type:Pita, Veal, French Fries, Fried onions, '),
(90, 110, 1, 'Shawarma', 33, 'Bread Type:Pita, Veal, Fried onions, Chummus, '),
(91, 110, 2, 'Shawarma', 66, 'Bread Type:Pita, Spring Chicken, Fried onions, Techina, '),
(92, 111, 1, 'Shawarma', 33, 'Bread Type:Pita, Veal, Fried onions, Techina, '),
(93, 111, 2, 'Super Spicy Bandora', 70, 'Bread Type:Pita, Veal, French Fries, Fried onions, Techina, Chummus, '),
(94, 112, 1, 'Super Spicy Bandora', 35, 'Bread Type:Pita, Spring Chicken, French Fries, Techina, '),
(95, 112, 2, 'Shawarma', 66, 'Bread Type:Pita, Veal, French Fries, Fried onions, '),
(96, 113, 1, 'Super Spicy Bandora', 35, 'Bread Type:Pita, Veal, French Fries, Fried onions, Techina, Chummus, '),
(97, 113, 2, 'Shawarma', 66, 'Bread Type:Pita, Spring Chicken, Fried onions, Tomatoes, Chummus, Spicy, '),
(98, 114, 1, 'Super Spicy Bandora', 35, 'Bread Type:Pita, Mix, Fried onions, Chummus, '),
(99, 114, 2, 'Shawarma', 66, 'Bread Type:Pita, Veal, French Fries, Fried onions, Techina, '),
(100, 115, 1, 'Super Spicy Bandora', 35, 'Bread Type:Pita, Veal, Roasted Peppers, Techina, '),
(101, 115, 2, 'Shawarma', 66, 'Bread Type:Pita, Veal, Fried onions, Chummus, '),
(102, 116, 1, 'Angus Salad', 93, '80 grams goose liver (+30), 150 grams goose breast or entrecote (+19), '),
(103, 116, 1, 'Chicken Salad', 64, '170 grams chicken breast (+18), egg (+4), '),
(104, 117, 1, 'Angus Salad', 93, '80 grams goose liver (+30), 150 grams goose breast or entrecote (+19), '),
(105, 117, 2, 'Chicken Salad', 106, '170 grams chicken breast (+18), egg (+4), '),
(106, 118, 3, 'Angus Salad', 181, '80 grams goose liver (+30), 150 grams goose breast or entrecote (+19), '),
(107, 119, 2, 'Angus Salad', 137, '80 grams goose liver (+30), 150 grams goose breast or entrecote (+19), '),
(108, 120, 1, 'Angus Salad', 93, '80 grams goose liver (+30), 150 grams goose breast or entrecote (+19), '),
(109, 120, 2, 'Chicken Salad', 106, '170 grams chicken breast (+18), egg (+4), '),
(110, 121, 1, 'Angus Salad', 93, '80 grams goose liver (+30), 150 grams goose breast or entrecote (+19), '),
(111, 121, 1, 'Chicken Salad', 64, '170 grams chicken breast (+18), egg (+4), '),
(112, 122, 1, 'Angus Salad', 93, '80 grams goose liver (+30), 150 grams goose breast or entrecote (+19), '),
(113, 122, 1, 'Chicken Salad', 64, '170 grams chicken breast (+18), egg (+4), '),
(114, 123, 1, 'Angus Salad', 93, '80 grams goose liver (+30), 150 grams goose breast or entrecote (+19), '),
(115, 123, 1, 'Chicken Salad', 64, '170 grams chicken breast (+18), portobello mushroom (+4), '),
(116, 124, 2, 'Angus Salad', 137, '80 grams goose liver (+30), 150 grams goose breast or entrecote (+19), '),
(117, 125, 1, 'Angus Salad', 93, '80 grams goose liver (+30), 150 grams goose breast or entrecote (+19), '),
(118, 125, 1, 'Chicken Salad', 64, '170 grams chicken breast (+18), egg (+4), '),
(119, 126, 1, 'Angus Salad', 93, '80 grams goose liver (+30), 150 grams goose breast or entrecote (+19), '),
(120, 126, 1, 'Chicken Salad', 64, '170 grams chicken breast (+18), egg (+4), '),
(121, 127, 1, 'Angus Salad', 93, '80 grams goose liver (+30), 150 grams goose breast or entrecote (+19), '),
(122, 127, 1, 'Chicken Salad', 64, '170 grams chicken breast (+18), egg (+4), '),
(123, 128, 1, 'Angus Salad', 93, '80 grams goose liver (+30), 150 grams goose breast or entrecote (+19), '),
(124, 128, 2, 'Chicken Salad', 106, '170 grams chicken breast (+18), egg (+4), '),
(125, 129, 1, 'Angus Salad', 93, '80 grams goose liver (+30)150 grams goose breast or entrecote (+19)'),
(126, 129, 1, 'Chicken Salad', 64, '170 grams chicken breast (+18)egg (+4)'),
(127, 130, 1, 'Angus Salad', 93, '80 grams goose liver (+30)150 grams goose breast or entrecote (+19)'),
(128, 130, 2, 'Chicken Salad', 106, '170 grams chicken breast (+18)egg (+4)'),
(129, 131, 2, 'Angus Salad', 137, '80 grams goose liver (+30)150 grams goose breast or entrecote (+19)'),
(130, 131, 2, 'Chicken Salad', 106, '170 grams chicken breast (+18)egg (+4)'),
(131, 131, 2, 'Small Sweet potato fries', 28, ''),
(132, 131, 2, 'Mexican nachos', 24, ''),
(133, 132, 1, 'Angus Salad', 93, '80 grams goose liver (+30)150 grams goose breast or entrecote (+19)'),
(134, 132, 2, 'Chicken Salad', 106, '170 grams chicken breast (+18)egg (+4)'),
(135, 133, 1, 'Angus Salad', 93, '80 grams goose liver (+30)150 grams goose breast or entrecote (+19)'),
(136, 133, 2, 'Chicken Salad', 106, '170 grams chicken breast (+18)egg (+4)'),
(137, 134, 2, 'Angus Salad', 186, '80 grams goose liver (+30)150 grams goose breast or entrecote (+19)'),
(138, 135, 1, 'Angus Salad', 93, '80 grams goose liver (+30)150 grams goose breast or entrecote (+19)'),
(139, 136, 2, 'Angus Salad', 126, '150 grams goose breast or entrecote (+19)'),
(140, 137, 2, 'Angus Salad', 148, '80 grams goose liver (+30)'),
(141, 138, 2, 'Angus Salad', 74, '80 grams goose liver (+30)'),
(142, 139, 1, 'Angus Salad', 93, '80 grams goose liver (+30), 150 grams goose breast or entrecote (+19)'),
(143, 140, 2, 'Angus Salad', 93, '80 grams goose liver (+30), 150 grams goose breast or entrecote (+19)'),
(144, 141, 2, 'Super Spicy Bandora', 35, 'Bread Type:Pita, Veal, Tomatoes, Roasted Peppers, Amba, Spicy'),
(145, 141, 2, 'Chummus Bandora', 39, 'Veal'),
(146, 142, 1, 'Super Spicy Bandora', 35, 'Bread Type:Pita, Spring Chicken, Fried onions, Chummus, Amba, Spicy'),
(147, 142, 2, 'beef kabab', 35, 'Bread Type:Pita, Spring ChickenFrench Fries, Fried onions, Chummus, Amba, Spicy, Babaghanoush'),
(148, 143, 1, 'Super Spicy Bandora', 35, 'Bread Type:Pita, Veal, Amba, Spicy'),
(149, 143, 2, 'beef kabab', 35, 'Bread Type:Pita, Veal, Roasted Peppers, Spicy'),
(150, 144, 1, 'Angus Salad', 93, '80 grams goose liver (+30), 150 grams goose breast or entrecote (+19)'),
(151, 144, 1, 'Chicken Salad', 64, '170 grams chicken breast (+18), egg (+4)'),
(152, 144, 1, 'Fanta', 12, ''),
(153, 144, 1, 'Coca Cola Zero', 8, ''),
(154, 145, 1, 'Angus Salad', 93, '80 grams goose liver (+30), 150 grams goose breast or entrecote (+19)'),
(155, 146, 2, 'XL Pie', 66, ', Mushrooms (+5), Tomatoes (+5)'),
(156, 147, 2, 'Chicken Salad', 64, '170 grams chicken breast (+18), egg (+4)'),
(157, 148, 1, 'XL + Toppings', 75, ', Mushrooms, Vegan Cheese'),
(158, 148, 1, 'Gluten Free', 45, 'Onions (+5), Mushrooms (+5)'),
(159, 148, 1, 'Bagel Toast', 40, 'Onions (+5), Mushrooms (+5), Olives (+5)'),
(160, 149, 3, '#90 Basket roll', 43, ''),
(161, 150, 1, 'Angus Salad', 93, '80 grams goose liver (+30), 150 grams goose breast or entrecote (+19)'),
(162, 150, 1, 'Chicken Salad', 64, '170 grams chicken breast (+18), egg (+4)'),
(163, 151, 1, 'Angus Salad', 93, '80 grams goose liver (+30), 150 grams goose breast or entrecote (+19)'),
(164, 151, 1, 'Chicken Salad', 42, ''),
(165, 152, 1, 'Angus Salad', 93, '80 grams goose liver (+30), 150 grams goose breast or entrecote (+19)'),
(166, 153, 1, 'Angus Salad', 93, '80 grams goose liver (+30), 150 grams goose breast or entrecote (+19)'),
(167, 154, 1, 'Chicken Salad', 42, ''),
(168, 154, 1, 'Chicken Salad', 42, ''),
(169, 155, 1, 'Angus Salad', 93, '80 grams goose liver (+30), 150 grams goose breast or entrecote (+19)'),
(170, 155, 2, 'Chicken Salad', 64, '170 grams chicken breast (+18), egg (+4)'),
(171, 156, 1, 'Angus Salad', 93, '80 grams goose liver (+30), 150 grams goose breast or entrecote (+19)'),
(172, 157, 1, 'Angus Salad', 74, '80 grams goose liver (+30)'),
(173, 158, 1, 'Chicken Salad', 60, '170 grams chicken breast (+18)'),
(174, 159, 1, 'Chicken Salad', 68, '170 grams chicken breast (+18), egg (+4), portobello mushroom (+4)'),
(175, 160, 1, 'Chicken Salad', 68, '170 grams chicken breast (+18), egg (+4), portobello mushroom (+4)'),
(176, 161, 1, 'Chicken Salad', 64, '170 grams chicken breast (+18), egg (+4)'),
(177, 162, 1, 'Chicken Salad', 64, '170 grams chicken breast (+18), egg (+4)'),
(178, 163, 1, 'Chicken Salad', 68, '170 grams chicken breast (+18), egg (+4), portobello mushroom (+4)'),
(179, 164, 1, 'Chicken Salad', 64, '170 grams chicken breast (+18), egg (+4)'),
(180, 165, 2, 'Chicken Salad', 64, '170 grams chicken breast (+18), egg (+4)'),
(181, 166, 2, 'Chicken Salad', 46, 'egg (+4)'),
(182, 167, 1, 'Chicken Salad', 64, '170 grams chicken breast (+18), egg (+4)'),
(183, 167, 1, 'Angus Salad', 93, '80 grams goose liver (+30), 150 grams goose breast or entrecote (+19)'),
(184, 168, 1, 'Angus Salad', 93, '80 grams goose liver (+30), 150 grams goose breast or entrecote (+19)'),
(185, 168, 1, 'Chicken Salad', 46, 'egg (+4)'),
(186, 169, 1, 'Chicken Salad', 64, '170 grams chicken breast (+18), egg (+4)'),
(187, 170, 2, 'Dim Sum with meat', 29, ''),
(188, 170, 1, 'Miso Shiro soup', 17, ''),
(189, 171, 2, 'Chicken Salad', 64, '170 grams chicken breast (+18), egg (+4)'),
(190, 172, 1, 'Chicken Salad', 64, '170 grams chicken breast (+18), egg (+4)'),
(191, 173, 8, 'Crispy Capricci', 35, 'Mushrooms (+5), Tomatoes (+5)'),
(192, 174, 2, 'Angus Salad', 93, '80 grams goose liver (+30), 150 grams goose breast or entrecote (+19)'),
(193, 174, 1, 'Chicken Salad', 64, '170 grams chicken breast (+18), portobello mushroom (+4)'),
(194, 175, 1, 'XL Pie', 56, ''),
(195, 176, 1, 'Chicken Salad', 68, '170 grams chicken breast (+18), egg (+4), portobello mushroom (+4)'),
(196, 177, 2, 'chicken breast', 33, 'Bread Type:Pita, Veal, Fried onions'),
(197, 178, 1, 'Chicken Salad', 68, '170 grams chicken breast (+18), egg (+4), portobello mushroom (+4)'),
(198, 179, 1, 'Chicken Salad', 68, '170 grams chicken breast (+18), egg (+4), portobello mushroom (+4)'),
(199, 180, 1, 'Chicken Salad', 68, '170 grams chicken breast (+18), egg (+4), portobello mushroom (+4)'),
(200, 181, 1, 'Chicken Salad', 68, '170 grams chicken breast (+18), egg (+4), portobello mushroom (+4)'),
(201, 181, 1, 'Angus Salad', 93, '80 grams goose liver (+30), 150 grams goose breast or entrecote (+19)'),
(202, 182, 1, 'Chicken Salad', 68, '170 grams chicken breast (+18), egg (+4), portobello mushroom (+4)'),
(203, 182, 2, 'Angus Salad', 93, '80 grams goose liver (+30), 150 grams goose breast or entrecote (+19)'),
(204, 183, 1, 'Angus Salad', 93, '80 grams goose liver (+30), 150 grams goose breast or entrecote (+19)'),
(205, 183, 1, 'Chicken Salad', 68, '170 grams chicken breast (+18), egg (+4), portobello mushroom (+4)'),
(206, 183, 1, 'Fuze Tea', 8, ''),
(207, 183, 1, 'Prigat Grape', 8, ''),
(208, 184, 1, 'Angus Salad', 93, '80 grams goose liver (+30), 150 grams goose breast or entrecote (+19)'),
(209, 185, 1, 'Chicken Salad', 64, '170 grams chicken breast (+18), egg (+4)'),
(210, 186, 1, 'Chicken Salad', 64, '170 grams chicken breast (+18), egg (+4)'),
(211, 186, 2, 'Angus Salad', 93, '80 grams goose liver (+30), 150 grams goose breast or entrecote (+19)'),
(212, 187, 1, 'Chicken Salad', 64, '170 grams chicken breast (+18), egg (+4)'),
(213, 188, 3, 'Angus Burger', 48, '50g Goose Breast (+8), Ketchup, BBQ, Garlic Mayo, Lettuce, tomato, fried onions'),
(214, 189, 1, 'Angus Salad', 93, '80 grams goose liver (+30), 150 grams goose breast or entrecote (+19)'),
(215, 190, 1, 'Chicken Salad', 68, '170 grams chicken breast (+18), egg (+4), portobello mushroom (+4)'),
(216, 190, 2, 'Angus Salad', 93, '80 grams goose liver (+30), 150 grams goose breast or entrecote (+19)'),
(217, 191, 1, 'Chicken Salad', 68, '170 grams chicken breast (+18), egg (+4), portobello mushroom (+4)'),
(218, 192, 1, 'Chicken Salad', 68, '170 grams chicken breast (+18), egg (+4), portobello mushroom (+4)'),
(219, 193, 2, '#53 Szechuan beef / chicken', 0, ''),
(220, 193, 1, '# Japan Japan Special Stir Fry. Choose one of the following:', 48, ''),
(221, 193, 2, '#132 Magoro Tempura Roll', 36, 'Teriyaki, Spicy Mayonnaise'),
(222, 193, 1, '#18 Hot and Sour Soup', 16, ''),
(223, 194, 2, 'Angus Salad', 93, '80 Grams Goose Liver (+30), 150 Grams Goose Breast Or Entrecote (+19)'),
(224, 194, 2, 'Chicken Salad', 68, '170 Grams Chicken Breast (+18), Egg (+4), Portobello Mushroom (+4)'),
(225, 195, 1, 'Angus Salad', 93, '80 Grams Goose Liver (+30), 150 Grams Goose Breast Or Entrecote (+19)'),
(226, 196, 2, 'Angus Salad', 93, '80 Grams Goose Liver (+30), 150 Grams Goose Breast Or Entrecote (+19)'),
(227, 197, 1, 'Chicken Salad', 68, '170 Grams Chicken Breast (+18), Egg (+4), Portobello Mushroom (+4)'),
(228, 198, 1, 'Angus Salad', 93, '80 Grams Goose Liver (+30), 150 Grams Goose Breast Or Entrecote (+19)'),
(229, 199, 1, 'Angus Salad', 93, '80 Grams Goose Liver (+30), 150 Grams Goose Breast Or Entrecote (+19)'),
(230, 200, 1, 'Angus Salad', 93, '80 Grams Goose Liver (+30), 150 Grams Goose Breast Or Entrecote (+19)'),
(231, 200, 1, 'Chicken Salad', 64, '170 Grams Chicken Breast (+18), Portobello Mushroom (+4)'),
(232, 201, 1, 'Angus Salad', 93, '80 Grams Goose Liver (+30), 150 Grams Goose Breast Or Entrecote (+19)'),
(233, 202, 2, 'Angus Salad', 93, '80 Grams Goose Liver (+30), 150 Grams Goose Breast Or Entrecote (+19)'),
(234, 203, 1, 'Shawarma', 39, 'Bread Type:Baguette, Veal, French Fries, Fried Onions, Chummus, Amba'),
(235, 203, 1, 'Super Spicy Bandora', 39, 'Bread Type:Baguette, Veal, Fried Onions, Tomatoes, Spicy, Babaghanoush'),
(236, 203, 1, 'Chummus and Techina', 25, ''),
(237, 203, 1, 'Fuze Tea', 10, ''),
(238, 204, 2, 'Shawarma', 33, 'Bread Type:Pita, Spring Chicken, French Fries, Chummus'),
(239, 205, 1, '#87 Japan Roll', 43, 'Soya, Teriyaki'),
(240, 205, 1, '#120 Salmon and avocado', 32, ''),
(241, 206, 2, 'Dim Sum with meat', 29, ''),
(242, 207, 1, 'Roza', 18, 'Creamy sauce (+3), Pasta penne'),
(243, 207, 1, 'Garlic bread', 12, ''),
(244, 207, 1, 'Malawach', 15, ''),
(245, 207, 1, 'Israeli salad', 21, 'Lebane (+3), Tuna (+3)'),
(246, 208, 3, 'Baladi eggplant in tahini', 22, ''),
(247, 209, 1, 'Sandwich chicken', 68, 'Roza Deal : Upgrade To A Meal Including Chips Onion Rings And A Drink (+23)'),
(248, 210, 1, 'Angus Salad', 93, '80 Grams Goose Liver (+30), 150 Grams Goose Breast Or Entrecote (+19)'),
(249, 211, 1, 'Angus Salad', 93, '80 Grams Goose Liver (+30), 150 Grams Goose Breast Or Entrecote (+19)'),
(250, 212, 1, 'Angus Salad', 44, ''),
(251, 212, 1, 'Angus Burger', 40, ''),
(252, 213, 1, 'Chicken Salad', 42, ''),
(253, 213, 1, 'Angus Salad', 44, ''),
(254, 214, 1, 'Angus Burger', 52, '50G Goose Breast (+8), Egg (+4)'),
(255, 215, 1, 'Angus Salad', 63, '150 Grams Goose Breast Or Entrecote (+19)'),
(256, 216, 2, 'Angus Salad', 44, ''),
(257, 217, 2, 'Meshulashim Pasta', 28, ''),
(258, 218, 1, 'Angus Salad', 93, '80 Grams Goose Liver (+30), 150 Grams Goose Breast Or Entrecote (+19)'),
(259, 219, 1, 'Angus Salad', 93, '80 Grams Goose Liver (+30), 150 Grams Goose Breast Or Entrecote (+19)'),
(260, 220, 1, 'Angus Salad', 93, '80 Grams Goose Liver (+30), 150 Grams Goose Breast Or Entrecote (+19)'),
(261, 221, 1, 'Angus Salad', 93, '80 Grams Goose Liver (+30), 150 Grams Goose Breast Or Entrecote (+19)'),
(262, 222, 2, 'Angus Salad', 93, '80 Grams Goose Liver (+30), 150 Grams Goose Breast Or Entrecote (+19)'),
(263, 223, 1, 'Angus Salad', 93, '80 Grams Goose Liver (+30), 150 Grams Goose Breast Or Entrecote (+19)'),
(264, 224, 1, 'Angus Salad', 93, '80 Grams Goose Liver (+30), 150 Grams Goose Breast Or Entrecote (+19)'),
(265, 224, 1, 'Pargit Tortilla', 42, 'Egg (+4), Portobello Mushroom (+4)'),
(266, 225, 1, 'Angus Salad', 93, '80 Grams Goose Liver (+30), 150 Grams Goose Breast Or Entrecote (+19)'),
(267, 226, 1, 'Dim Sum with meat', 29, ''),
(268, 226, 1, 'Chicken in tempura', 33, ''),
(269, 227, 1, 'Angus Salad', 74, '80 Grams Goose Liver (+30)'),
(270, 227, 1, 'Chicken Salad', 46, 'Egg (+4)'),
(271, 228, 8, 'Xl Pie', 66, 'Tomatoes (+5), Corn (+5)'),
(272, 228, 1, 'Tuna Salad', 28, ''),
(273, 228, 1, 'Meshulashim Salad', 28, ''),
(274, 228, 1, 'Crispy Capricci', 25, ''),
(275, 228, 1, 'Pasta Roza', 33, 'Linguine, Tomatoes (+5)'),
(276, 228, 1, 'Kid''s Meal', 25, ''),
(277, 229, 2, 'Chicken Salad', 46, 'Egg (+4)'),
(278, 230, 1, 'Angus Salad', 93, '80 Grams Goose Liver (+30), 150 Grams Goose Breast Or Entrecote (+19)'),
(279, 231, 1, 'Angus Salad', 63, '150 Grams Goose Breast Or Entrecote (+19)'),
(280, 232, 2, 'Angus Salad', 74, '80 Grams Goose Liver (+30)'),
(281, 232, 1, 'Diet Coke', 8, ''),
(282, 232, 1, 'Chicken Salad', 46, 'Portobello Mushroom (+4)'),
(283, 232, 1, 'Small Sweet Potato Fries', 14, ''),
(284, 233, 1, 'Angus Salad', 74, '80 Grams Goose Liver (+30)'),
(285, 234, 1, 'Angus Salad', 74, '80 Grams Goose Liver (+30)'),
(286, 235, 1, 'Angus Salad', 74, '80 Grams Goose Liver (+30)'),
(287, 236, 1, 'Angus Salad', 74, '80 Grams Goose Liver (+30)'),
(288, 237, 2, 'Chicken Salad', 42, ''),
(289, 238, 1, 'Angus Salad', 93, '80 Grams Goose Liver (+30), 150 Grams Goose Breast Or Entrecote (+19)'),
(290, 239, 1, 'Xl Pie', 56, ''),
(291, 240, 1, 'Xl Pie', 61, 'Tomatoes (+5)'),
(292, 241, 1, 'Xl Pie', 61, 'Mushrooms (+5)'),
(293, 242, 1, 'King Angus Sandwich', 83, '50 Grams Goose Breast (+8), Egg (+4), Portobello Mushroom (+4), Ketchup, Bbq'),
(294, 243, 1, 'King Angus Sandwich', 83, '50 Grams Goose Breast (+8), Egg (+4), Portobello Mushroom (+4), Ketchup, Bbq'),
(295, 244, 1, 'King Angus Sandwich', 83, '50 Grams Goose Breast (+8), Egg (+4), Portobello Mushroom (+4), Ketchup, Bbq'),
(296, 245, 1, 'King Angus Sandwich', 83, '50 Grams Goose Breast (+8), Egg (+4), Portobello Mushroom (+4), Ketchup, Bbq'),
(297, 246, 1, 'King Angus Sandwich', 83, '50 Grams Goose Breast (+8), Egg (+4), Portobello Mushroom (+4), Ketchup, Bbq'),
(298, 247, 1, 'Angus Salad', 93, '80 Grams Goose Liver (+30), 150 Grams Goose Breast Or Entrecote (+19)'),
(299, 248, 1, 'Xl Pie', 61, 'Tomatoes (+5)'),
(300, 249, 1, 'Angus Salad', 93, '80 Grams Goose Liver (+30), 150 Grams Goose Breast Or Entrecote (+19)'),
(301, 250, 1, 'Angus Salad', 93, '80 Grams Goose Liver (+30), 150 Grams Goose Breast Or Entrecote (+19)'),
(302, 251, 1, 'Angus Salad', 93, '80 Grams Goose Liver (+30), 150 Grams Goose Breast Or Entrecote (+19)'),
(303, 252, 1, 'Family sized pizza', 25, 'onion (+5)'),
(304, 252, 1, 'Family sized pizza', 20, ''),
(305, 252, 1, 'Family sized pizza', 25, 'tuna (+5)'),
(306, 253, 1, 'Meshulashim Pie', 37, 'Corn (+5)'),
(307, 253, 1, 'Xl Pie', 71, 'Mushrooms (+5), Olives (+5), Tomatoes (+5)'),
(308, 254, 1, 'Meshulashim Pie', 47, 'Onions (+5), Olives (+5), Corn (+5)'),
(309, 254, 1, 'Gluten Free', 50, 'Mushrooms (+5), Olives (+5), Corn (+5)'),
(310, 255, 1, 'Angus Salad', 93, '80 Grams Goose Liver (+30), 150 Grams Goose Breast Or Entrecote (+19)'),
(311, 256, 1, 'Angus Salad', 93, '80 Grams Goose Liver (+30), 150 Grams Goose Breast Or Entrecote (+19)'),
(312, 256, 1, 'Chicken Salad', 68, '170 Grams Chicken Breast (+18), Egg (+4), Portobello Mushroom (+4)'),
(313, 257, 1, 'Xl Pie', 61, 'Corn (+5)'),
(314, 257, 1, 'Meshulashim Pie', 37, 'Olives (+5)'),
(315, 258, 1, 'Angus Salad', 93, '80 Grams Goose Liver (+30), 150 Grams Goose Breast Or Entrecote (+19)'),
(316, 258, 2, 'Pargit Tortilla', 38, 'Portobello Mushroom (+4), Garlic Mayo'),
(317, 258, 1, 'Fuze Tea', 8, ''),
(318, 259, 1, 'Family sized pizza', 25, 'tuna (+5)'),
(319, 259, 1, 'Family sized pizza', 20, ''),
(320, 259, 1, 'Family sized pizza', 25, 'sweetcorn (+5)'),
(321, 260, 1, 'Angus Salad', 93, '80 Grams Goose Liver (+30), 150 Grams Goose Breast Or Entrecote (+19)'),
(322, 261, 1, 'Angus Salad', 93, '80 Grams Goose Liver (+30), 150 Grams Goose Breast Or Entrecote (+19)'),
(323, 262, 1, 'Angus Salad', 93, '80 Grams Goose Liver (+30), 150 Grams Goose Breast Or Entrecote (+19)'),
(324, 263, 1, 'Angus Salad', 93, '80 Grams Goose Liver (+30), 150 Grams Goose Breast Or Entrecote (+19)'),
(325, 264, 1, 'Angus Salad', 93, '80 Grams Goose Liver (+30), 150 Grams Goose Breast Or Entrecote (+19)'),
(326, 264, 1, 'Chicken Salad', 64, '170 Grams Chicken Breast (+18), Egg (+4)'),
(327, 265, 4, 'Shawarma', 33, 'Bread Type:Pita, Veal, Tomatoes, Roasted Peppers, Techina, Chummus'),
(328, 266, 3, 'Nigiri Denis', 21, ''),
(329, 267, 2, 'Angus Salad', 74, '80 Grams Goose Liver (+30)'),
(330, 268, 3, 'Assorted Pastries', 17, ''),
(331, 269, 2, 'Chicken Salad', 46, 'Egg (+4)'),
(332, 270, 1, 'Family sized pizza', 20, ''),
(333, 270, 1, 'Family sized pizza', 25, 'tuna (+5)'),
(334, 270, 1, 'Family sized pizza', 25, 'fresh mushrooms (+5)'),
(335, 271, 1, 'Angus Salad', 93, '80 Grams Goose Liver (+30), 150 Grams Goose Breast Or Entrecote (+19)'),
(336, 272, 1, 'Chicken Salad', 50, 'Egg (+4), Portobello Mushroom (+4)'),
(337, 273, 1, 'Angus Salad', 93, '80 Grams Goose Liver (+30), 150 Grams Goose Breast Or Entrecote (+19)'),
(338, 274, 1, 'Angus Salad', 93, '80 Grams Goose Liver (+30), 150 Grams Goose Breast Or Entrecote (+19)'),
(339, 275, 1, 'Chicken Salad', 68, '170 Grams Chicken Breast (+18), Egg (+4), Portobello Mushroom (+4)'),
(340, 276, 1, 'Angus Salad', 93, '80 Grams Goose Liver (+30), 150 Grams Goose Breast Or Entrecote (+19)'),
(341, 277, 1, 'Angus Salad', 93, '80 Grams Goose Liver (+30), 150 Grams Goose Breast Or Entrecote (+19)'),
(342, 278, 1, 'Angus Salad', 93, '80 Grams Goose Liver (+30), 150 Grams Goose Breast Or Entrecote (+19)'),
(343, 279, 1, 'Angus Salad', 93, '80 Grams Goose Liver (+30), 150 Grams Goose Breast Or Entrecote (+19)'),
(344, 280, 1, 'Angus Salad', 93, '80 Grams Goose Liver (+30), 150 Grams Goose Breast Or Entrecote (+19)'),
(345, 281, 1, 'Angus Salad', 93, '80 Grams Goose Liver (+30), 150 Grams Goose Breast Or Entrecote (+19)'),
(346, 282, 1, 'Angus Salad', 93, '80 Grams Goose Liver (+30), 150 Grams Goose Breast Or Entrecote (+19)'),
(347, 283, 1, 'Chicken Salad', 68, '170 Grams Chicken Breast (+18), Egg (+4), Portobello Mushroom (+4)'),
(348, 284, 1, 'Chicken Salad', 68, '170 Grams Chicken Breast (+18), Egg (+4), Portobello Mushroom (+4)'),
(349, 285, 1, 'Angus Salad', 93, '80 Grams Goose Liver (+30), 150 Grams Goose Breast Or Entrecote (+19)'),
(350, 286, 1, 'Angus Salad', 93, '80 Grams Goose Liver (+30), 150 Grams Goose Breast Or Entrecote (+19)'),
(351, 287, 1, 'Angus Salad', 93, '80 Grams Goose Liver (+30), 150 Grams Goose Breast Or Entrecote (+19)'),
(352, 287, 1, 'Chicken Salad', 64, '170 Grams Chicken Breast (+18), Egg (+4)'),
(353, 288, 1, 'Angus Salad', 93, '80 Grams Goose Liver (+30), 150 Grams Goose Breast Or Entrecote (+19)'),
(354, 288, 1, 'Chicken Salad', 50, 'Egg (+4), Portobello Mushroom (+4)'),
(355, 289, 1, 'Angus Salad', 93, '80 Grams Goose Liver (+30), 150 Grams Goose Breast Or Entrecote (+19)'),
(356, 289, 1, 'American Fries', 14, ''),
(357, 289, 1, 'Angus Burger', 44, 'Egg (+4), Bbq'),
(358, 289, 1, 'Chicken Salad', 64, '170 Grams Chicken Breast (+18), Portobello Mushroom (+4)'),
(359, 290, 1, 'Angus Salad', 93, '80 Grams Goose Liver (+30), 150 Grams Goose Breast Or Entrecote (+19)'),
(360, 290, 1, 'American Fries', 14, ''),
(361, 290, 1, 'Angus Burger', 44, 'Portobello Mushroom (+4), Bbq'),
(362, 291, 1, 'Angus Salad', 93, '80 Grams Goose Liver (+30), 150 Grams Goose Breast Or Entrecote (+19)'),
(363, 291, 1, 'Chicken Salad', 50, 'Egg (+4), Portobello Mushroom (+4)'),
(364, 292, 1, 'Angus Salad', 93, '80 Grams Goose Liver (+30), 150 Grams Goose Breast Or Entrecote (+19)'),
(365, 292, 1, 'Small Sweet Potato Fries', 14, ''),
(366, 292, 1, 'Chicken Sandwich', 41, 'Egg (+4), Portobello Mushroom (+4), Bbq'),
(367, 293, 1, 'Angus Salad', 93, '80 Grams Goose Liver (+30), 150 Grams Goose Breast Or Entrecote (+19)'),
(368, 293, 1, 'Angus Burger', 44, 'Portobello Mushroom (+4), Bbq'),
(369, 293, 1, 'Coca Cola Zero', 8, ''),
(370, 294, 1, 'Angus Salad', 93, '80 Grams Goose Liver (+30), 150 Grams Goose Breast Or Entrecote (+19)'),
(371, 294, 1, 'Chicken Salad', 68, '170 Grams Chicken Breast (+18), Egg (+4), Portobello Mushroom (+4)'),
(372, 295, 1, 'Angus Salad', 93, '80 Grams Goose Liver (+30), 150 Grams Goose Breast Or Entrecote (+19)'),
(373, 295, 1, 'Small Sweet Potato Fries', 14, ''),
(374, 295, 1, 'Coca Cola Zero', 8, ''),
(375, 296, 1, 'Angus Salad', 93, '80 Grams Goose Liver (+30), 150 Grams Goose Breast Or Entrecote (+19)'),
(376, 297, 1, 'Angus Salad', 93, '80 Grams Goose Liver (+30), 150 Grams Goose Breast Or Entrecote (+19)'),
(377, 298, 1, 'Angus Salad', 93, '80 Grams Goose Liver (+30), 150 Grams Goose Breast Or Entrecote (+19)'),
(378, 298, 1, 'Chicken Salad', 68, '170 Grams Chicken Breast (+18), Egg (+4), Portobello Mushroom (+4)'),
(379, 299, 1, 'Angus Salad', 93, '80 Grams Goose Liver (+30), 150 Grams Goose Breast Or Entrecote (+19)'),
(380, 300, 1, 'Angus Salad', 93, '80 Grams Goose Liver (+30), 150 Grams Goose Breast Or Entrecote (+19)'),
(381, 301, 1, 'Angus Salad', 93, '80 Grams Goose Liver (+30), 150 Grams Goose Breast Or Entrecote (+19)'),
(382, 302, 1, 'Angus Salad', 93, '80 Grams Goose Liver (+30), 150 Grams Goose Breast Or Entrecote (+19)'),
(383, 303, 1, 'Angus Salad', 93, '80 Grams Goose Liver (+30), 150 Grams Goose Breast Or Entrecote (+19)'),
(384, 304, 1, 'Angus Salad', 93, '80 Grams Goose Liver (+30), 150 Grams Goose Breast Or Entrecote (+19)'),
(385, 305, 1, 'Angus Salad', 93, '80 Grams Goose Liver (+30), 150 Grams Goose Breast Or Entrecote (+19)'),
(386, 306, 1, 'Angus Salad', 93, '80 Grams Goose Liver (+30), 150 Grams Goose Breast Or Entrecote (+19)'),
(387, 307, 1, 'Angus Salad', 93, '80 Grams Goose Liver (+30), 150 Grams Goose Breast Or Entrecote (+19)'),
(388, 308, 1, 'Angus Salad', 93, '80 Grams Goose Liver (+30), 150 Grams Goose Breast Or Entrecote (+19)'),
(389, 309, 1, 'Angus Salad', 93, '80 Grams Goose Liver (+30), 150 Grams Goose Breast Or Entrecote (+19)'),
(390, 310, 1, 'Angus Salad', 93, '80 Grams Goose Liver (+30), 150 Grams Goose Breast Or Entrecote (+19)'),
(391, 311, 1, 'Angus Salad', 93, '80 Grams Goose Liver (+30), 150 Grams Goose Breast Or Entrecote (+19)'),
(392, 312, 1, 'Angus Salad', 93, '80 Grams Goose Liver (+30), 150 Grams Goose Breast Or Entrecote (+19)'),
(393, 313, 1, 'Angus Salad', 93, '80 Grams Goose Liver (+30), 150 Grams Goose Breast Or Entrecote (+19)'),
(394, 314, 1, 'Angus Salad', 93, '80 Grams Goose Liver (+30), 150 Grams Goose Breast Or Entrecote (+19)'),
(395, 315, 1, 'Angus Salad', 93, '80 Grams Goose Liver (+30), 150 Grams Goose Breast Or Entrecote (+19)'),
(396, 316, 1, 'Angus Salad', 93, '80 Grams Goose Liver (+30), 150 Grams Goose Breast Or Entrecote (+19)'),
(397, 317, 1, 'Angus Salad', 93, '80 Grams Goose Liver (+30), 150 Grams Goose Breast Or Entrecote (+19)'),
(398, 318, 1, 'Angus Salad', 93, '80 Grams Goose Liver (+30), 150 Grams Goose Breast Or Entrecote (+19)'),
(399, 319, 1, 'Angus Salad', 93, '80 Grams Goose Liver (+30), 150 Grams Goose Breast Or Entrecote (+19)'),
(400, 320, 1, 'Angus Salad', 93, '80 Grams Goose Liver (+30), 150 Grams Goose Breast Or Entrecote (+19)'),
(401, 321, 1, 'Angus Salad', 93, '80 Grams Goose Liver (+30), 150 Grams Goose Breast Or Entrecote (+19)'),
(402, 322, 1, 'Angus Salad', 93, '80 Grams Goose Liver (+30), 150 Grams Goose Breast Or Entrecote (+19)'),
(403, 322, 1, 'Angus Salad', 93, '80 Grams Goose Liver (+30), 150 Grams Goose Breast Or Entrecote (+19)'),
(404, 323, 1, 'Angus Salad', 93, '80 Grams Goose Liver (+30), 150 Grams Goose Breast Or Entrecote (+19)'),
(405, 324, 1, 'Angus Salad', 93, '80 Grams Goose Liver (+30), 150 Grams Goose Breast Or Entrecote (+19)'),
(406, 325, 1, 'Angus Salad', 93, '80 Grams Goose Liver (+30), 150 Grams Goose Breast Or Entrecote (+19)'),
(407, 326, 1, 'Angus Salad', 93, '80 Grams Goose Liver (+30), 150 Grams Goose Breast Or Entrecote (+19)'),
(408, 327, 1, 'Angus Salad', 93, '80 Grams Goose Liver (+30), 150 Grams Goose Breast Or Entrecote (+19)'),
(409, 328, 1, 'Angus Salad', 93, '80 Grams Goose Liver (+30), 150 Grams Goose Breast Or Entrecote (+19)'),
(410, 329, 1, 'Angus Salad', 93, '80 Grams Goose Liver (+30), 150 Grams Goose Breast Or Entrecote (+19)'),
(411, 330, 1, 'Angus Salad', 93, '80 Grams Goose Liver (+30), 150 Grams Goose Breast Or Entrecote (+19)'),
(412, 331, 1, 'Angus Salad', 93, '80 Grams Goose Liver (+30), 150 Grams Goose Breast Or Entrecote (+19)'),
(413, 332, 1, 'Angus Salad', 93, '80 Grams Goose Liver (+30), 150 Grams Goose Breast Or Entrecote (+19)'),
(414, 333, 1, 'Angus Salad', 93, '80 Grams Goose Liver (+30), 150 Grams Goose Breast Or Entrecote (+19)'),
(415, 334, 1, 'Angus Salad', 93, '80 Grams Goose Liver (+30), 150 Grams Goose Breast Or Entrecote (+19)'),
(416, 335, 1, 'Angus Salad', 93, '80 Grams Goose Liver (+30), 150 Grams Goose Breast Or Entrecote (+19)'),
(417, 336, 1, 'Angus Salad', 93, '80 Grams Goose Liver (+30), 150 Grams Goose Breast Or Entrecote (+19)'),
(418, 337, 1, 'Angus Salad', 93, '80 Grams Goose Liver (+30), 150 Grams Goose Breast Or Entrecote (+19)'),
(419, 338, 1, 'Angus Salad', 93, '80 Grams Goose Liver (+30), 150 Grams Goose Breast Or Entrecote (+19)'),
(420, 339, 1, 'Angus Salad', 93, '80 Grams Goose Liver (+30), 150 Grams Goose Breast Or Entrecote (+19)'),
(421, 340, 2, 'Dim Sum with meat', 29, ''),
(422, 341, 1, 'Angus Salad', 93, '80 Grams Goose Liver (+30), 150 Grams Goose Breast Or Entrecote (+19)'),
(423, 342, 1, 'Angus Salad', 93, '80 Grams Goose Liver (+30), 150 Grams Goose Breast Or Entrecote (+19)'),
(424, 343, 1, 'Angus Salad', 93, '80 Grams Goose Liver (+30), 150 Grams Goose Breast Or Entrecote (+19)'),
(425, 344, 1, 'Angus Salad', 93, '80 Grams Goose Liver (+30), 150 Grams Goose Breast Or Entrecote (+19)'),
(426, 345, 1, 'Angus Salad', 93, '80 Grams Goose Liver (+30), 150 Grams Goose Breast Or Entrecote (+19)'),
(427, 346, 1, 'Angus Salad', 93, '80 Grams Goose Liver (+30), 150 Grams Goose Breast Or Entrecote (+19)'),
(428, 347, 1, 'Angus Salad', 93, '80 Grams Goose Liver (+30), 150 Grams Goose Breast Or Entrecote (+19)'),
(429, 348, 2, 'Angus Salad', 93, '80 Grams Goose Liver (+30), 150 Grams Goose Breast Or Entrecote (+19)'),
(430, 349, 1, 'Chicken Salad', 61, '150 grams goose breast or entrecote (+19)'),
(431, 350, 1, 'Angus Salad', 71, '150 grams goose breast or entrecote (+19), 50 grams goose breast (+8)'),
(432, 351, 1, 'Angus Salad', 71, '150 grams goose breast or entrecote (+19), 50 grams goose breast (+8)'),
(433, 352, 1, 'Angus Salad', 71, '150 grams goose breast or entrecote (+19), 50 grams goose breast (+8)'),
(434, 353, 1, 'Angus Salad', 71, '150 grams goose breast or entrecote (+19), 50 grams goose breast (+8)'),
(435, 354, 1, 'Angus Salad', 71, '150 grams goose breast or entrecote (+19), 50 grams goose breast (+8)'),
(436, 355, 1, 'Angus Salad', 90, '150 grams goose breast or entrecote (+19), 50 grams goose breast (+8), 150 grams entrecote (+19)'),
(437, 355, 1, 'Chicken Salad', 95, '150 grams entrecote (+19), 80 grams goose liver (+30), Egg (+4)'),
(438, 355, 1, 'Angus Burger', 44, 'Egg (+4)'),
(439, 356, 1, 'Angus Salad', 90, '150 grams goose breast or entrecote (+19), 50 grams goose breast (+8), 150 grams entrecote (+19)'),
(440, 356, 1, 'Chicken Salad', 87, '150 grams goose breast or entrecote (+19), \n50 grams goose breast (+8), 170 grams chicken breast (+18)'),
(441, 356, 1, 'Angus Burger', 48, 'Egg (+4), portobello mushroom (+4)'),
(442, 357, 1, 'Angus Salad', 90, '150 grams goose breast or entrecote (+19), 50 grams goose breast (+8), 150 grams entrecote (+19)'),
(443, 357, 1, 'Chicken Salad', 88, '150 grams goose breast or entrecote (+19), \n50 grams goose breast (+8), 150 grams entrecote (+19)'),
(444, 357, 1, 'Angus Burger', 44, 'Egg (+4), Lettuce'),
(445, 358, 1, 'Angus Salad', 71, '150 grams goose breast or entrecote (+19), 50 grams goose breast (+8)'),
(446, 358, 1, 'Chicken Salad', 60, '170 grams chicken breast (+18)'),
(447, 359, 1, 'Angus Salad', 71, '50 grams goose breast (+8), 150 grams entrecote (+19)'),
(448, 360, 2, 'Angus Salad', 81, '150 grams goose breast or entrecote (+19), 170 grams chicken breast (+18)'),
(449, 360, 1, 'Chicken Salad', 90, '170 grams chicken breast (+18), 80 grams goose liver (+30)'),
(450, 361, 2, 'Meshulashim Pie', 32, ''),
(451, 362, 1, 'Double Angus Sandwich', 56, ''),
(452, 362, 1, 'King Angus Sandwich', 67, ''),
(453, 362, 1, 'Chicken Sandwich', 33, ''),
(454, 362, 1, 'Chicken Sandwich', 33, ''),
(455, 362, 1, 'King Angus Sandwich', 67, ''),
(456, 362, 1, 'Double Angus Sandwich', 56, ''),
(457, 362, 1, 'King Angus Sandwich', 71, 'Portobello Mushroom (+4)'),
(458, 362, 1, 'Chicken Sandwich', 33, ''),
(459, 362, 1, 'Vegetarian Sandwich', 33, ''),
(460, 363, 1, 'Angus Salad', 71, '150 grams goose breast or entrecote (+19), 50 grams goose breast (+8), Jalapeño'),
(461, 364, 1, 'Angus Salad', 71, '150 grams goose breast or entrecote (+19), 50 grams goose breast (+8)'),
(462, 365, 1, 'Angus Salad', 90, '150 grams goose breast or entrecote (+19), 50 grams goose breast (+8), 150 grams entrecote (+19)'),
(463, 366, 1, 'Angus Salad', 62, '170 grams chicken breast (+18), Jalapeño'),
(464, 366, 1, 'Chicken Salad', 42, ''),
(465, 367, 3, 'Angus Salad', 71, '150 grams goose breast or entrecote (+19), 50 grams goose breast (+8)'),
(466, 368, 3, 'Angus Salad', 71, '150 grams goose breast or entrecote (+19), 50 grams goose breast (+8)'),
(467, 369, 1, 'Tempura Chicken Fillet', 28, ''),
(468, 369, 2, 'Soup Of The Day', 22, ''),
(469, 370, 1, 'Angus Salad', 63, '150 grams entrecote (+19)'),
(470, 371, 1, 'Angus Salad', 90, '150 grams goose breast or entrecote (+19), 50 grams goose breast (+8), 150 grams entrecote (+19)'),
(471, 372, 1, 'Angus Salad', 71, '50 grams goose breast (+8), 150 grams entrecote (+19)'),
(472, 372, 1, 'Chicken Salad', 42, 'Sweet chilli, Jalapeño'),
(473, 372, 1, 'Coca Cola Zero', 8, ''),
(474, 372, 1, 'Fuze Tea', 8, ''),
(475, 373, 1, 'Angus Salad', 92, '170 grams chicken breast (+18), 80 grams goose liver (+30)'),
(476, 373, 1, 'Chicken Salad', 79, '150 grams entrecote (+19), 170 grams chicken breast (+18)'),
(477, 374, 1, 'Xl Pie', 70, 'Olives (+5)'),
(478, 374, 1, 'Xl + Toppings', 75, 'Tomatoes, Corn'),
(479, 375, 1, 'Angus Salad', 81, '150 grams entrecote (+19), 170 grams chicken breast (+18)'),
(480, 375, 1, 'Chicken Salad', 79, '150 grams entrecote (+19), 170 grams chicken breast (+18)'),
(481, 376, 1, 'Angus Salad', 63, '150 grams goose breast or entrecote (+19)'),
(482, 377, 2, 'Angus Salad', 63, '150 grams goose breast or entrecote (+19)'),
(483, 378, 4, 'Angus Salad', 89, '50 grams goose breast (+8), 150 grams entrecote (+19), 170 grams chicken breast (+18), Thousand island, Garlic Mayo, Spicy chilli'),
(484, 378, 1, 'Angus Salad', 75, '150 grams goose breast or entrecote (+19), 50 grams goose breast (+8), Egg (+4)'),
(485, 378, 2, 'Pargit Tortilla', 34, 'Ketchup'),
(486, 379, 1, 'Xl + Toppings', 75, ''),
(487, 380, 1, 'Angus Salad', 63, '150 grams goose breast or entrecote (+19)'),
(488, 381, 6, 'Angus Salad', 44, 'Jalapeño'),
(489, 381, 1, 'Angus Salad', 44, 'BBQ, Thousand island'),
(490, 381, 1, 'Chicken Salad', 42, ''),
(491, 382, 1, 'Angus Salad', 52, '50 grams goose breast (+8)'),
(492, 383, 1, 'Chicken Salad', 61, '150 grams goose breast or entrecote (+19)'),
(493, 384, 2, 'Dim Sum with meat', 29, ''),
(494, 385, 1, 'Angus Salad', 52, '50 grams goose breast (+8)'),
(495, 386, 1, 'Angus Salad', 52, '50 grams goose breast (+8)'),
(496, 386, 1, 'Coca Cola Zero', 8, ''),
(497, 387, 1, 'Angus Salad', 71, '150 grams goose breast or entrecote (+19), 50 grams goose breast (+8)'),
(498, 388, 1, 'Angus Salad', 52, '50 grams goose breast (+8)'),
(499, 389, 2, 'Shawarma', 33, 'Bread Type:Pita, Spring Chicken, Fried Onions'),
(500, 390, 1, 'Angus Salad', 52, '50 grams goose breast (+8)'),
(501, 391, 1, 'Angus Salad', 90, '150 grams goose breast or entrecote (+19), 50 grams goose breast (+8), 150 grams entrecote (+19)'),
(502, 392, 1, 'Angus Salad', 52, '50 grams goose breast (+8)'),
(503, 392, 1, 'Pargit Tortilla', 38, 'Portobello Mushroom (+4), Ketchup'),
(504, 393, 2, 'Angus Salad', 44, ''),
(505, 394, 1, 'Angus Salad', 75, '150 grams goose breast or entrecote (+19), 50 grams goose breast (+8), portobello mushroom (+4)'),
(506, 394, 1, 'Chicken Salad', 90, '170 grams chicken breast (+18), 80 grams goose liver (+30)'),
(507, 395, 2, 'Angus Salad', 44, ''),
(508, 396, 2, 'Angus Salad', 44, '');

-- --------------------------------------------------------

--
-- Table structure for table `restaurants`
--

CREATE TABLE IF NOT EXISTS `restaurants` (
  `id` int(16) NOT NULL AUTO_INCREMENT,
  `name_en` varchar(255) NOT NULL,
  `name_he` varchar(255) NOT NULL,
  `min_amount` int(11) NOT NULL,
  `city_id` int(11) NOT NULL,
  `hide` int(11) NOT NULL,
  `logo` varchar(255) NOT NULL,
  `description_en` text NOT NULL,
  `description_he` text NOT NULL,
  `address_en` varchar(255) NOT NULL,
  `address_he` varchar(255) NOT NULL,
  `hechsher_en` varchar(255) NOT NULL,
  `hechsher_he` varchar(255) NOT NULL,
  PRIMARY KEY (`id`)
) ENGINE=InnoDB  DEFAULT CHARSET=utf8 AUTO_INCREMENT=16 ;

--
-- Dumping data for table `restaurants`
--

INSERT INTO `restaurants` (`id`, `name_en`, `name_he`, `min_amount`, `city_id`, `hide`, `logo`, `description_en`, `description_he`, `address_en`, `address_he`, `hechsher_en`, `hechsher_he`) VALUES
(1, 'Angus', 'אנגוס', 50, 1, 0, '/m/en/img/angos_logo.png', 'Angus is an entrecote bar located in the heart of Bet Shemesh. \nWe have a large selection of fresh, excellent quality chicken and meat dishes. Choose from: chicken tortilla, chicken sandwiches, entrecote sandwiches, duck breast sandwiches, decadent salads, a variety of side dishes and more. That''s not all - try our delicious business options!', 'מסעדת אנגוס אנטריקוט בר הכשרה בבית-שמש ידועה בתפריט העשיר והמפתה שלה, הכולל מבחר נתחי בשר ועוף טריים ואיכותיים. לבחירתכם: טורטייה במילוי פרגית ועוף, כריכים מעולים עם שלל מילויים (אנטריקוט, חזה אווז ופרגית), סלטים מפנקים, מגוון תוספות ועוד. זה לא הכול – נסו את העסקיות המשתלמות של אנגוס!', 'Yitzhak Rabin Road 5, Beit Shemesh', 'דרך יצחק רבין 5,בית שמש', 'Rabbanut Bet Shemesh', 'רבנות בית שמש'),
(2, 'Meshulashim', 'פיצה משולשים', 50, 1, 0, '/m/en/img/meshulashim_logo.png', 'The best pizza in Bet Shemesh. We only use fresh products in our classic dishes. It''s the type of place Bet Shemesh has been yearning for. Try one of the creative ones such as our spicy pizza or go classic with our margarita pizza. Either way, you gotta get a pizza here!', 'הפיצריה כשרה ומגישה מבחר של מנות כגון פיצות, פסטות ברטבים עשירים, סלטים מירקות טריים הנחתכים במקום, בורקסים בטעמים וכן גם טוסטים. ניתן להזמין את הפיצות הטעימות של משולשים גם ללא גלוטן.', '\nSderot Yigal Allon 6, Beit Shemesh', 'שד'' יגאל אלון 6, קניון שער העיר, בית שמש', 'Mehadrin Rav Landau', 'כשר למהדרין הרב לנדא '),
(3, 'Bandora', 'בנדורה', 50, 1, 0, '/m/en/img/bandora_logo.png', 'Bandora is known for its high-quality meats. Our traditional charcoal grill gives the shawarma a unique flavor and aroma; flavors reminiscent of homecooked meals made in distant villages in Turkey, Jordan, Syria and Egypt.', 'בנדורה היא שילוב מנצח של בשר שווארמה איכותי, אשר שוכב על גחלים וניצלה בצורה מסורתית, המעניק לבשר השווארמה טעמים וארומה ייחודיים, טעמים המגיעים אלנו מהכפרים הרחוקים של תורכיה, ירדן, סוריה ומצרים.', 'Sderot Yigal Allon 6, Canyon Gate City, Beit Shemesh', 'שד'' יגאל אלון 6, קניון שער העיר, בית שמש', 'Badatz Beit Yosef', 'בד"ץ בית יוסף'),
(4, 'Roza', 'רוזה', 50, 1, 0, '/m/en/img/roza_logo.png', 'Restaurant serving you a meat menu that includes sandwiches, different types of meat, salads, pastas, burgers, children''s meals & more', 'מסעדה המגיש לכם מנות בשריות אשר כוללות סנדוויצ''ים  ,סוגים שונים של בשרים, סלטים , פסטות, המבורגרים , ארוחות ילדים ועוד', 'Sderot Yigal Allon 3,  Beit Shemesh', 'קניון ביג פאשן, יגאל אלון 3', 'Mehadrin Harav Mutzafi', ' בד"ץ הרב מוצפי'),
(5, 'Japan Japan', 'ג''אפן ג''אפן', 50, 1, 0, '/m/en/img/japan_logo.png', 'JapanJapan serves Pan-Asian style food, specifically dishes from Japan, China and Thailand, with influences of Eastern Asian cuisine. JapanJapan carries a varied menu where you can enjoy over 80 dishes. You can choose from 15 types each of meat and chicken dishes, not to mention a varied selection of noodles and a huge sushi menu.', 'המנות של ג’אפן ג’אפן הן בסגנון פאן-אסייתי. הקו הקולינרי המוביל של הרשת הוא יפן-סין-תאילנד. אך עם זאת, תוכלו למצוא בתפריט גם השפעות ממדינות נוספות במזרח אסיה. לרשת ג’אפן ג’אפן תפריט מגוון בו תוכלו להינות מכ-80 מנות שונות. תוכלו לבחור מבין כ-15 סוגי מנות בשרים וכ-15 סוגי מנות עוף. להנאתכם, הרשת מציעה גם מבחר מנות נודלס ותפריט סושי עם מבחר עצום.', 'Sderot Yigal Allon 3,  Beit Shemesh', 'קניון ביג פאשן, יגאל אלון 3', 'Mehadrin Beit Yosef', 'בד"ץ בית יוסף'),
(6, 'OSHI OSHI', 'אושי אושי', 50, 2, 0, '/m/en/img/oshi_logo.jpg', 'OSHI OSHI prides itself in its huge selection of high quality and creative sushi.  Along with its extensive sushi menu, the restaurant offers a large range of starters, soups and a selection of delicious stir-fries.  All of these high quality dishes are provided speedily and at competitive prices. ', 'אושי אושי מתמחה בהכנת סושי איכותי, אותנטי, מגוון ויצירתי. מטרת הרשת היא להביא לקהל הרחב את איכות מוצרינו, במקצועיות, בזריזות ובמחיר השווה לכל נפש. הרשת פזורה ברחבי הארץ בקניונים ובסביבתם לנוחות לקוחותינו. הרשת כמו כן גם מבצעת שירות משלוחים מסניפיה.', 'Lev Reut Commercial Center, Reut', ' מרכז מסחרי לב <br> רעות', 'Badatz Beit Yosef', 'כשר מהדרין בד''''ץ בית יוסף'),
(7, 'Greg Cafe', 'גרג קפה', 50, 1, 0, '/m/en/img/greg_logo.jpg', 'Greg Cafe, located in Big Fashion mall, has made a name for itself as THE place for high quality dairy food and excellent coffee.  With a very extensive food and drinks menu, Greg caters for all tastes. The cafe prides itself in offering a large vegan menu, full of healthy, tasty options.  There are also different fish and pasta dishes, along with breakfasts, sandwiches and the most decadent salads you''ll ever have. Their takeaway service is as top notch as their eat in experience; you won''t be disappointed. ', 'התפריט עשיר ומגוון הכולל: ארוחות בוקר, פסטות, פיצות, דגים, טוסטים, סלטים ועוד.', 'Big Fashion Mall, Yigal Alon 1, Beit Shemesh', 'קניון ביג פאשן, יגאל אלון 1, בית שמש', 'Badatz Beit Yosef', 'בדץ בית יוסף'),
(8, 'Grill 443', 'גריל 443', 50, 2, 0, '/m/en/img/grill443_logo.png', 'People come from far and wide to eat at the charcoal grilled, expertly chosen meats in Grill 443.  Now you can enjoy their amazing quality at home. There is a large selection of options, including two budget-friendly family meals.  Choose from an abundance of home style dishes, a dozen types of salad, accompanied by laffa straight from the taboun. ', '"""מסעדה מקומית אהובה עם בשרים ושיפודים נבחרים על גריל הפחמים, המדהימים בטעמם האיכותי.\r\n\r\nבצד תוכלו להזמין כמה סוגי סלטים טריים, חומוס הבית עם גרגירים חמים ונעימים לחיך, וקבב הבית הידוע בטעמו.\r\n\r\nבמקום שפע מאכלים ביתיים, לאפות היישר מהטבון. \r\n\r\nארוחות עסקיות ניתן להזמין בכל יום ובכל שעות היום, ואוכל מוכן לשבת לקחת הביתה."""', '443 - on road 443, beside the Sonol gas station at Shilat junction', 'צומת שילת (ת. דלק סונול), מודיעין', 'Rabbanut.    Meat is Chalak, chicken is rabbanut mehadrin', 'רבנות.  העוף מהדרין, והבשר חלק'),
(9, 'Pizza Cheese', 'פיצה צ׳יז', 50, 2, 0, '/m/en/img/pc_logo.png', 'Not just budget-friendly pizzas, pastas and salads from your friendly local pizzeria. With this being Israel, there''s also jachnun and malawach to choose from, in addition to ziva and garlic bread. Delicious!', 'פיצה מעולה עם כל התוסות, מכחר פסטות וסלטים, שירות נהדר, רוחב לב,  מחיר כמו שאין בשום מקום. מה עוד צריך?!', 'Marlaz Center, Emek Dotan 66, Modiin', 'מרכז קניות מרלז, עמק דותן 66, מודיעין', 'Badatz Beit Yosef', 'כשר מהדרין בד''''ץ בית יוסף'),
(10, 'Crispy Sandwich', 'קריספי סנדוויץ''', 50, 2, 0, '/m/en/img/cs_logo.png', 'Beat the crowds at the mall and have your Crispy Sandwich delivered. The fast food place formerly known as 360 degree Schwarma & Friends provides a very reasonably priced menu of baguettes, laffot, plates and salads of your favorite meat dishes. Choose from schwarma, marinated chicken breast, homemade kebabs and a host of other tasty choices. Don''t forget to upgrade your meal to enjoy our yummy sides and drinks!', '"תפריט קריספי במגשית\nהמנות מוגשות עם צ''יפס, באגט/ לאפה, סלטים וממרחים לבחירה. \nסלטים לבחירה: חומוס, חריף, כרוב סגול במיונז, חסה, עבגניות, מלפפון, סלט עגבניות חריף, כרוב לבן, בצל מטוגן, חצילים מטוגנים, זיתים שחורים, פטרוזיליה. \nממרחים לבחירה: טחינה, קטשופ, עמבה, רוטב שום, רוטב אלף האיים, פסטו, ברביקיו, צ''ילי מתוק, צ''ילי חריף, מיונז."', 'Canion Azrieli, Modiin', 'קניון עזריאלי, מודיעין', 'Rabbanut Modiin', 'רבנות מודיעין'),
(11, 'Ken LePizza', 'כן לפיצה', 50, 2, 1, '/m/en/img/ken_logo.jpg', 'Ken Lepizza is your friendly, local pizzeria, using only high quality ingredients.  The dough is made fresh daily on the premises and only 100% cheese is used, but they are still very competitively priced.  On the menu are the ubiquitous pizzas, along with spaghetti and calzone and because we''re not in Italy, they offer malawach and jachnun and other filling dairy dishes and salads. ', 'כן לפיצה היא פיצריה כשרה למהדרין במודיעין-מכבים-רעות, הנחשבת לאחת הטובות בעיר. הפיצות שלנו עשויות מבצק דק במיוחד הנאפה במקום, ולצד זה גבינה צהובה אמיתית, תוספות עשירות ועוד. אצלנו תולו למצוא גם לחמים, מאפים, סלטים וקינוחים, ההופכים את החוויה הקולינרית למלאה אפילו יותר.  המחירים שלנו נוחים, כאשר באפשרותכם ליהנות ממבצעים משתלמים במיוחד.', 'Kaiser Center, Emek Zevulun 24, Modiin', 'קייזר סנטר, עמק זבולון 24 <br> מודיעין', 'Badatz Beit Yosef', 'כשר מהדרין בד''''ץ בית יוסף'),
(12, 'Aroma', 'ארומה', 50, 1, 0, '/m/en/img/aroma_logo.png', 'Simply the best coffee in town. Coupled with food freshly prepared as you wait. Sandwiches, salads, breakfasts, pastries. If you don''t like coffee, there''s plent of other drinks, hot and cold, on offer. Now you can have this deliciousness delivered to your home. ', '', 'Big Center, Yigal Allon 5, Beit Shemesh', '  מרכז ביג, יגאל אלון 5, בית שמש', 'KOSHER MEHADRIN', 'כשר למהדרין'),
(13, 'Pinati', 'פינתי', 50, 1, 0, '/m/en/img/pinati_logo.png', 'Pinati is where the locals go when they want reasonably priced food, made according to the Mediterranean palate. Their speciality is humous, which can be ordered with a selection of accompaniments. Along with this, you can order their main courses, salads and soups - you won''t be disappointed!', '"החומוס של פינתי הוא שם דבר, אבל פינתי היא לא רק חומוס. \nתוכלו לקפוץ לפינתי ולהזכר במטבח של אמא – ארוחה מבושלת, ממטבח נקי, \nמוגשת לכם במהירות ומתאימה לכל מי שמחפש ארוחה משביעה וכשרה במחיר סביר.\nהאוכל שלנו מוכן מדי יום כבר יותר משלושים שנה. בכל אחד מהסניפים שלנו אנחנו \nמכינים אוכל ממוצרים טריים עבור לקוחותינו.\nלא צריך ללבוש חליפה, ואין צורך לתכנן. אנחנו מחכים לכם כאן, כמו תמיד, \nואכשיו מביאים את האוכל במשלוח אליכם – חם, ביתי, וטעים טעים – האוכל של פינתי."', 'Yigal Allon 24, Northern Industrial Area, Beit Shemesh', 'יגאל אלון 24, אזור תעשייה, בית שמש', 'Badatz Beit Yosef', 'בד''''ץ בית יוסף'),
(14, 'Pizzaland', 'פיצה', 50, 1, 0, '/m/en/img/pizzaland_logo.png', 'Pizzaland is your local neighborhood pizzeria, which prides iself on serving only the very best.  With a selection of sizes and toppings, they have the dish to suit all pizza lovers.  What can be better than a slice of piping hot, fresh pizza?', ' הפיצריה הטובה ביותר ברמת בית שמש הגיעה לorderapp!  הזמינו פיצות חמות וטריות - בתאבון!', 'Nachal Katlav, RBS A', 'נחל קטלב 4, רמת בית שמש א', 'Badatz Eida Chareidis', 'בד''''ץ העדה החרדית ירושלים'),
(15, '110 Burger', '110 בורגר', 50, 1, 0, '/m/en/img/110_burger_logo.png', '110 Burger is a brand new, revolutionary and groundbreaking fast food ast food industry, the next generation of fast food.\r\nWith a fast, affordable, quality menu, 110 Burger offers speed, fresh meat and vegetables, and vegetarianism menu options. The restaurant uses state-of-the-art, exclusive equipment for fast, precise, simple and clean operation. The roasting method in the new machinery preserves the juiciness of the product and its adherence to the standard of gourmet restaurants. ', '110 בורגר הוא מותג חדש, מהפכני ופורץ דרך בענף המזון המהיר, הדור הבא של ה-Fast Food.\n110 בורגר נוסדה במגמה להציב סטנדרטים חדשים בתחום המזון המהיר. מוצר יום-יומי, מהיר, בעל מחיר נגיש, תו איכות מוכח ותפיסה מודרנית חדשנית.110 בורגר מציגה יתרונות ברורים, כמו מהירות, שימוש בבשר בקר טרי ובירקות טריים והתייחסות לצמחוניים בתפריט. המסעדה משתמשת במיכון חדיש ובלעדי לרשת אשר מאפשר תפעול מהיר, מדוייק, פשוט ונקי. שיטת הצלייה במיכון החדש שומרת על עסיסיות המוצר ועל עמידתו בסטדנרט של מסעדות גורמה. ', 'Canion Shaarei Hair, Yigal Allon 6, Beit Shemesh', 'יגאל שלון 6, בית שמש', 'Badatz Beit Yosef', ' בד״צ בית יוסף');

-- --------------------------------------------------------

--
-- Table structure for table `restaurant_gallery`
--

CREATE TABLE IF NOT EXISTS `restaurant_gallery` (
  `id` int(11) NOT NULL AUTO_INCREMENT,
  `restaurant_id` int(11) NOT NULL,
  `url` varchar(255) NOT NULL,
  PRIMARY KEY (`id`),
  KEY `restaurant_id` (`restaurant_id`)
) ENGINE=InnoDB  DEFAULT CHARSET=utf8 AUTO_INCREMENT=98 ;

--
-- Dumping data for table `restaurant_gallery`
--

INSERT INTO `restaurant_gallery` (`id`, `restaurant_id`, `url`) VALUES
(2, 1, '/m/en/img/angus_gallery/ang_1.png'),
(3, 1, '/m/en/img/angus_gallery/ang_2.png'),
(4, 1, '/m/en/img/angus_gallery/ang_3.png'),
(5, 1, '/m/en/img/angus_gallery/ang_4.png'),
(6, 1, '/m/en/img/angus_gallery/ang_5.png'),
(7, 1, '/m/en/img/angus_gallery/ang_6.png'),
(8, 1, '/m/en/img/angus_gallery/ang_7.png'),
(9, 3, '/m/en/img/bandora_gallery/band_1.png'),
(10, 3, '/m/en/img/bandora_gallery/band_2.png'),
(11, 3, '/m/en/img/bandora_gallery/band_3.png'),
(12, 2, '/m/en/img/mesh_gallery/mesh_1.png'),
(13, 2, '/m/en/img/mesh_gallery/mesh_2.png'),
(21, 4, '/m/en/img/roza_gallery/roza_1.jpg'),
(22, 4, '/m/en/img/roza_gallery/roza_10.JPG'),
(23, 4, '/m/en/img/roza_gallery/roza_11.JPG'),
(24, 4, '/m/en/img/roza_gallery/roza_12.JPG'),
(25, 4, '/m/en/img/roza_gallery/roza_13.jpg'),
(26, 4, '/m/en/img/roza_gallery/roza_14.jpg'),
(27, 4, '/m/en/img/roza_gallery/roza_15.jpg'),
(28, 4, '/m/en/img/roza_gallery/roza_16.JPG'),
(29, 4, '/m/en/img/roza_gallery/roza_17.JPG'),
(30, 4, '/m/en/img/roza_gallery/roza_18.JPG'),
(31, 4, '/m/en/img/roza_gallery/roza_19.JPG'),
(32, 4, '/m/en/img/roza_gallery/roza_2.jpg'),
(33, 4, '/m/en/img/roza_gallery/roza_20.jpg'),
(34, 4, '/m/en/img/roza_gallery/roza_3.JPG'),
(35, 4, '/m/en/img/roza_gallery/roza_4.JPG'),
(36, 4, '/m/en/img/roza_gallery/roza_5.JPG'),
(37, 4, '/m/en/img/roza_gallery/roza_6.jpg'),
(38, 4, '/m/en/img/roza_gallery/roza_7.JPG'),
(39, 4, '/m/en/img/roza_gallery/roza_8.JPG'),
(40, 4, '/m/en/img/roza_gallery/roza_9.JPG'),
(41, 5, '/m/en/img/japan_gallery/Japan_chicken_salad.jpg'),
(42, 5, '/m/en/img/japan_gallery/Japan_sake_roll.jpg'),
(43, 5, '/m/en/img/japan_gallery/japan_boat_combo.jpg'),
(44, 5, '/m/en/img/japan_gallery/japan_combination.jpg'),
(45, 5, '/m/en/img/japan_gallery/japan_crazy_roll.jpg'),
(46, 5, '/m/en/img/japan_gallery/japan_inside_out.jpg'),
(52, 6, '/m/en/img/oshi_gallery/oshi_1.png'),
(53, 6, '/m/en/img/oshi_gallery/oshi_2.png'),
(54, 6, '/m/en/img/oshi_gallery/oshi_3.png'),
(57, 9, '/m/en/img/pizza_cheese_gallery/pc_1.png'),
(58, 9, '/m/en/img/pizza_cheese_gallery/pc_2.png'),
(59, 9, '/m/en/img/pizza_cheese_gallery/pc_3.png'),
(60, 9, '/m/en/img/pizza_cheese_gallery/pc_logo.png'),
(61, 10, '/m/en/img/crispy_sendwich_gallery/cs_1.png'),
(62, 10, '/m/en/img/crispy_sendwich_gallery/cs_2.png'),
(63, 10, '/m/en/img/crispy_sendwich_gallery/cs_3.png'),
(64, 10, '/m/en/img/crispy_sendwich_gallery/cs_4.png'),
(65, 10, '/m/en/img/crispy_sendwich_gallery/cs_logo.png'),
(66, 7, '/m/en/img/greg_gallery/12191438_1207784905905562_6667840069913494798_n.png'),
(68, 7, '/m/en/img/greg_gallery/Antipasto Shakshuka.png'),
(69, 7, '/m/en/img/greg_gallery/Baked Salmon Fillet with vegitables.png'),
(70, 7, '/m/en/img/greg_gallery/Bass Fillet.png'),
(71, 7, '/m/en/img/greg_gallery/Breakfast for two.png'),
(72, 7, '/m/en/img/greg_gallery/Breakfast.png'),
(73, 7, '/m/en/img/greg_gallery/Breakfastt.png'),
(74, 7, '/m/en/img/greg_gallery/Cheese Filo Burreka.png'),
(75, 7, '/m/en/img/greg_gallery/Cheese Tortilla.png'),
(76, 7, '/m/en/img/greg_gallery/Double Veggie Burger.png'),
(77, 7, '/m/en/img/greg_gallery/Vegitables in Curry.png'),
(78, 7, '/m/en/img/greg_gallery/Scandinavian Morning.png'),
(79, 12, '/m/en/img/aroma_gallery/img1.jpg'),
(80, 12, '/m/en/img/aroma_gallery/img2.jpg'),
(81, 12, '/m/en/img/aroma_gallery/img3.jpg'),
(83, 14, '/m/en/img/pizzaland_gallery/img1.jpg'),
(84, 14, '/m/en/img/pizzaland_gallery/img2.png'),
(85, 14, '/m/en/img/pizzaland_gallery/img3.png'),
(86, 13, '/m/en/img/pinati_gallery/img1.png'),
(87, 13, '/m/en/img/pinati_gallery/img2.png'),
(88, 13, '/m/en/img/pinati_gallery/img3.png'),
(89, 13, '/m/en/img/pinati_gallery/img4.png'),
(90, 15, '/m/en/img/110_burger_gallery/img1.png'),
(91, 15, '/m/en/img/110_burger_gallery/img2.png'),
(92, 15, '/m/en/img/110_burger_gallery/img3.png'),
(93, 15, '/m/en/img/110_burger_gallery/img4.png'),
(94, 8, '/m/en/img/grill_gallery/img1.jpg'),
(95, 8, '/m/en/img/grill_gallery/img2.jpg'),
(96, 8, '/m/en/img/grill_gallery/img3.jpg'),
(97, 8, '/m/en/img/grill_gallery/img4.jpg');

-- --------------------------------------------------------

--
-- Table structure for table `restaurant_tags`
--

CREATE TABLE IF NOT EXISTS `restaurant_tags` (
  `id` int(11) NOT NULL AUTO_INCREMENT,
  `restaurant_id` int(11) NOT NULL,
  `tag_id` int(11) NOT NULL,
  PRIMARY KEY (`id`),
  KEY `restaurant_id` (`restaurant_id`),
  KEY `tag_id` (`tag_id`)
) ENGINE=InnoDB  DEFAULT CHARSET=utf8 AUTO_INCREMENT=37 ;

--
-- Dumping data for table `restaurant_tags`
--

INSERT INTO `restaurant_tags` (`id`, `restaurant_id`, `tag_id`) VALUES
(2, 1, 2),
(3, 1, 3),
(4, 1, 4),
(5, 1, 5),
(6, 3, 2),
(7, 3, 6),
(8, 3, 7),
(9, 2, 8),
(10, 2, 11),
(11, 2, 12),
(12, 4, 2),
(13, 4, 3),
(14, 4, 4),
(15, 4, 5),
(16, 4, 11),
(17, 5, 9),
(18, 5, 10),
(19, 5, 2),
(20, 6, 13),
(21, 6, 2),
(26, 7, 17),
(27, 7, 18),
(28, 9, 8),
(29, 9, 17),
(30, 10, 2),
(31, 10, 3),
(32, 10, 6),
(33, 10, 19),
(34, 11, 8),
(35, 11, 17),
(36, 12, 20);

-- --------------------------------------------------------

--
-- Table structure for table `subitems`
--

CREATE TABLE IF NOT EXISTS `subitems` (
  `id` int(11) NOT NULL AUTO_INCREMENT,
  `extra_id` int(11) NOT NULL,
  `name_en` varchar(255) NOT NULL,
  `name_he` varchar(255) NOT NULL,
  `price` int(11) NOT NULL,
  `sort` int(11) NOT NULL,
  PRIMARY KEY (`id`),
  KEY `extra_id` (`extra_id`)
) ENGINE=InnoDB  DEFAULT CHARSET=utf8 AUTO_INCREMENT=15162 ;

--
-- Dumping data for table `subitems`
--

INSERT INTO `subitems` (`id`, `extra_id`, `name_en`, `name_he`, `price`, `sort`) VALUES
(1, 4, '150 grams goose breast or entrecote', 'חזה אווז', 19, 100),
(2, 4, '50 grams goose breast', 'חזה אווז', 8, 101),
(3, 4, '150 grams entrecote', 'אטנריקוט', 19, 102),
(4, 4, '170 grams chicken breast', 'חזה עוף', 18, 103),
(5, 4, '80 grams goose liver', 'כבד אווז', 30, 104),
(6, 7, 'Lettuce', 'חסה', 0, 107),
(7, 7, 'Tomato', 'עגבניות', 0, 108),
(8, 7, 'Onions', 'בצל', 0, 109),
(9, 7, 'Pickles', 'חמוצים', 0, 110),
(10, 7, 'Fried Onions', 'בצל מטוגן', 0, 111),
(11, 10, 'Lettuce', 'חסה', 0, 112),
(12, 10, 'Tomato', 'עגבניות', 0, 113),
(13, 10, 'Onions', 'בצל', 0, 114),
(14, 10, 'Pickles', 'חמוצים', 0, 115),
(15, 10, 'Fried Onions', 'בצל מטוגן', 0, 116),
(16, 13, 'Lettuce', 'חסה', 0, 117),
(17, 13, 'Tomato', 'עגבניות', 0, 118),
(18, 13, 'Onions', 'בצל', 0, 119),
(19, 13, 'Pickles', 'חמוצים', 0, 120),
(20, 13, 'Fried Onions', 'בצל מטוגן', 0, 121),
(21, 16, 'Lettuce', 'חסה', 0, 122),
(22, 16, 'Tomato', 'עגבניות', 0, 123),
(23, 16, 'Onions', 'בצל', 0, 124),
(24, 16, 'Pickles', 'חמוצים', 0, 125),
(25, 16, 'Fried Onions', 'בצל מטוגן', 0, 126),
(26, 19, 'Lettuce', 'חסה', 0, 127),
(27, 19, 'Tomato', 'עגבניות', 0, 128),
(28, 19, 'Onions', 'בצל', 0, 129),
(29, 19, 'Pickles', 'חמוצים', 0, 130),
(30, 19, 'Fried Onions', 'בצל מטוגן', 0, 131),
(31, 22, 'Lettuce', 'חסה', 0, 132),
(32, 22, 'Tomato', 'עגבניות', 0, 133),
(33, 22, 'Onions', 'בצל', 0, 134),
(34, 22, 'Pickles', 'חמוצים', 0, 135),
(35, 22, 'Fried Onions', 'בצל מטוגן', 0, 136),
(36, 25, 'Lettuce', 'חסה', 0, 137),
(37, 25, 'Tomato', 'עגבניות', 0, 138),
(38, 25, 'Onions', 'בצל', 0, 139),
(39, 25, 'Pickles', 'חמוצים', 0, 140),
(40, 25, 'Fried Onions', 'בצל מטוגן', 0, 141),
(41, 28, 'Lettuce', 'חסה', 0, 142),
(42, 28, 'Tomato', 'עגבניות', 0, 143),
(43, 28, 'Onions', 'בצל', 0, 144),
(44, 28, 'Pickles', 'חמוצים', 0, 145),
(45, 28, 'Fried Onions', 'בצל מטוגן', 0, 146),
(46, 31, 'Lettuce', 'חסה', 0, 147),
(47, 31, 'Tomato', 'עגבניות', 0, 148),
(48, 31, 'Onions', 'בצל', 0, 149),
(49, 31, 'Pickles', 'חמוצים', 0, 150),
(50, 31, 'Fried Onions', 'בצל מטוגן', 0, 151),
(51, 34, 'Lettuce', 'חסה', 0, 152),
(52, 34, 'Tomato', 'עגבניות', 0, 153),
(53, 34, 'Onions', 'בצל', 0, 154),
(54, 34, 'Pickles', 'חמוצים', 0, 155),
(55, 34, 'Fried Onions', 'בצל מטוגן', 0, 156),
(56, 14, 'Lettuce', 'חסה', 0, 157),
(57, 14, 'Tomato', 'עגבניות', 0, 158),
(58, 14, 'Onions', 'בצל', 0, 159),
(59, 14, 'Pickles', 'חמוצים', 0, 160),
(60, 14, 'Fried Onions', 'בצל מטוגן', 0, 161),
(61, 3, 'Ketchup', 'קטשופ', 0, 162),
(62, 3, 'Bbq', 'ברביקיו', 0, 163),
(63, 3, 'Thousand Island', 'אלף האיים', 0, 164),
(64, 3, 'Garlic Mayo', 'רוטב שום', 0, 165),
(65, 3, 'Sweet Chilli', 'צ''ילי מתוק', 0, 166),
(66, 3, 'Spicy Chilli', 'צ''ילי חריף', 0, 167),
(67, 3, 'Jalpeño', 'חלפניו', 0, 168),
(68, 2, 'Lettuce', 'חסה', 0, 169),
(69, 2, 'Tomato', 'עגבניות', 0, 170),
(70, 6, 'Ketchup', 'קטשופ', 0, 176),
(71, 6, 'Bbq', 'ברביקיו', 0, 177),
(72, 6, 'Thousand Island', 'אלף האיים', 0, 178),
(73, 6, 'Garlic Mayo', 'רוטב שום', 0, 179),
(74, 6, 'Sweet Chilli', 'צ''ילי מתוק', 0, 180),
(75, 6, 'Spicy Chilli', 'צ''ילי חריף', 0, 181),
(76, 6, 'Jalpeño', 'חלפניו', 0, 182),
(77, 6, 'Pickled Spicy Pepper', 'פלפל חריף כבוש', 0, 183),
(78, 6, 'Herb', 'עשבי תיבול', 0, 184),
(79, 9, 'Ketchup', 'קטשופ', 0, 185),
(80, 9, 'Bbq', 'ברביקיו', 0, 186),
(81, 9, 'Thousand Island', 'אלף האיים', 0, 187),
(82, 9, 'Garlic Mayo', 'רוטב שום', 0, 188),
(83, 9, 'Sweet Chilli', 'צ''ילי מתוק', 0, 189),
(84, 9, 'Spicy Chilli', 'צ''ילי חריף', 0, 190),
(85, 9, 'Jalpeño', 'חלפניו', 0, 191),
(86, 9, 'Pickled Spicy Pepper', 'פלפל חריף כבוש', 0, 192),
(87, 9, 'Herb', 'עשבי תיבול', 0, 193),
(88, 12, 'Ketchup', 'קטשופ', 0, 194),
(89, 12, 'Bbq', 'ברביקיו', 0, 195),
(90, 12, 'Thousand Island', 'אלף האיים', 0, 196),
(91, 12, 'Garlic Mayo', 'רוטב שום', 0, 197),
(92, 12, 'Sweet Chilli', 'צ''ילי מתוק', 0, 198),
(93, 12, 'Spicy Chilli', 'צ''ילי חריף', 0, 199),
(94, 12, 'Jalpeño', 'חלפניו', 0, 200),
(95, 12, 'Pickled Spicy Pepper', 'פלפל חריף כבוש', 0, 201),
(96, 12, 'Herb', 'עשבי תיבול', 0, 202),
(97, 15, 'Ketchup', 'קטשופ', 0, 203),
(98, 15, 'Bbq', 'ברביקיו', 0, 204),
(99, 15, 'Thousand Island', 'אלף האיים', 0, 205),
(100, 15, 'Garlic Mayo', 'רוטב שום', 0, 206),
(101, 15, 'Sweet Chilli', 'צ''ילי מתוק', 0, 207),
(102, 15, 'Spicy Chilli', 'צ''ילי חריף', 0, 208),
(103, 15, 'Jalpeño', 'חלפניו', 0, 209),
(104, 15, 'Pickled Spicy Pepper', 'פלפל חריף כבוש', 0, 210),
(105, 15, 'Herb', 'עשבי תיבול', 0, 211),
(106, 18, 'Ketchup', 'קטשופ', 0, 212),
(107, 18, 'Bbq', 'ברביקיו', 0, 213),
(108, 18, 'Thousand Island', 'אלף האיים', 0, 214),
(109, 18, 'Garlic Mayo', 'רוטב שום', 0, 215),
(110, 18, 'Sweet Chilli', 'צ''ילי מתוק', 0, 216),
(111, 18, 'Spicy Chilli', 'צ''ילי חריף', 0, 217),
(112, 18, 'Jalpeño', 'חלפניו', 0, 218),
(113, 18, 'Pickled Spicy Pepper', 'פלפל חריף כבוש', 0, 219),
(114, 18, 'Herb', 'עשבי תיבול', 0, 220),
(115, 21, 'Ketchup', 'קטשופ', 0, 221),
(116, 21, 'Bbq', 'ברביקיו', 0, 222),
(117, 21, 'Thousand Island', 'אלף האיים', 0, 223),
(118, 21, 'Garlic Mayo', 'רוטב שום', 0, 224),
(119, 21, 'Sweet Chilli', 'צ''ילי מתוק', 0, 225),
(120, 21, 'Spicy Chilli', 'צ''ילי חריף', 0, 226),
(121, 21, 'Jalpeño', 'חלפניו', 0, 227),
(122, 21, 'Pickled Spicy Pepper', 'פלפל חריף כבוש', 0, 228),
(123, 21, 'Herb', 'עשבי תיבול', 0, 229),
(124, 24, 'Ketchup', 'קטשופ', 0, 230),
(125, 24, 'Bbq', 'ברביקיו', 0, 231),
(126, 24, 'Thousand Island', 'אלף האיים', 0, 232),
(127, 24, 'Garlic Mayo', 'רוטב שום', 0, 233),
(128, 24, 'Sweet Chilli', 'צ''ילי מתוק', 0, 234),
(129, 24, 'Spicy Chilli', 'צ''ילי חריף', 0, 235),
(130, 24, 'Jalpeño', 'חלפניו', 0, 236),
(131, 24, 'Pickled Spicy Pepper', 'פלפל חריף כבוש', 0, 237),
(132, 24, 'Herb', 'עשבי תיבול', 0, 238),
(133, 27, 'Ketchup', 'קטשופ', 0, 239),
(134, 27, 'Bbq', 'ברביקיו', 0, 240),
(135, 27, 'Thousand Island', 'אלף האיים', 0, 241),
(136, 27, 'Garlic Mayo', 'רוטב שום', 0, 242),
(137, 27, 'Sweet Chilli', 'צ''ילי מתוק', 0, 243),
(138, 27, 'Spicy Chilli', 'צ''ילי חריף', 0, 244),
(139, 27, 'Jalpeño', 'חלפניו', 0, 245),
(140, 27, 'Pickled Spicy Pepper', 'פלפל חריף כבוש', 0, 246),
(141, 27, 'Herb', 'עשבי תיבול', 0, 247),
(142, 30, 'Ketchup', 'קטשופ', 0, 248),
(143, 30, 'Bbq', 'ברביקיו', 0, 249),
(144, 30, 'Thousand Island', 'אלף האיים', 0, 250),
(145, 30, 'Garlic Mayo', 'רוטב שום', 0, 251),
(146, 30, 'Sweet Chilli', 'צ''ילי מתוק', 0, 252),
(147, 30, 'Spicy Chilli', 'צ''ילי חריף', 0, 253),
(148, 30, 'Jalpeño', 'חלפניו', 0, 254),
(149, 30, 'Pickled Spicy Pepper', 'פלפל חריף כבוש', 0, 255),
(150, 30, 'Herb', 'עשבי תיבול', 0, 256),
(151, 33, 'Ketchup', 'קטשופ', 0, 257),
(152, 33, 'Bbq', 'ברביקיו', 0, 258),
(153, 33, 'Thousand Island', 'אלף האיים', 0, 259),
(154, 33, 'Garlic Mayo', 'רוטב שום', 0, 260),
(155, 33, 'Sweet Chilli', 'צ''ילי מתוק', 0, 261),
(156, 33, 'Spicy Chilli', 'צ''ילי חריף', 0, 262),
(157, 33, 'Jalpeño', 'חלפניו', 0, 263),
(158, 33, 'Pickled Spicy Pepper', 'פלפל חריף כבוש', 0, 264),
(159, 33, 'Herb', 'עשבי תיבול', 0, 265),
(160, 2, '50G Goose Breast', '50 גר'' חזה אווז', 8, 266),
(161, 2, 'Egg', 'ביצה', 4, 267),
(162, 2, 'Portobello Mushroom', 'פורטובלו', 4, 268),
(163, 5, 'Egg', 'ביצה', 4, 269),
(164, 5, 'Portobello Mushroom', 'פורטובלו', 4, 270),
(165, 8, 'Egg', 'ביצה', 4, 271),
(166, 8, 'Portobello Mushroom', 'פורטובלו', 4, 272),
(167, 11, 'Egg', 'ביצה', 4, 273),
(168, 11, 'Portobello Mushroom', 'פורטובלו', 4, 274),
(169, 14, '50 Grams Goose Breast', '50 גר'' חזה אווז', 8, 275),
(170, 14, '150 Grams Goose Breast Or Entrecote', '150 גר'' חזה אווז או אנטריקוט', 19, 276),
(171, 14, 'Egg', 'ביצה', 4, 277),
(172, 14, 'Portobello Mushroom', 'פורטובלו', 4, 278),
(173, 17, '50 Grams Goose Breast', '50 גר'' חזה אווז', 8, 279),
(174, 17, 'Egg', 'ביצה', 4, 280),
(175, 17, 'Portobello Mushroom', 'פורטובלו', 4, 281),
(176, 20, '50 Grams Goose Breast', '50 גר'' חזה אווז', 8, 282),
(177, 20, 'Egg', 'ביצה', 4, 283),
(178, 20, 'Portobello Mushroom', 'פורטובלו', 4, 284),
(179, 23, '50 Grams Goose Breast', '50 גר'' חזה אווז', 8, 285),
(180, 23, 'Egg', 'ביצה', 4, 286),
(181, 23, 'Portobello Mushroom', 'פורטובלו', 4, 287),
(182, 26, '50 Grams Goose Breast', '50 גר'' חזה אווז', 8, 288),
(183, 26, 'Egg', 'ביצה', 4, 289),
(184, 26, 'Portobello Mushroom', 'פורטובלו', 4, 290),
(185, 29, 'Portobello Mushroom', 'פורטובלו', 4, 291),
(187, 35, '150 grams goose breast or entrecote', 'חזה אווז', 19, 292),
(191, 41, 'Onions', 'בצל', 5, 364),
(192, 41, 'Mushrooms', 'פטריות', 5, 365),
(193, 41, 'Olives', 'זיתים', 5, 366),
(194, 41, 'Tomatoes', 'עגבניות', 5, 367),
(195, 41, 'Corn', 'תירס', 5, 368),
(196, 41, 'Vegan Cheese', 'גבינה טבעונית', 10, 369),
(197, 41, 'Egg', 'ביצה', 1, 370),
(198, 43, 'Onions', 'בצל', 0, 371),
(199, 43, 'Mushrooms', 'פטריות', 0, 372),
(200, 43, 'Olives', 'זיתים', 0, 373),
(201, 43, 'Tomatoes', 'עגבניות', 0, 374),
(202, 43, 'Corn', 'תירס', 0, 375),
(203, 43, 'Vegan Cheese', 'גבינה טבעונית', 0, 376),
(204, 43, 'Egg', 'ביצה', 1, 377),
(205, 45, 'Onions', 'בצל', 5, 378),
(206, 45, 'Mushrooms', 'פטריות', 5, 379),
(207, 45, 'Olives', 'זיתים', 5, 380),
(208, 45, 'Tomatoes', 'עגבניות', 5, 381),
(209, 45, 'Corn', 'תירס', 5, 382),
(210, 45, 'Vegan Cheese', 'גבינה טבעונית', 10, 383),
(211, 45, 'Egg', 'ביצה', 1, 384),
(212, 47, 'Onions', 'בצל', 5, 385),
(213, 47, 'Mushrooms', 'פטריות', 5, 386),
(214, 47, 'Olives', 'זיתים', 5, 387),
(215, 47, 'Tomatoes', 'עגבניות', 5, 388),
(216, 47, 'Corn', 'תירס', 5, 389),
(217, 47, 'Vegan Cheese', 'גבינה טבעונית', 10, 390),
(218, 47, 'Onions', 'בצל', 5, 391),
(219, 47, 'Mushrooms', 'פטריות', 5, 392),
(220, 47, 'Olives', 'זיתים', 5, 393),
(221, 47, 'Tomatoes', 'עגבניות', 5, 394),
(222, 47, 'Corn', 'תירס', 5, 395),
(223, 47, 'Vegan Cheese', 'גבינה טבעונית', 10, 396),
(224, 49, 'Onions', 'בצל', 5, 397),
(225, 49, 'Mushrooms', 'פטריות', 5, 398),
(226, 49, 'Olives', 'זיתים', 5, 399),
(227, 49, 'Tomatoes', 'עגבניות', 5, 400),
(228, 49, 'Corn', 'תירס', 5, 401),
(229, 49, 'Vegan Cheese', 'גבינה טבעונית', 10, 402),
(230, 51, 'Onions', 'בצל', 5, 403),
(231, 51, 'Mushrooms', 'פטריות', 5, 404),
(232, 51, 'Olives', 'זיתים', 5, 405),
(233, 51, 'Tomatoes', 'עגבניות', 5, 406),
(234, 51, 'Corn', 'תירס', 5, 407),
(235, 51, 'Vegan Cheese', 'גבינה טבעונית', 10, 408),
(236, 51, 'Egg', 'ביצה', 1, 409),
(237, 53, 'Onions', 'בצל', 5, 410),
(238, 53, 'Mushrooms', 'פטריות', 5, 411),
(239, 53, 'Olives', 'זיתים', 5, 412),
(240, 53, 'Tomatoes', 'עגבניות', 5, 413),
(241, 53, 'Corn', 'תירס', 5, 414),
(242, 53, 'Vegan Cheese', 'גבינה טבעונית', 10, 415),
(243, 53, 'Egg', 'ביצה', 1, 416),
(244, 55, 'Onions', 'בצל', 5, 417),
(245, 55, 'Mushrooms', 'פטריות', 5, 418),
(246, 55, 'Olives', 'זיתים', 5, 419),
(247, 55, 'Tomatoes', 'עגבניות', 5, 420),
(248, 55, 'Corn', 'תירס', 5, 421),
(249, 55, 'Vegan Cheese', 'גבינה טבעונית', 10, 422),
(250, 55, 'Egg', 'ביצה', 1, 423),
(251, 57, 'Onions', 'בצל', 5, 424),
(252, 57, 'Mushrooms', 'פטריות', 5, 425),
(253, 57, 'Olives', 'זיתים', 5, 426),
(254, 57, 'Tomatoes', 'עגבניות', 5, 427),
(255, 57, 'Corn', 'תירס', 5, 428),
(256, 57, 'Vegan Cheese', 'גבינה טבעונית', 10, 429),
(257, 57, 'Egg', 'ביצה', 1, 430),
(258, 59, 'Onions', 'בצל', 5, 431),
(259, 59, 'Mushrooms', 'פטריות', 5, 432),
(260, 59, 'Olives', 'זיתים', 5, 433),
(261, 59, 'Tomatoes', 'עגבניות', 5, 434),
(262, 59, 'Corn', 'תירס', 5, 435),
(263, 59, 'Vegan Cheese', 'גבינה טבעונית', 10, 436),
(264, 59, 'Egg', 'ביצה', 1, 437),
(265, 61, 'Onions', 'בצל', 5, 438),
(266, 61, 'Mushrooms', 'פטריות', 5, 439),
(267, 61, 'Olives', 'זיתים', 5, 440),
(268, 61, 'Tomatoes', 'עגבניות', 5, 441),
(269, 61, 'Corn', 'תירס', 5, 442),
(270, 61, 'Vegan Cheese', 'גבינה טבעונית', 10, 443),
(271, 61, 'Egg', 'ביצה', 1, 444),
(272, 63, 'Onions', 'בצל', 5, 445),
(273, 63, 'Mushrooms', 'פטריות', 5, 446),
(274, 63, 'Olives', 'זיתים', 5, 447),
(275, 63, 'Tomatoes', 'עגבניות', 5, 448),
(276, 63, 'Corn', 'תירס', 5, 449),
(277, 63, 'Vegan Cheese', 'גבינה טבעונית', 10, 450),
(278, 63, 'Egg', 'ביצה', 1, 451),
(279, 65, 'Onions', 'בצל', 5, 452),
(280, 65, 'Mushrooms', 'פטריות', 5, 453),
(281, 65, 'Olives', 'זיתים', 5, 454),
(282, 65, 'Tomatoes', 'עגבניות', 5, 455),
(283, 65, 'Corn', 'תירס', 5, 456),
(284, 65, 'Vegan Cheese', 'גבינה טבעונית', 10, 457),
(285, 65, 'Egg', 'ביצה', 1, 458),
(286, 67, 'Penne', 'פנה', 0, 459),
(287, 67, 'Linguine', 'לינגוויני', 0, 460),
(288, 67, 'Fettuccine', 'לינגוויני', 0, 461),
(289, 68, 'Onions', 'בצל', 5, 462),
(290, 68, 'Mushrooms', 'פטריות', 5, 463),
(291, 68, 'Olives', 'זיתים', 5, 464),
(292, 68, 'Tomatoes', 'עגבניות', 5, 465),
(293, 68, 'Corn', 'תירס', 5, 466),
(294, 68, 'Vegan Cheese', 'גבינה טבעונית', 10, 467),
(295, 68, 'Egg', 'ביצה', 1, 468),
(296, 70, 'Penne', 'פנה', 0, 469),
(297, 70, 'Linguine', 'לינגוויני', 0, 470),
(298, 70, 'Fettuccine', 'לינגוויני', 0, 471),
(299, 71, 'Onions', 'בצל', 5, 472),
(300, 71, 'Mushrooms', 'פטריות', 5, 473),
(301, 71, 'Olives', 'זיתים', 5, 474),
(302, 71, 'Tomatoes', 'עגבניות', 5, 475),
(303, 71, 'Corn', 'תירס', 5, 476),
(304, 71, 'Vegan Cheese', 'גבינה טבעונית', 10, 477),
(305, 71, 'Egg', 'ביצה', 1, 478),
(306, 73, 'Penne', 'פנה', 0, 479),
(307, 73, 'Linguine', 'לינגוויני', 0, 480),
(308, 73, 'Fettuccine', 'לינגוויני', 0, 481),
(309, 74, 'Onions', 'בצל', 5, 482),
(310, 74, 'Mushrooms', 'פטריות', 5, 483),
(311, 74, 'Olives', 'זיתים', 5, 484),
(312, 74, 'Tomatoes', 'עגבניות', 5, 485),
(313, 74, 'Corn', 'תירס', 5, 486),
(314, 74, 'Vegan Cheese', 'גבינה טבעונית', 10, 487),
(315, 74, 'Egg', 'ביצה', 1, 488),
(316, 76, 'Penne', 'פנה', 0, 489),
(317, 76, 'Linguine', 'לינגוויני', 0, 490),
(318, 76, 'Fettuccine', 'לינגוויני', 0, 491),
(319, 77, 'Onions', 'בצל', 5, 492),
(320, 77, 'Mushrooms', 'פטריות', 5, 493),
(321, 77, 'Olives', 'זיתים', 5, 494),
(322, 77, 'Tomatoes', 'עגבניות', 5, 495),
(323, 77, 'Corn', 'תירס', 5, 496),
(324, 77, 'Vegan Cheese', 'גבינה טבעונית', 10, 497),
(325, 77, 'Egg', 'ביצה', 1, 498),
(326, 79, 'Penne', 'פנה', 0, 499),
(327, 79, 'Linguine', 'לינגוויני', 0, 500),
(328, 79, 'Fettuccine', 'לינגוויני', 0, 501),
(329, 80, 'Onions', 'בצל', 5, 502),
(330, 80, 'Mushrooms', 'פטריות', 5, 503),
(331, 80, 'Olives', 'זיתים', 5, 504),
(332, 80, 'Tomatoes', 'עגבניות', 5, 505),
(333, 80, 'Corn', 'תירס', 5, 506),
(334, 80, 'Vegan Cheese', 'גבינה טבעונית', 10, 507),
(335, 80, 'Egg', 'ביצה', 1, 508),
(336, 82, 'Onions', 'בצל', 5, 509),
(337, 82, 'Mushrooms', 'פטריות', 5, 510),
(338, 82, 'Olives', 'זיתים', 5, 511),
(339, 82, 'Tomatoes', 'עגבניות', 5, 512),
(340, 82, 'Corn', 'תירס', 5, 513),
(341, 82, 'Vegan Cheese', 'גבינה טבעונית', 10, 514),
(342, 82, 'Egg', 'ביצה', 1, 515),
(343, 84, 'Onions', 'בצל', 5, 516),
(344, 84, 'Mushrooms', 'פטריות', 5, 517),
(345, 84, 'Olives', 'זיתים', 5, 518),
(346, 84, 'Tomatoes', 'עגבניות', 5, 519),
(347, 84, 'Corn', 'תירס', 5, 520),
(348, 84, 'Vegan Cheese', 'גבינה טבעונית', 10, 521),
(349, 84, 'Egg', 'ביצה', 1, 522),
(350, 86, 'Onions', 'בצל', 5, 523),
(351, 86, 'Mushrooms', 'פטריות', 5, 524),
(352, 86, 'Olives', 'זיתים', 5, 525),
(353, 86, 'Tomatoes', 'עגבניות', 5, 526),
(354, 86, 'Corn', 'תירס', 5, 527),
(355, 86, 'Vegan Cheese', 'גבינה טבעונית', 10, 528),
(356, 86, 'Egg', 'ביצה', 1, 529),
(357, 88, 'Onions', 'בצל', 5, 530),
(358, 88, 'Mushrooms', 'פטריות', 5, 531),
(359, 88, 'Olives', 'זיתים', 5, 532),
(360, 88, 'Tomatoes', 'עגבניות', 5, 533),
(361, 88, 'Corn', 'תירס', 5, 534),
(362, 88, 'Vegan Cheese', 'גבינה טבעונית', 10, 535),
(363, 88, 'Egg', 'ביצה', 1, 536),
(364, 90, 'Onions', 'בצל', 5, 537),
(365, 90, 'Mushrooms', 'פטריות', 5, 538),
(366, 90, 'Olives', 'זיתים', 5, 539),
(367, 90, 'Tomatoes', 'עגבניות', 5, 540),
(368, 90, 'Corn', 'תירס', 5, 541),
(369, 90, 'Vegan Cheese', 'גבינה טבעונית', 10, 542),
(370, 90, 'Egg', 'ביצה', 1, 543),
(371, 105, 'Pita', 'פיתה', 33, 544),
(372, 105, 'Baguette', 'בגט', 39, 545),
(373, 105, 'Laffa', 'לאפה', 39, 546),
(374, 105, 'Plate', 'צלחת', 45, 547),
(375, 106, 'Veal', 'בשר עגל', 0, 548),
(376, 106, 'Spring Chicken', 'פרגיות', 0, 549),
(377, 106, 'Mix', 'מעורב', 0, 550),
(378, 107, 'French Fries', 'צ''יפס', 0, 551),
(379, 107, 'Fried Onions', 'בצל מטוגן', 0, 552),
(380, 107, 'Tomatoes', 'עגבניות', 0, 553),
(381, 107, 'Roasted Peppers', 'פלפל על האש', 0, 554),
(382, 108, 'Techina', 'טחינה', 0, 555),
(383, 108, 'Chummus', 'חומוס', 0, 556),
(384, 108, 'Amba', 'אמבה', 0, 557),
(385, 108, 'Spicy', 'חריף', 0, 558),
(386, 108, 'Babaghanoush', 'באבא גנוש', 0, 559),
(387, 110, 'Pita', 'פיתה', 35, 560),
(388, 110, 'Baguette', 'בגט', 39, 561),
(389, 110, 'Laffa', 'לאפה', 39, 562),
(390, 110, 'Plate', 'צלחת', 49, 563),
(391, 111, 'Veal', 'בשר עגל', 0, 564),
(392, 111, 'Spring Chicken', 'פרגיות', 0, 565),
(393, 111, 'Mix', 'מעורב', 0, 566),
(394, 112, 'French Fries', 'צ''יפס', 0, 567),
(395, 112, 'Fried Onions', 'בצל מטוגן', 0, 568),
(396, 112, 'Tomatoes', 'עגבניות', 0, 569),
(397, 112, 'Roasted Peppers', 'פלפל על האש', 0, 570),
(398, 113, 'Techina', 'טחינה', 0, 571),
(399, 113, 'Chummus', 'חומוס', 0, 572),
(400, 113, 'Amba', 'אמבה', 0, 573),
(401, 113, 'Spicy', 'חריף', 0, 574),
(402, 113, 'Babaghanoush', 'באבא גנוש', 0, 575),
(403, 115, 'Pita', 'פיתה', 33, 576),
(404, 115, 'Baguette', 'בגט', 39, 577),
(405, 115, 'Laffa', 'לאפה', 39, 578),
(406, 115, 'Plate', 'צלחת', 45, 579),
(407, 116, 'Veal', 'בשר עגל', 0, 580),
(408, 116, 'Spring Chicken', 'פרגיות', 0, 581),
(409, 116, 'Mix', 'מעורב', 0, 582),
(410, 117, 'French Fries', 'צ''יפס', 0, 583),
(411, 117, 'Fried Onions', 'בצל מטוגן', 0, 584),
(412, 117, 'Tomatoes', 'עגבניות', 0, 585),
(413, 117, 'Roasted Peppers', 'פלפל על האש', 0, 586),
(414, 118, 'Techina', 'טחינה', 0, 587),
(415, 118, 'Chummus', 'חומוס', 0, 588),
(416, 118, 'Amba', 'אמבה', 0, 589),
(417, 118, 'Spicy', 'חריף', 0, 590),
(418, 118, 'Babaghanoush', 'באבא גנוש', 0, 591),
(419, 120, 'Pita', 'פיתה', 35, 592),
(420, 120, 'Baguette', 'בגט', 39, 593),
(421, 120, 'Laffa', 'לאפה', 39, 594),
(422, 120, 'Plate', 'צלחת', 45, 595),
(423, 121, 'Veal', 'בשר עגל', 0, 596),
(424, 121, 'Spring Chicken', 'פרגיות', 0, 597),
(425, 121, 'Mix', 'מעורב', 0, 598),
(426, 122, 'French Fries', 'צ''יפס', 0, 599),
(427, 122, 'Fried Onions', 'בצל מטוגן', 0, 600),
(428, 122, 'Tomatoes', 'עגבניות', 0, 601),
(429, 122, 'Roasted Peppers', 'פלפל על האש', 0, 602),
(430, 123, 'Techina', 'טחינה', 0, 603),
(431, 123, 'Chummus', 'חומוס', 0, 604),
(432, 123, 'Amba', 'אמבה', 0, 605),
(433, 123, 'Spicy', 'חריף', 0, 606),
(434, 123, 'Babaghanoush', 'באבא גנוש', 0, 607),
(435, 125, 'Pita', 'פיתה', 35, 608),
(436, 125, 'Baguette', 'בגט', 39, 609),
(437, 125, 'Laffa', 'לאפה', 39, 610),
(438, 125, 'Plate', 'צלחת', 45, 611),
(439, 126, 'Veal', 'בשר עגל', 0, 612),
(440, 126, 'Spring Chicken', 'פרגיות', 0, 613),
(441, 126, 'Mix', 'מעורב', 0, 614),
(442, 127, 'French Fries', 'צ''יפס', 0, 615),
(443, 127, 'Fried Onions', 'בצל מטוגן', 0, 616),
(444, 127, 'Tomatoes', 'עגבניות', 0, 617),
(445, 127, 'Roasted Peppers', 'פלפל על האש', 0, 618),
(446, 128, 'Techina', 'טחינה', 0, 619),
(447, 128, 'Chummus', 'חומוס', 0, 620),
(448, 128, 'Amba', 'אמבה', 0, 621),
(449, 128, 'Spicy', 'חריף', 0, 622),
(450, 128, 'Babaghanoush', 'באבא גנוש', 0, 623),
(451, 130, 'Pita', 'פיתה', 35, 624),
(452, 130, 'Baguette', 'בגט', 39, 625),
(453, 130, 'Laffa', 'לאפה', 39, 626),
(454, 130, 'Plate', 'צלחת', 45, 627),
(455, 131, 'Veal', 'בשר עגל', 0, 628),
(456, 131, 'Spring Chicken', 'פרגיות', 0, 629),
(457, 131, 'Mix', 'מעורב', 0, 630),
(458, 132, 'French Fries', 'צ''יפס', 0, 631),
(459, 132, 'Fried Onions', 'בצל מטוגן', 0, 632),
(460, 132, 'Tomatoes', 'עגבניות', 0, 633),
(461, 132, 'Roasted Peppers', 'פלפל על האש', 0, 634),
(462, 133, 'Techina', 'טחינה', 0, 635),
(463, 133, 'Chummus', 'חומוס', 0, 636),
(464, 133, 'Amba', 'אמבה', 0, 637),
(465, 133, 'Spicy', 'חריף', 0, 638),
(466, 133, 'Babaghanoush', 'באבא גנוש', 0, 639),
(467, 135, 'Pita', 'פיתה', 33, 640),
(468, 135, 'Baguette', 'בגט', 39, 641),
(469, 135, 'Laffa', 'לאפה', 39, 642),
(470, 135, 'Plate', 'צלחת', 45, 643),
(471, 136, 'Veal', 'בשר עגל', 0, 644),
(472, 136, 'Spring Chicken', 'פרגיות', 0, 645),
(473, 136, 'Mix', 'מעורב', 0, 646),
(474, 137, 'French Fries', 'צ''יפס', 0, 647),
(475, 137, 'Fried Onions', 'בצל מטוגן', 0, 648),
(476, 137, 'Tomatoes', 'עגבניות', 0, 649),
(477, 137, 'Roasted Peppers', 'פלפל על האש', 0, 650),
(478, 138, 'Techina', 'טחינה', 0, 651),
(479, 138, 'Chummus', 'חומוס', 0, 652),
(480, 138, 'Amba', 'אמבה', 0, 653),
(481, 138, 'Spicy', 'חריף', 0, 654),
(482, 138, 'Babaghanoush', 'באבא גנוש', 0, 655),
(483, 140, 'Veal', 'בשר עגל', 0, 656),
(484, 140, 'Spring Chicken', 'פרגיות', 0, 657),
(485, 140, 'Mix', 'מעורב', 0, 658),
(486, 141, 'French Fries', 'צ''יפס', 0, 659),
(487, 141, 'Fried Onions', 'בצל מטוגן', 0, 660),
(488, 141, 'Tomatoes', 'עגבניות', 0, 661),
(489, 141, 'Roasted Peppers', 'פלפל על האש', 0, 662),
(490, 142, 'Techina', 'טחינה', 0, 663),
(491, 142, 'Chummus', 'חומוס', 0, 664),
(492, 142, 'Amba', 'אמבה', 0, 665),
(493, 142, 'Spicy', 'חריף', 0, 666),
(494, 142, 'Babaghanoush', 'באבא גנוש', 0, 667),
(495, 144, 'Veal', 'בשר עגל', 0, 668),
(496, 144, 'Spring Chicken', 'פרגיות', 0, 669),
(497, 144, 'Mix', 'מעורב', 0, 670),
(498, 145, 'French Fries', 'צ''יפס', 0, 671),
(499, 145, 'Fried Onions', 'בצל מטוגן', 0, 672),
(500, 145, 'Tomatoes', 'עגבניות', 0, 673),
(501, 145, 'Roasted Peppers', 'פלפל על האש', 0, 674),
(502, 146, 'Techina', 'טחינה', 0, 675),
(503, 146, 'Chummus', 'חומוס', 0, 676),
(504, 146, 'Amba', 'אמבה', 0, 677),
(505, 146, 'Spicy', 'חריף', 0, 678),
(506, 146, 'Babaghanoush', 'באבא גנוש', 0, 679),
(514, 150, 'Techina', 'טחינה', 0, 680),
(515, 150, 'Chummus', 'חומוס', 0, 681),
(516, 150, 'Amba', 'אמבה', 0, 682),
(517, 150, 'Spicy', 'חריף', 0, 683),
(518, 150, 'Babaghanoush', 'באבא גנוש', 0, 684),
(519, 154, 'Veal', 'בשר עגל', 0, 685),
(520, 154, 'Spring Chicken', 'פרגיות', 0, 686),
(521, 154, 'Mix', 'מעורב', 0, 687),
(522, 155, 'Lettuce', 'חסה', 0, 688),
(523, 155, 'Tomatoes', 'עגבניות', 0, 689),
(524, 155, 'Pickles', 'חמוץ', 0, 690),
(525, 155, 'Pickled Jalapeño', 'חלפיניו כבושים', 0, 691),
(526, 156, 'Pesto', 'פסטו', 0, 692),
(527, 156, 'Chimichurri', 'צ''ימיצ''ורי', 0, 693),
(528, 156, 'Ketchup', 'קטשופ', 0, 694),
(529, 156, 'Mustard', 'חרדל', 0, 695),
(530, 156, 'Tehina', 'טחינה', 0, 696),
(531, 156, 'Salsa', 'סלסה', 0, 697),
(532, 156, 'Dijon Mustard And Mayo Mix', 'חרדל דיז''ון ומיונז', 0, 698),
(533, 156, 'Sweet Chili', 'צ''ילי מתוק', 0, 699),
(534, 156, 'Hot Peppers Spread', 'ממרח פלפלים', 0, 700),
(535, 156, 'Bbq', 'מנגל', 0, 701),
(536, 157, 'Guacamole', 'סלט אבוקדו', 5, 702),
(537, 157, 'Fried Egg', 'ביצה מטוגנת', 7, 703),
(538, 157, 'Portobello Mushroom', 'פטריות פורטובלו אווז', 8, 704),
(539, 158, 'Roza Deal : Upgrade To A Meal Including Chips Onion Rings And A Drink', 'רוזה דיל : שדרוג לארוחה הכוללת צ''יפס / טבעות בצל ובקבוק שתיה ', 23, 705),
(540, 159, 'Lettuce', 'חסה', 0, 706),
(541, 159, 'Tomatoes', 'עגבניות', 0, 707),
(542, 159, 'Pickles', 'חמוץ', 0, 708),
(543, 159, 'Pickled Jalapeño', 'חלפיניו כבושים', 0, 709),
(544, 160, 'Pesto', 'פסטו', 0, 710),
(545, 160, 'Chimichurri', 'צ''ימיצ''ורי', 0, 711),
(546, 160, 'Ketchup', 'קטשופ', 0, 712),
(547, 160, 'Mustard', 'חרדל', 0, 713),
(548, 160, 'Tehina', 'טחינה', 0, 714),
(549, 160, 'Salsa', 'סלסה', 0, 715),
(550, 160, 'Dijon Mustard And Mayo Mix', 'חרדל דיז''ון ומיונז', 0, 716),
(551, 160, 'Sweet Chili', 'צ''ילי מתוק', 0, 717),
(552, 160, 'Hot Peppers Spread', 'ממרח פלפלים', 0, 718),
(553, 160, 'Bbq', 'מנגל', 0, 719),
(554, 161, 'Guacamole', 'סלט אבוקדו', 5, 720),
(555, 161, 'Fried Egg', 'ביצה מטוגנת', 7, 721),
(556, 161, 'Portobello Mushroom', 'פטריות פורטובלו אווז', 8, 722),
(557, 162, 'Roza Deal : Upgrade To A Meal Including Chips Onion Rings And A Drink', 'רוזה דיל : שדרוג לארוחה הכוללת צ''יפס / טבעות בצל ובקבוק שתיה ', 23, 723),
(558, 163, 'Lettuce', 'חסה', 0, 724),
(559, 163, 'Tomatoes', 'עגבניות', 0, 725),
(560, 163, 'Pickles', 'חמוץ', 0, 726),
(561, 163, 'Pickled Jalapeño', 'חלפיניו כבושים', 0, 727),
(562, 164, 'Pesto', 'פסטו', 0, 728),
(563, 164, 'Chimichurri', 'צ''ימיצ''ורי', 0, 729),
(564, 164, 'Ketchup', 'קטשופ', 0, 730),
(565, 164, 'Mustard', 'חרדל', 0, 731),
(566, 164, 'Tehina', 'טחינה', 0, 732),
(567, 164, 'Salsa', 'סלסה', 0, 733),
(568, 164, 'Dijon Mustard And Mayo Mix', 'חרדל דיז''ון ומיונז', 0, 734),
(569, 164, 'Sweet Chili', 'צ''ילי מתוק', 0, 735),
(570, 164, 'Hot Peppers Spread', 'ממרח פלפלים', 0, 736),
(571, 164, 'Bbq', 'מנגל', 0, 737),
(572, 165, 'Guacamole', 'סלט אבוקדו', 5, 738),
(573, 165, 'Fried Egg', 'ביצה מטוגנת', 7, 739),
(574, 165, 'Portobello Mushroom', 'פטריות פורטובלו אווז', 8, 740),
(575, 166, 'Roza Deal : Upgrade To A Meal Including Chips Onion Rings And A Drink', 'רוזה דיל : שדרוג לארוחה הכוללת צ''יפס / טבעות בצל ובקבוק שתיה ', 23, 741),
(576, 167, 'Lettuce', 'חסה', 0, 742),
(577, 167, 'Tomatoes', 'עגבניות', 0, 743),
(578, 167, 'Pickles', 'חמוץ', 0, 744),
(579, 167, 'Pickled Jalapeño', 'חלפיניו כבושים', 0, 745),
(580, 168, 'Pesto', 'פסטו', 0, 746),
(581, 168, 'Chimichurri', 'צ''ימיצ''ורי', 0, 747),
(582, 168, 'Ketchup', 'קטשופ', 0, 748),
(583, 168, 'Mustard', 'חרדל', 0, 749),
(584, 168, 'Tehina', 'טחינה', 0, 750),
(585, 168, 'Salsa', 'סלסה', 0, 751),
(586, 168, 'Dijon Mustard And Mayo Mix', 'חרדל דיז''ון ומיונז', 0, 752),
(587, 168, 'Sweet Chili', 'צ''ילי מתוק', 0, 753),
(588, 168, 'Hot Peppers Spread', 'ממרח פלפלים', 0, 754),
(589, 168, 'Bbq', 'מנגל', 0, 755),
(590, 169, 'Guacamole', 'סלט אבוקדו', 5, 756),
(591, 169, 'Fried Egg', 'ביצה מטוגנת', 7, 757),
(592, 169, 'Portobello Mushroom', 'פטריות פורטובלו אווז', 8, 758),
(593, 170, 'Roza Deal : Upgrade To A Meal Including Chips Onion Rings And A Drink', 'רוזה דיל : שדרוג לארוחה הכוללת צ''יפס / טבעות בצל ובקבוק שתיה ', 23, 759),
(594, 171, 'Lettuce', 'חסה', 0, 760),
(595, 171, 'Tomatoes', 'עגבניות', 0, 761),
(596, 171, 'Pickles', 'חמוץ', 0, 762),
(597, 171, 'Pickled Jalapeño', 'חלפיניו כבושים', 0, 763),
(598, 172, 'Pesto', 'פסטו', 0, 764),
(599, 172, 'Chimichurri', 'צ''ימיצ''ורי', 0, 765),
(600, 172, 'Ketchup', 'קטשופ', 0, 766),
(601, 172, 'Mustard', 'חרדל', 0, 767),
(602, 172, 'Tehina', 'טחינה', 0, 768),
(603, 172, 'Salsa', 'סלסה', 0, 769),
(604, 172, 'Dijon Mustard And Mayo Mix', 'חרדל דיז''ון ומיונז', 0, 770),
(605, 172, 'Sweet Chili', 'צ''ילי מתוק', 0, 771),
(606, 172, 'Hot Peppers Spread', 'ממרח פלפלים', 0, 772),
(607, 172, 'Bbq', 'מנגל', 0, 773),
(608, 173, 'Guacamole', 'סלט אבוקדו', 5, 774),
(609, 173, 'Fried Egg', 'ביצה מטוגנת', 7, 775),
(610, 173, 'Portobello Mushroom', 'פטריות פורטובלו אווז', 8, 776),
(611, 174, 'Roza Deal : Upgrade To A Meal Including Chips Onion Rings And A Drink', 'רוזה דיל : שדרוג לארוחה הכוללת צ''יפס / טבעות בצל ובקבוק שתיה ', 23, 777),
(612, 175, 'Lettuce', 'חסה', 0, 778),
(613, 175, 'Tomatoes', 'עגבניות', 0, 779),
(614, 175, 'Pickles', 'חמוץ', 0, 780),
(615, 175, 'Pickled Jalapeño', 'חלפיניו כבושים', 0, 781),
(616, 176, 'Pesto', 'פסטו', 0, 782),
(617, 176, 'Chimichurri', 'צ''ימיצ''ורי', 0, 783),
(618, 176, 'Ketchup', 'קטשופ', 0, 784),
(619, 176, 'Mustard', 'חרדל', 0, 785),
(620, 176, 'Tehina', 'טחינה', 0, 786),
(621, 176, 'Salsa', 'סלסה', 0, 787),
(622, 176, 'Dijon Mustard And Mayo Mix', 'חרדל דיז''ון ומיונז', 0, 788),
(623, 176, 'Sweet Chili', 'צ''ילי מתוק', 0, 789),
(624, 176, 'Hot Peppers Spread', 'ממרח פלפלים', 0, 790),
(625, 176, 'Bbq', 'מנגל', 0, 791),
(626, 177, 'Guacamole', 'סלט אבוקדו', 5, 792),
(627, 177, 'Fried Egg', 'ביצה מטוגנת', 7, 793),
(628, 177, 'Portobello Mushroom', 'פטריות פורטובלו אווז', 8, 794),
(629, 178, 'Roza Deal : Upgrade To A Meal Including Chips Onion Rings And A Drink', 'רוזה דיל : שדרוג לארוחה הכוללת צ''יפס / טבעות בצל ובקבוק שתיה ', 23, 795),
(630, 179, 'Lettuce', 'חסה', 0, 796),
(631, 179, 'Tomatoes', 'עגבניות', 0, 797),
(632, 179, 'Pickles', 'חמוץ', 0, 798),
(633, 179, 'Pickled Jalapeño', 'חלפיניו כבושים', 0, 799),
(634, 180, 'Pesto', 'פסטו', 0, 800),
(635, 180, 'Chimichurri', 'צ''ימיצ''ורי', 0, 801),
(636, 180, 'Ketchup', 'קטשופ', 0, 802),
(637, 180, 'Mustard', 'חרדל', 0, 803),
(638, 180, 'Tehina', 'טחינה', 0, 804),
(639, 180, 'Salsa', 'סלסה', 0, 805),
(640, 180, 'Dijon Mustard And Mayo Mix', 'חרדל דיז''ון ומיונז', 0, 806),
(641, 180, 'Sweet Chili', 'צ''ילי מתוק', 0, 807),
(642, 180, 'Hot Peppers Spread', 'ממרח פלפלים', 0, 808),
(643, 180, 'Bbq', 'מנגל', 0, 809),
(644, 181, 'Guacamole', 'סלט אבוקדו', 5, 810),
(645, 181, 'Fried Egg', 'ביצה מטוגנת', 7, 811),
(646, 181, 'Portobello Mushroom', 'פטריות פורטובלו אווז', 8, 812),
(647, 182, 'Roza Deal : Upgrade To A Meal Including Chips Onion Rings And A Drink', 'רוזה דיל : שדרוג לארוחה הכוללת צ''יפס / טבעות בצל ובקבוק שתיה ', 23, 813),
(648, 183, 'Lettuce', 'חסה', 0, 814),
(649, 183, 'Tomatoes', 'עגבניות', 0, 815),
(650, 183, 'Pickles', 'חמוץ', 0, 816),
(651, 183, 'Pickled Jalapeño', 'חלפיניו כבושים', 0, 817),
(652, 184, 'Pesto', 'פסטו', 0, 818),
(653, 184, 'Chimichurri', 'צ''ימיצ''ורי', 0, 819),
(654, 184, 'Ketchup', 'קטשופ', 0, 820),
(655, 184, 'Mustard', 'חרדל', 0, 821),
(656, 184, 'Tehina', 'טחינה', 0, 822),
(657, 184, 'Salsa', 'סלסה', 0, 823),
(658, 184, 'Dijon Mustard And Mayo Mix', 'חרדל דיז''ון ומיונז', 0, 824),
(659, 184, 'Sweet Chili', 'צ''ילי מתוק', 0, 825),
(660, 184, 'Hot Peppers Spread', 'ממרח פלפלים', 0, 826),
(661, 184, 'Bbq', 'מנגל', 0, 827),
(662, 185, 'Guacamole', 'סלט אבוקדו', 5, 828),
(663, 185, 'Fried Egg', 'ביצה מטוגנת', 7, 829),
(664, 185, 'Portobello Mushroom', 'פטריות פורטובלו אווז', 8, 830),
(665, 186, 'Roza Deal : Upgrade To A Meal Including Chips Onion Rings And A Drink', 'רוזה דיל : שדרוג לארוחה הכוללת צ''יפס / טבעות בצל ובקבוק שתיה ', 23, 831),
(666, 187, 'Lettuce', 'חסה', 0, 832),
(667, 187, 'Tomatoes', 'עגבניות', 0, 833),
(668, 187, 'Pickles', 'חמוץ', 0, 834),
(669, 187, 'Pickled Jalapeño', 'חלפיניו כבושים', 0, 835),
(670, 188, 'Pesto', 'פסטו', 0, 836),
(671, 188, 'Chimichurri', 'צ''ימיצ''ורי', 0, 837),
(672, 188, 'Ketchup', 'קטשופ', 0, 838),
(673, 188, 'Mustard', 'חרדל', 0, 839),
(674, 188, 'Tehina', 'טחינה', 0, 840),
(675, 188, 'Salsa', 'סלסה', 0, 841),
(676, 188, 'Dijon Mustard And Mayo Mix', 'חרדל דיז''ון ומיונז', 0, 842),
(677, 188, 'Sweet Chili', 'צ''ילי מתוק', 0, 843),
(678, 188, 'Hot Peppers Spread', 'ממרח פלפלים', 0, 844),
(679, 188, 'Bbq', 'מנגל', 0, 845),
(680, 189, 'Guacamole', 'סלט אבוקדו', 5, 846),
(681, 189, 'Fried Egg', 'ביצה מטוגנת', 7, 847),
(682, 189, 'Portobello Mushroom', 'פטריות פורטובלו אווז', 8, 848),
(683, 190, 'Roza Deal : Upgrade To A Meal Including Chips Onion Rings And A Drink', 'רוזה דיל : שדרוג לארוחה הכוללת צ''יפס / טבעות בצל ובקבוק שתיה ', 23, 849),
(684, 191, 'Lettuce', 'חסה', 0, 850),
(685, 191, 'Tomatoes', 'עגבניות', 0, 851),
(686, 191, 'Pickles', 'חמוץ', 0, 852),
(687, 191, 'Pickled Jalapeño', 'חלפיניו כבושים', 0, 853),
(688, 192, 'Pesto', 'פסטו', 0, 854),
(689, 192, 'Chimichurri', 'צ''ימיצ''ורי', 0, 855),
(690, 192, 'Ketchup', 'קטשופ', 0, 856),
(691, 192, 'Mustard', 'חרדל', 0, 857),
(692, 192, 'Tehina', 'טחינה', 0, 858),
(693, 192, 'Salsa', 'סלסה', 0, 859),
(694, 192, 'Dijon Mustard And Mayo Mix', 'חרדל דיז''ון ומיונז', 0, 860),
(695, 192, 'Sweet Chili', 'צ''ילי מתוק', 0, 861),
(696, 192, 'Hot Peppers Spread', 'ממרח פלפלים', 0, 862),
(697, 192, 'Bbq', 'מנגל', 0, 863),
(698, 193, 'Guacamole', 'סלט אבוקדו', 5, 864),
(699, 193, 'Fried Egg', 'ביצה מטוגנת', 7, 865),
(700, 193, 'Portobello Mushroom', 'פטריות פורטובלו אווז', 8, 866),
(701, 194, 'Roza Deal : Upgrade To A Meal Including Chips Onion Rings And A Drink', 'רוזה דיל : שדרוג לארוחה הכוללת צ''יפס / טבעות בצל ובקבוק שתיה ', 23, 867),
(702, 195, 'Lettuce', 'חסה', 0, 868),
(703, 195, 'Tomatoes', 'עגבניות', 0, 869),
(704, 195, 'Pickles', 'חמוץ', 0, 870),
(705, 195, 'Pickled Jalapeño', 'חלפיניו כבושים', 0, 871),
(706, 196, 'Pesto', 'פסטו', 0, 872),
(707, 196, 'Chimichurri', 'צ''ימיצ''ורי', 0, 873),
(708, 196, 'Ketchup', 'קטשופ', 0, 874),
(709, 196, 'Mustard', 'חרדל', 0, 875),
(710, 196, 'Tehina', 'טחינה', 0, 876),
(711, 196, 'Salsa', 'סלסה', 0, 877),
(712, 196, 'Dijon Mustard And Mayo Mix', 'חרדל דיז''ון ומיונז', 0, 878),
(713, 196, 'Sweet Chili', 'צ''ילי מתוק', 0, 879),
(714, 196, 'Hot Peppers Spread', 'ממרח פלפלים', 0, 880),
(715, 196, 'Bbq', 'מנגל', 0, 881),
(716, 197, 'Guacamole', 'סלט אבוקדו', 5, 882),
(717, 197, 'Fried Egg', 'ביצה מטוגנת', 7, 883),
(718, 197, 'Portobello Mushroom', 'פטריות פורטובלו אווז', 8, 884),
(719, 198, 'Roza Deal : Upgrade To A Meal Including Chips Onion Rings And A Drink', 'רוזה דיל : שדרוג לארוחה הכוללת צ''יפס / טבעות בצל ובקבוק שתיה ', 23, 885),
(720, 199, 'Lettuce', 'חסה', 0, 886),
(721, 199, 'Tomatoes', 'עגבניות', 0, 887),
(722, 199, 'Pickles', 'חמוץ', 0, 888),
(723, 199, 'Pickled Jalapeño', 'חלפיניו כבושים', 0, 889),
(724, 200, 'Pesto', 'פסטו', 0, 890),
(725, 200, 'Chimichurri', 'צ''ימיצ''ורי', 0, 891),
(726, 200, 'Ketchup', 'קטשופ', 0, 892),
(727, 200, 'Mustard', 'חרדל', 0, 893),
(728, 200, 'Tehina', 'טחינה', 0, 894),
(729, 200, 'Salsa', 'סלסה', 0, 895),
(730, 200, 'Dijon Mustard And Mayo Mix', 'חרדל דיז''ון ומיונז', 0, 896),
(731, 200, 'Sweet Chili', 'צ''ילי מתוק', 0, 897),
(732, 200, 'Hot Peppers Spread', 'ממרח פלפלים', 0, 898),
(733, 200, 'Bbq', 'מנגל', 0, 899),
(734, 201, 'Guacamole', 'סלט אבוקדו', 5, 900),
(735, 201, 'Fried Egg', 'ביצה מטוגנת', 7, 901),
(736, 201, 'Portobello Mushroom', 'פטריות פורטובלו אווז', 8, 902),
(737, 202, 'Roza Deal : Upgrade To A Meal Including Chips Onion Rings And A Drink', 'רוזה דיל : שדרוג לארוחה הכוללת צ''יפס / טבעות בצל ובקבוק שתיה ', 23, 903),
(738, 203, 'Lettuce', 'חסה', 0, 904),
(739, 203, 'Tomatoes', 'עגבניות', 0, 905),
(740, 203, 'Pickles', 'חמוץ', 0, 906),
(741, 203, 'Pickled Jalapeño', 'חלפיניו כבושים', 0, 907),
(742, 204, 'Pesto', 'פסטו', 0, 908),
(743, 204, 'Chimichurri', 'צ''ימיצ''ורי', 0, 909),
(744, 204, 'Ketchup', 'קטשופ', 0, 910),
(745, 204, 'Mustard', 'חרדל', 0, 911),
(746, 204, 'Tehina', 'טחינה', 0, 912),
(747, 204, 'Salsa', 'סלסה', 0, 913),
(748, 204, 'Dijon Mustard And Mayo Mix', 'חרדל דיז''ון ומיונז', 0, 914),
(749, 204, 'Sweet Chili', 'צ''ילי מתוק', 0, 915),
(750, 204, 'Hot Peppers Spread', 'ממרח פלפלים', 0, 916),
(751, 204, 'Bbq', 'מנגל', 0, 917),
(752, 205, 'Guacamole', 'סלט אבוקדו', 5, 918),
(753, 205, 'Fried Egg', 'ביצה מטוגנת', 7, 919),
(754, 205, 'Portobello Mushroom', 'פטריות פורטובלו אווז', 8, 920),
(755, 206, 'Roza Deal : Upgrade To A Meal Including Chips Onion Rings And A Drink', 'רוזה דיל : שדרוג לארוחה הכוללת צ''יפס / טבעות בצל ובקבוק שתיה ', 23, 921),
(756, 207, 'White Ciabatta', 'ג''בטה לבנה', 7, 922),
(757, 207, 'Multi-Grain', 'כפרית', 7, 923),
(758, 208, 'Roza Deal: Upgrade To A Full Meal Including Oven Baked Italian Ciabetta And A Bottled Drink', 'רוזה דיל: שדרוג לארוחת רוזה דיל הכוללת ג''בטה איטלקית בתנור + בקבוק שתייה ב 17 ₪', 17, 924),
(759, 209, 'White Ciabatta', 'ג''בטה לבנה', 7, 925),
(760, 209, 'Multi-Grain', 'כפרית', 7, 926),
(761, 210, 'Roza Deal: Upgrade To A Full Meal Including Oven Baked Italian Ciabetta And A Bottled Drink', 'רוזה דיל: שדרוג לארוחת רוזה דיל הכוללת ג''בטה איטלקית בתנור + בקבוק שתייה ב 17 ₪', 17, 927),
(762, 211, 'White Ciabatta', 'ג''בטה לבנה', 7, 928),
(763, 211, 'Multi-Grain', 'כפרית', 7, 929),
(764, 212, 'Roza Deal: Upgrade To A Full Meal Including Oven Baked Italian Ciabetta And A Bottled Drink', 'רוזה דיל: שדרוג לארוחת רוזה דיל הכוללת ג''בטה איטלקית בתנור + בקבוק שתייה ב 17 ₪', 17, 930),
(765, 213, 'White Ciabatta', 'ג''בטה לבנה', 7, 931),
(766, 213, 'Multi-Grain', 'כפרית', 7, 932),
(767, 214, 'Roza Deal: Upgrade To A Full Meal Including Oven Baked Italian Ciabetta And A Bottled Drink', 'רוזה דיל: שדרוג לארוחת רוזה דיל הכוללת ג''בטה איטלקית בתנור + בקבוק שתייה ב 17 ₪', 17, 933),
(768, 215, 'White Ciabatta', 'ג''בטה לבנה', 7, 934),
(769, 215, 'Multi-Grain', 'כפרית', 7, 935),
(770, 216, 'Roza Deal: Upgrade To A Full Meal Including Oven Baked Italian Ciabetta And A Bottled Drink', 'רוזה דיל: שדרוג לארוחת רוזה דיל הכוללת ג''בטה איטלקית בתנור + בקבוק שתייה ב 17 ₪', 17, 936),
(771, 217, 'White Ciabatta', 'ג''בטה לבנה', 7, 937),
(772, 217, 'Multi-Grain', 'כפרית', 7, 938),
(773, 218, 'Roza Deal: Upgrade To A Full Meal Including Oven Baked Italian Ciabetta And A Bottled Drink', 'רוזה דיל: שדרוג לארוחת רוזה דיל הכוללת ג''בטה איטלקית בתנור + בקבוק שתייה ב 17 ₪', 17, 939),
(774, 219, 'White Ciabatta', 'ג''בטה לבנה', 7, 940),
(775, 219, 'Multi-Grain', 'כפרית', 7, 941),
(776, 220, 'Roza Deal: Upgrade To A Full Meal Including Oven Baked Italian Ciabetta And A Bottled Drink', 'רוזה דיל: שדרוג לארוחת רוזה דיל הכוללת ג''בטה איטלקית בתנור + בקבוק שתייה ב 17 ₪', 17, 942),
(777, 221, 'Roza Deal: Upgrade To A Full Meal Including Oven Baked Italian Ciabetta And A Bottled Drink', 'רוזה דיל: שדרוג לארוחת רוזה דיל הכוללת ג''בטה איטלקית בתנור + בקבוק שתייה ב 17 ₪', 17, 943),
(778, 222, 'Roza Deal: Upgrade To A Full Meal Including Oven Baked Italian Ciabetta And A Bottled Drink', 'רוזה דיל: שדרוג לארוחת רוזה דיל הכוללת ג''בטה איטלקית בתנור + בקבוק שתייה ב 17 ₪', 17, 944),
(779, 223, 'Roza Deal: Upgrade To A Full Meal Including Oven Baked Italian Ciabetta And A Bottled Drink', 'רוזה דיל: שדרוג לארוחת רוזה דיל הכוללת ג''בטה איטלקית בתנור + בקבוק שתייה ב 17 ₪', 17, 945),
(780, 224, 'Roza Deal: Upgrade To A Full Meal Including Oven Baked Italian Ciabetta And A Bottled Drink', 'רוזה דיל: שדרוג לארוחת רוזה דיל הכוללת ג''בטה איטלקית בתנור + בקבוק שתייה ב 17 ₪', 17, 946),
(781, 225, 'Roza Deal: Upgrade To A Full Meal Including Oven Baked Italian Ciabetta And A Bottled Drink', 'רוזה דיל: שדרוג לארוחת רוזה דיל הכוללת ג''בטה איטלקית בתנור + בקבוק שתייה ב 17 ₪', 17, 947),
(782, 226, 'Roza Deal: Upgrade To A Full Meal Including Oven Baked Italian Ciabetta And A Bottled Drink', 'רוזה דיל: שדרוג לארוחת רוזה דיל הכוללת ג''בטה איטלקית בתנור + בקבוק שתייה ב 17 ₪', 17, 948),
(783, 227, 'Roza Deal: Upgrade To A Full Meal Including Oven Baked Italian Ciabetta And A Bottled Drink', 'רוזה דיל: שדרוג לארוחת רוזה דיל הכוללת ג''בטה איטלקית בתנור + בקבוק שתייה ב 17 ₪', 17, 949),
(784, 228, 'Roza Deal: Upgrade To A Full Meal Including Oven Baked Italian Ciabetta And A Bottled Drink', 'רוזה דיל: שדרוג לארוחת רוזה דיל הכוללת ג''בטה איטלקית בתנור + בקבוק שתייה ב 17 ₪', 17, 950),
(785, 229, 'Roza Deal: Upgrade To A Full Meal Including A Personal Salad And A Bottled Drink', 'רוזה דיל: שדרוג לארוחת רוזה דיל הכוללת סלט אישי + בקבוק שתייה', 21, 951),
(786, 230, 'Roza Deal: Upgrade To A Full Meal Including A Personal Salad And A Bottled Drink', 'רוזה דיל: שדרוג לארוחת רוזה דיל הכוללת סלט אישי + בקבוק שתייה', 21, 952),
(787, 231, 'Roza Deal: Upgrade To A Full Meal Including A Personal Salad And A Bottled Drink', 'רוזה דיל: שדרוג לארוחת רוזה דיל הכוללת סלט אישי + בקבוק שתייה', 21, 953),
(788, 232, 'Soya', 'סויה', 0, 954),
(789, 232, 'Teriyaki', 'טריאקי', 0, 955),
(790, 232, 'Spicy Mayonnaise', 'ספייסי מיונז', 0, 956),
(791, 232, 'Ginger', 'ג''ינג''ר', 0, 957),
(792, 232, 'Wasabi', 'וואסבי', 0, 958),
(793, 233, 'Soya', 'סויה', 0, 959),
(794, 233, 'Teriyaki', 'טריאקי', 0, 960),
(795, 233, 'Spicy Mayonnaise', 'ספייסי מיונז', 0, 961),
(796, 233, 'Ginger', 'ג''ינג''ר', 0, 962),
(797, 233, 'Wasabi', 'וואסבי', 0, 963),
(798, 234, 'Soya', 'סויה', 0, 964),
(799, 234, 'Teriyaki', 'טריאקי', 0, 965),
(800, 234, 'Spicy Mayonnaise', 'ספייסי מיונז', 0, 966),
(801, 234, 'Ginger', 'ג''ינג''ר', 0, 967),
(802, 234, 'Wasabi', 'וואסבי', 0, 968),
(803, 235, 'Soya', 'סויה', 0, 969),
(804, 235, 'Teriyaki', 'טריאקי', 0, 970),
(805, 235, 'Spicy Mayonnaise', 'ספייסי מיונז', 0, 971),
(806, 235, 'Ginger', 'ג''ינג''ר', 0, 972),
(807, 235, 'Wasabi', 'וואסבי', 0, 973),
(808, 236, 'Soya', 'סויה', 0, 974),
(809, 236, 'Teriyaki', 'טריאקי', 0, 975),
(810, 236, 'Spicy Mayonnaise', 'ספייסי מיונז', 0, 976),
(811, 236, 'Ginger', 'ג''ינג''ר', 0, 977),
(812, 236, 'Wasabi', 'וואסבי', 0, 978),
(813, 237, 'Soya', 'סויה', 0, 979),
(814, 237, 'Teriyaki', 'טריאקי', 0, 980),
(815, 237, 'Spicy Mayonnaise', 'ספייסי מיונז', 0, 981),
(816, 237, 'Ginger', 'ג''ינג''ר', 0, 982),
(817, 237, 'Wasabi', 'וואסבי', 0, 983),
(818, 238, 'Soya', 'סויה', 0, 984),
(819, 238, 'Teriyaki', 'טריאקי', 0, 985),
(820, 238, 'Spicy Mayonnaise', 'ספייסי מיונז', 0, 986),
(821, 238, 'Ginger', 'ג''ינג''ר', 0, 987),
(822, 238, 'Wasabi', 'וואסבי', 0, 988),
(823, 239, 'Soya', 'סויה', 0, 989),
(824, 239, 'Teriyaki', 'טריאקי', 0, 990),
(825, 239, 'Spicy Mayonnaise', 'ספייסי מיונז', 0, 991),
(826, 239, 'Ginger', 'ג''ינג''ר', 0, 992),
(827, 239, 'Wasabi', 'וואסבי', 0, 993),
(828, 240, 'Soya', 'סויה', 0, 994),
(829, 240, 'Teriyaki', 'טריאקי', 0, 995),
(830, 240, 'Spicy Mayonnaise', 'ספייסי מיונז', 0, 996),
(831, 240, 'Ginger', 'ג''ינג''ר', 0, 997),
(832, 240, 'Wasabi', 'וואסבי', 0, 998),
(833, 241, 'Soya', 'סויה', 0, 999),
(834, 241, 'Teriyaki', 'טריאקי', 0, 1000),
(835, 241, 'Spicy Mayonnaise', 'ספייסי מיונז', 0, 1001),
(836, 241, 'Ginger', 'ג''ינג''ר', 0, 1002),
(837, 241, 'Wasabi', 'וואסבי', 0, 1003),
(838, 242, 'Soya', 'סויה', 0, 1004),
(839, 242, 'Teriyaki', 'טריאקי', 0, 1005),
(840, 242, 'Spicy Mayonnaise', 'ספייסי מיונז', 0, 1006),
(841, 242, 'Ginger', 'ג''ינג''ר', 0, 1007),
(842, 242, 'Wasabi', 'וואסבי', 0, 1008),
(843, 243, 'Soya', 'סויה', 0, 1009),
(844, 243, 'Teriyaki', 'טריאקי', 0, 1010),
(845, 243, 'Spicy Mayonnaise', 'ספייסי מיונז', 0, 1011),
(846, 243, 'Ginger', 'ג''ינג''ר', 0, 1012),
(847, 243, 'Wasabi', 'וואסבי', 0, 1013),
(848, 244, 'Soya', 'סויה', 0, 1014),
(849, 244, 'Teriyaki', 'טריאקי', 0, 1015),
(850, 244, 'Spicy Mayonnaise', 'ספייסי מיונז', 0, 1016),
(851, 244, 'Ginger', 'ג''ינג''ר', 0, 1017),
(852, 244, 'Wasabi', 'וואסבי', 0, 1018),
(853, 245, 'Soya', 'סויה', 0, 1019),
(854, 245, 'Teriyaki', 'טריאקי', 0, 1020),
(855, 245, 'Spicy Mayonnaise', 'ספייסי מיונז', 0, 1021),
(856, 245, 'Ginger', 'ג''ינג''ר', 0, 1022),
(857, 245, 'Wasabi', 'וואסבי', 0, 1023),
(858, 246, 'Soya', 'סויה', 0, 1024),
(859, 246, 'Teriyaki', 'טריאקי', 0, 1025),
(860, 246, 'Spicy Mayonnaise', 'ספייסי מיונז', 0, 1026),
(861, 246, 'Ginger', 'ג''ינג''ר', 0, 1027),
(862, 246, 'Wasabi', 'וואסבי', 0, 1028),
(863, 247, 'Soya', 'סויה', 0, 1029),
(864, 247, 'Teriyaki', 'טריאקי', 0, 1030),
(865, 247, 'Spicy Mayonnaise', 'ספייסי מיונז', 0, 1031),
(866, 247, 'Ginger', 'ג''ינג''ר', 0, 1032),
(867, 247, 'Wasabi', 'וואסבי', 0, 1033),
(868, 248, 'Soya', 'סויה', 0, 1034),
(869, 248, 'Teriyaki', 'טריאקי', 0, 1035),
(870, 248, 'Spicy Mayonnaise', 'ספייסי מיונז', 0, 1036),
(871, 248, 'Ginger', 'ג''ינג''ר', 0, 1037),
(872, 248, 'Wasabi', 'וואסבי', 0, 1038),
(873, 249, 'Soya', 'סויה', 0, 1039),
(874, 249, 'Teriyaki', 'טריאקי', 0, 1040),
(875, 249, 'Spicy Mayonnaise', 'ספייסי מיונז', 0, 1041),
(876, 249, 'Ginger', 'ג''ינג''ר', 0, 1042),
(877, 249, 'Wasabi', 'וואסבי', 0, 1043),
(878, 250, 'Soya', 'סויה', 0, 1044),
(879, 250, 'Teriyaki', 'טריאקי', 0, 1045),
(880, 250, 'Spicy Mayonnaise', 'ספייסי מיונז', 0, 1046),
(881, 250, 'Ginger', 'ג''ינג''ר', 0, 1047),
(882, 250, 'Wasabi', 'וואסבי', 0, 1048),
(883, 251, 'Soya', 'סויה', 0, 1049),
(884, 251, 'Teriyaki', 'טריאקי', 0, 1050),
(885, 251, 'Spicy Mayonnaise', 'ספייסי מיונז', 0, 1051),
(886, 251, 'Ginger', 'ג''ינג''ר', 0, 1052),
(887, 251, 'Wasabi', 'וואסבי', 0, 1053),
(888, 252, 'Soya', 'סויה', 0, 1054),
(889, 252, 'Teriyaki', 'טריאקי', 0, 1055),
(890, 252, 'Spicy Mayonnaise', 'ספייסי מיונז', 0, 1056),
(891, 252, 'Ginger', 'ג''ינג''ר', 0, 1057),
(892, 252, 'Wasabi', 'וואסבי', 0, 1058),
(893, 253, 'Soya', 'סויה', 0, 1059),
(894, 253, 'Teriyaki', 'טריאקי', 0, 1060),
(895, 253, 'Spicy Mayonnaise', 'ספייסי מיונז', 0, 1061),
(896, 253, 'Ginger', 'ג''ינג''ר', 0, 1062),
(897, 253, 'Wasabi', 'וואסבי', 0, 1063),
(898, 254, 'Soya', 'סויה', 0, 1064),
(899, 254, 'Teriyaki', 'טריאקי', 0, 1065),
(900, 254, 'Spicy Mayonnaise', 'ספייסי מיונז', 0, 1066),
(901, 254, 'Ginger', 'ג''ינג''ר', 0, 1067),
(902, 254, 'Wasabi', 'וואסבי', 0, 1068),
(903, 255, 'Soya', 'סויה', 0, 1069),
(904, 255, 'Teriyaki', 'טריאקי', 0, 1070),
(905, 255, 'Spicy Mayonnaise', 'ספייסי מיונז', 0, 1071),
(906, 255, 'Ginger', 'ג''ינג''ר', 0, 1072),
(907, 255, 'Wasabi', 'וואסבי', 0, 1073),
(908, 256, 'Soya', 'סויה', 0, 1074),
(909, 256, 'Teriyaki', 'טריאקי', 0, 1075),
(910, 256, 'Spicy Mayonnaise', 'ספייסי מיונז', 0, 1076),
(911, 256, 'Ginger', 'ג''ינג''ר', 0, 1077),
(912, 256, 'Wasabi', 'וואסבי', 0, 1078),
(913, 257, 'Soya', 'סויה', 0, 1079),
(914, 257, 'Teriyaki', 'טריאקי', 0, 1080),
(915, 257, 'Spicy Mayonnaise', 'ספייסי מיונז', 0, 1081),
(916, 257, 'Ginger', 'ג''ינג''ר', 0, 1082),
(917, 257, 'Wasabi', 'וואסבי', 0, 1083),
(918, 258, 'Soya', 'סויה', 0, 1084),
(919, 258, 'Teriyaki', 'טריאקי', 0, 1085),
(920, 258, 'Spicy Mayonnaise', 'ספייסי מיונז', 0, 1086),
(921, 258, 'Ginger', 'ג''ינג''ר', 0, 1087),
(922, 258, 'Wasabi', 'וואסבי', 0, 1088),
(923, 259, 'Soya', 'סויה', 0, 1089),
(924, 259, 'Teriyaki', 'טריאקי', 0, 1090);
INSERT INTO `subitems` (`id`, `extra_id`, `name_en`, `name_he`, `price`, `sort`) VALUES
(925, 259, 'Spicy Mayonnaise', 'ספייסי מיונז', 0, 1091),
(926, 259, 'Ginger', 'ג''ינג''ר', 0, 1092),
(927, 259, 'Wasabi', 'וואסבי', 0, 1093),
(928, 260, 'Soya', 'סויה', 0, 1094),
(929, 260, 'Teriyaki', 'טריאקי', 0, 1095),
(930, 260, 'Spicy Mayonnaise', 'ספייסי מיונז', 0, 1096),
(931, 260, 'Ginger', 'ג''ינג''ר', 0, 1097),
(932, 260, 'Wasabi', 'וואסבי', 0, 1098),
(933, 261, 'Soya', 'סויה', 0, 1099),
(934, 261, 'Teriyaki', 'טריאקי', 0, 1100),
(935, 261, 'Spicy Mayonnaise', 'ספייסי מיונז', 0, 1101),
(936, 261, 'Ginger', 'ג''ינג''ר', 0, 1102),
(937, 261, 'Wasabi', 'וואסבי', 0, 1103),
(938, 262, 'Soya', 'סויה', 0, 1104),
(939, 262, 'Teriyaki', 'טריאקי', 0, 1105),
(940, 262, 'Spicy Mayonnaise', 'ספייסי מיונז', 0, 1106),
(941, 262, 'Ginger', 'ג''ינג''ר', 0, 1107),
(942, 262, 'Wasabi', 'וואסבי', 0, 1108),
(943, 263, 'Soya', 'סויה', 0, 1109),
(944, 263, 'Teriyaki', 'טריאקי', 0, 1110),
(945, 263, 'Spicy Mayonnaise', 'ספייסי מיונז', 0, 1111),
(946, 263, 'Ginger', 'ג''ינג''ר', 0, 1112),
(947, 263, 'Wasabi', 'וואסבי', 0, 1113),
(948, 264, 'Soya', 'סויה', 0, 1114),
(949, 264, 'Teriyaki', 'טריאקי', 0, 1115),
(950, 264, 'Spicy Mayonnaise', 'ספייסי מיונז', 0, 1116),
(951, 264, 'Ginger', 'ג''ינג''ר', 0, 1117),
(952, 264, 'Wasabi', 'וואסבי', 0, 1118),
(953, 265, 'Soya', 'סויה', 0, 1119),
(954, 265, 'Teriyaki', 'טריאקי', 0, 1120),
(955, 265, 'Spicy Mayonnaise', 'ספייסי מיונז', 0, 1121),
(956, 265, 'Ginger', 'ג''ינג''ר', 0, 1122),
(957, 265, 'Wasabi', 'וואסבי', 0, 1123),
(958, 266, 'Soya', 'סויה', 0, 1124),
(959, 266, 'Teriyaki', 'טריאקי', 0, 1125),
(960, 266, 'Spicy Mayonnaise', 'ספייסי מיונז', 0, 1126),
(961, 266, 'Ginger', 'ג''ינג''ר', 0, 1127),
(962, 266, 'Wasabi', 'וואסבי', 0, 1128),
(963, 267, 'Soya', 'סויה', 0, 1129),
(964, 267, 'Teriyaki', 'טריאקי', 0, 1130),
(965, 267, 'Spicy Mayonnaise', 'ספייסי מיונז', 0, 1131),
(966, 267, 'Ginger', 'ג''ינג''ר', 0, 1132),
(967, 267, 'Wasabi', 'וואסבי', 0, 1133),
(968, 268, 'Soya', 'סויה', 0, 1134),
(969, 268, 'Teriyaki', 'טריאקי', 0, 1135),
(970, 268, 'Spicy Mayonnaise', 'ספייסי מיונז', 0, 1136),
(971, 268, 'Ginger', 'ג''ינג''ר', 0, 1137),
(972, 268, 'Wasabi', 'וואסבי', 0, 1138),
(973, 269, 'Soya', 'סויה', 0, 1139),
(974, 269, 'Teriyaki', 'טריאקי', 0, 1140),
(975, 269, 'Spicy Mayonnaise', 'ספייסי מיונז', 0, 1141),
(976, 269, 'Ginger', 'ג''ינג''ר', 0, 1142),
(977, 269, 'Wasabi', 'וואסבי', 0, 1143),
(978, 270, 'Soya', 'סויה', 0, 1144),
(979, 270, 'Teriyaki', 'טריאקי', 0, 1145),
(980, 270, 'Spicy Mayonnaise', 'ספייסי מיונז', 0, 1146),
(981, 270, 'Ginger', 'ג''ינג''ר', 0, 1147),
(982, 270, 'Wasabi', 'וואסבי', 0, 1148),
(983, 271, 'Soya', 'סויה', 0, 1149),
(984, 271, 'Teriyaki', 'טריאקי', 0, 1150),
(985, 271, 'Spicy Mayonnaise', 'ספייסי מיונז', 0, 1151),
(986, 271, 'Ginger', 'ג''ינג''ר', 0, 1152),
(987, 271, 'Wasabi', 'וואסבי', 0, 1153),
(988, 272, 'Soya', 'סויה', 0, 1154),
(989, 272, 'Teriyaki', 'טריאקי', 0, 1155),
(990, 272, 'Spicy Mayonnaise', 'ספייסי מיונז', 0, 1156),
(991, 272, 'Ginger', 'ג''ינג''ר', 0, 1157),
(992, 272, 'Wasabi', 'וואסבי', 0, 1158),
(993, 273, 'Soya', 'סויה', 0, 1159),
(994, 273, 'Teriyaki', 'טריאקי', 0, 1160),
(995, 273, 'Spicy Mayonnaise', 'ספייסי מיונז', 0, 1161),
(996, 273, 'Ginger', 'ג''ינג''ר', 0, 1162),
(997, 273, 'Wasabi', 'וואסבי', 0, 1163),
(998, 274, 'Soya', 'סויה', 0, 1164),
(999, 274, 'Teriyaki', 'טריאקי', 0, 1165),
(1000, 274, 'Spicy Mayonnaise', 'ספייסי מיונז', 0, 1166),
(1001, 274, 'Ginger', 'ג''ינג''ר', 0, 1167),
(1002, 274, 'Wasabi', 'וואסבי', 0, 1168),
(1003, 275, 'Soya', 'סויה', 0, 1169),
(1004, 275, 'Teriyaki', 'טריאקי', 0, 1170),
(1005, 275, 'Spicy Mayonnaise', 'ספייסי מיונז', 0, 1171),
(1006, 275, 'Ginger', 'ג''ינג''ר', 0, 1172),
(1007, 275, 'Wasabi', 'וואסבי', 0, 1173),
(1008, 276, 'Soya', 'סויה', 0, 1174),
(1009, 276, 'Teriyaki', 'טריאקי', 0, 1175),
(1010, 276, 'Spicy Mayonnaise', 'ספייסי מיונז', 0, 1176),
(1011, 276, 'Ginger', 'ג''ינג''ר', 0, 1177),
(1012, 276, 'Wasabi', 'וואסבי', 0, 1178),
(1013, 277, 'Soya', 'סויה', 0, 1179),
(1014, 277, 'Teriyaki', 'טריאקי', 0, 1180),
(1015, 277, 'Spicy Mayonnaise', 'ספייסי מיונז', 0, 1181),
(1016, 277, 'Ginger', 'ג''ינג''ר', 0, 1182),
(1017, 277, 'Wasabi', 'וואסבי', 0, 1183),
(1018, 278, 'Soya', 'סויה', 0, 1184),
(1019, 278, 'Teriyaki', 'טריאקי', 0, 1185),
(1020, 278, 'Spicy Mayonnaise', 'ספייסי מיונז', 0, 1186),
(1021, 278, 'Ginger', 'ג''ינג''ר', 0, 1187),
(1022, 278, 'Wasabi', 'וואסבי', 0, 1188),
(1023, 279, 'Soya', 'סויה', 0, 1189),
(1024, 279, 'Teriyaki', 'טריאקי', 0, 1190),
(1025, 279, 'Spicy Mayonnaise', 'ספייסי מיונז', 0, 1191),
(1026, 279, 'Ginger', 'ג''ינג''ר', 0, 1192),
(1027, 279, 'Wasabi', 'וואסבי', 0, 1193),
(1028, 280, 'Soya', 'סויה', 0, 1194),
(1029, 280, 'Teriyaki', 'טריאקי', 0, 1195),
(1030, 280, 'Spicy Mayonnaise', 'ספייסי מיונז', 0, 1196),
(1031, 280, 'Ginger', 'ג''ינג''ר', 0, 1197),
(1032, 280, 'Wasabi', 'וואסבי', 0, 1198),
(1033, 281, 'Soya', 'סויה', 0, 1199),
(1034, 281, 'Teriyaki', 'טריאקי', 0, 1200),
(1035, 281, 'Spicy Mayonnaise', 'ספייסי מיונז', 0, 1201),
(1036, 281, 'Ginger', 'ג''ינג''ר', 0, 1202),
(1037, 281, 'Wasabi', 'וואסבי', 0, 1203),
(1038, 282, 'Soya', 'סויה', 0, 1204),
(1039, 282, 'Teriyaki', 'טריאקי', 0, 1205),
(1040, 282, 'Spicy Mayonnaise', 'ספייסי מיונז', 0, 1206),
(1041, 282, 'Ginger', 'ג''ינג''ר', 0, 1207),
(1042, 282, 'Wasabi', 'וואסבי', 0, 1208),
(1043, 283, 'Soya', 'סויה', 0, 1209),
(1044, 283, 'Teriyaki', 'טריאקי', 0, 1210),
(1045, 283, 'Spicy Mayonnaise', 'ספייסי מיונז', 0, 1211),
(1046, 283, 'Ginger', 'ג''ינג''ר', 0, 1212),
(1047, 283, 'Wasabi', 'וואסבי', 0, 1213),
(1048, 284, 'Soya', 'סויה', 0, 1214),
(1049, 284, 'Teriyaki', 'טריאקי', 0, 1215),
(1050, 284, 'Spicy Mayonnaise', 'ספייסי מיונז', 0, 1216),
(1051, 284, 'Ginger', 'ג''ינג''ר', 0, 1217),
(1052, 284, 'Wasabi', 'וואסבי', 0, 1218),
(1053, 285, 'Soya', 'סויה', 0, 1219),
(1054, 285, 'Teriyaki', 'טריאקי', 0, 1220),
(1055, 285, 'Spicy Mayonnaise', 'ספייסי מיונז', 0, 1221),
(1056, 285, 'Ginger', 'ג''ינג''ר', 0, 1222),
(1057, 285, 'Wasabi', 'וואסבי', 0, 1223),
(1058, 286, 'Soya', 'סויה', 0, 1224),
(1059, 286, 'Teriyaki', 'טריאקי', 0, 1225),
(1060, 286, 'Spicy Mayonnaise', 'ספייסי מיונז', 0, 1226),
(1061, 286, 'Ginger', 'ג''ינג''ר', 0, 1227),
(1062, 286, 'Wasabi', 'וואסבי', 0, 1228),
(1063, 287, 'Soya', 'סויה', 0, 1229),
(1064, 287, 'Teriyaki', 'טריאקי', 0, 1230),
(1065, 287, 'Spicy Mayonnaise', 'ספייסי מיונז', 0, 1231),
(1066, 287, 'Ginger', 'ג''ינג''ר', 0, 1232),
(1067, 287, 'Wasabi', 'וואסבי', 0, 1233),
(1068, 288, 'Soya', 'סויה', 0, 1234),
(1069, 288, 'Teriyaki', 'טריאקי', 0, 1235),
(1070, 288, 'Spicy Mayonnaise', 'ספייסי מיונז', 0, 1236),
(1071, 288, 'Ginger', 'ג''ינג''ר', 0, 1237),
(1072, 288, 'Wasabi', 'וואסבי', 0, 1238),
(1073, 289, 'Soya', 'סויה', 0, 1239),
(1074, 289, 'Teriyaki', 'טריאקי', 0, 1240),
(1075, 289, 'Spicy Mayonnaise', 'ספייסי מיונז', 0, 1241),
(1076, 289, 'Ginger', 'ג''ינג''ר', 0, 1242),
(1077, 289, 'Wasabi', 'וואסבי', 0, 1243),
(1078, 290, 'Soya', 'סויה', 0, 1244),
(1079, 290, 'Teriyaki', 'טריאקי', 0, 1245),
(1080, 290, 'Spicy Mayonnaise', 'ספייסי מיונז', 0, 1246),
(1081, 290, 'Ginger', 'ג''ינג''ר', 0, 1247),
(1082, 290, 'Wasabi', 'וואסבי', 0, 1248),
(1083, 291, 'Soya', 'סויה', 0, 1249),
(1084, 291, 'Teriyaki', 'טריאקי', 0, 1250),
(1085, 291, 'Spicy Mayonnaise', 'ספייסי מיונז', 0, 1251),
(1086, 291, 'Ginger', 'ג''ינג''ר', 0, 1252),
(1087, 291, 'Wasabi', 'וואסבי', 0, 1253),
(1088, 292, 'Soya', 'סויה', 0, 1254),
(1089, 292, 'Teriyaki', 'טריאקי', 0, 1255),
(1090, 292, 'Spicy Mayonnaise', 'ספייסי מיונז', 0, 1256),
(1091, 292, 'Ginger', 'ג''ינג''ר', 0, 1257),
(1092, 292, 'Wasabi', 'וואסבי', 0, 1258),
(1093, 293, 'Soya', 'סויה', 0, 1259),
(1094, 293, 'Teriyaki', 'טריאקי', 0, 1260),
(1095, 293, 'Spicy Mayonnaise', 'ספייסי מיונז', 0, 1261),
(1096, 293, 'Ginger', 'ג''ינג''ר', 0, 1262),
(1097, 293, 'Wasabi', 'וואסבי', 0, 1263),
(1098, 294, 'Soya', 'סויה', 0, 1264),
(1099, 294, 'Teriyaki', 'טריאקי', 0, 1265),
(1100, 294, 'Spicy Mayonnaise', 'ספייסי מיונז', 0, 1266),
(1101, 294, 'Ginger', 'ג''ינג''ר', 0, 1267),
(1102, 294, 'Wasabi', 'וואסבי', 0, 1268),
(1103, 295, 'Soya', 'סויה', 0, 1269),
(1104, 295, 'Teriyaki', 'טריאקי', 0, 1270),
(1105, 295, 'Spicy Mayonnaise', 'ספייסי מיונז', 0, 1271),
(1106, 295, 'Ginger', 'ג''ינג''ר', 0, 1272),
(1107, 295, 'Wasabi', 'וואסבי', 0, 1273),
(1108, 296, 'Soya', 'סויה', 0, 1274),
(1109, 296, 'Teriyaki', 'טריאקי', 0, 1275),
(1110, 296, 'Spicy Mayonnaise', 'ספייסי מיונז', 0, 1276),
(1111, 296, 'Ginger', 'ג''ינג''ר', 0, 1277),
(1112, 296, 'Wasabi', 'וואסבי', 0, 1278),
(1113, 297, 'Soya', 'סויה', 0, 1279),
(1114, 297, 'Teriyaki', 'טריאקי', 0, 1280),
(1115, 297, 'Spicy Mayonnaise', 'ספייסי מיונז', 0, 1281),
(1116, 297, 'Ginger', 'ג''ינג''ר', 0, 1282),
(1117, 297, 'Wasabi', 'וואסבי', 0, 1283),
(1118, 298, 'Soya', 'סויה', 0, 1284),
(1119, 298, 'Teriyaki', 'טריאקי', 0, 1285),
(1120, 298, 'Spicy Mayonnaise', 'ספייסי מיונז', 0, 1286),
(1121, 298, 'Ginger', 'ג''ינג''ר', 0, 1287),
(1122, 298, 'Wasabi', 'וואסבי', 0, 1288),
(1123, 299, 'Soya', 'סויה', 0, 1289),
(1124, 299, 'Teriyaki', 'טריאקי', 0, 1290),
(1125, 299, 'Spicy Mayonnaise', 'ספייסי מיונז', 0, 1291),
(1126, 299, 'Ginger', 'ג''ינג''ר', 0, 1292),
(1127, 299, 'Wasabi', 'וואסבי', 0, 1293),
(1128, 300, 'Soya', 'סויה', 0, 1294),
(1129, 300, 'Teriyaki', 'טריאקי', 0, 1295),
(1130, 300, 'Spicy Mayonnaise', 'ספייסי מיונז', 0, 1296),
(1131, 300, 'Ginger', 'ג''ינג''ר', 0, 1297),
(1132, 300, 'Wasabi', 'וואסבי', 0, 1298),
(1133, 301, 'Salmon', 'סלמון', 0, 1299),
(1134, 301, 'Red tuna', 'טונה אדומה', 0, 1300),
(1135, 301, 'Yellowtail Salmon', 'יילוטיל', 0, 1301),
(1136, 301, 'Spicy Salmon', 'ספייסי סלמון', 0, 1302),
(1137, 301, 'Spicy Tuna', 'ספייסי טונה', 0, 1303),
(1138, 301, 'Hot Salmon', 'סלמון חם', 0, 1304),
(1139, 301, 'Sea Bass', 'סייבס', 0, 1305),
(1140, 302, 'Tempura coated Tofu', 'טופו בטמפורה', 0, 1306),
(1141, 302, 'Avocado ', 'אבוכדו', 0, 1307),
(1142, 302, 'Cucumber', 'מלפפון', 0, 1308),
(1143, 302, 'Kampyo', 'קנפיז', 0, 1309),
(1144, 302, 'Tempura coated sweet potato', 'בטטה בטמפורה', 0, 1310),
(1145, 302, 'Asparagus', 'אספרגוס', 0, 1311),
(1146, 302, 'Carrots', 'גזר', 0, 1312),
(1147, 302, 'Green onion', 'בצל ירוק', 0, 1313),
(1148, 302, 'Tamago', 'טמאגו', 0, 1314),
(1149, 303, 'Tempura coated Tofu', 'טופו בטמפורה', 0, 1315),
(1150, 303, 'Avocado ', 'אבוכדו', 0, 1316),
(1151, 303, 'Cucumber', 'מלפפון', 0, 1317),
(1152, 303, 'Kampyo', 'קנפיז', 0, 1318),
(1153, 303, 'Tempura coated sweet potato', 'בטטה בטמפורה', 0, 1319),
(1154, 303, 'Asparagus', 'אספרגוס', 0, 1320),
(1155, 303, 'Carrots', 'גזר', 0, 1321),
(1156, 303, 'Green onion', 'בצל ירוק', 0, 1322),
(1157, 303, 'Tamago', 'טמאגו', 0, 1323),
(1158, 304, 'Asian puree', 'פירה אסייתי', 0, 1324),
(1159, 304, 'White rice', 'אורז לבן', 0, 1325),
(1160, 304, 'French fries', 'צ''יפס', 0, 1326),
(1161, 305, ' Mineral water', 'מים מינרלים 0.5 ליטר ', 0, 1327),
(1162, 305, ' Soda water', 'סודה 250 מ''ל ', 0, 1328),
(1163, 305, ' Peach Iced Tea (Nestea)', 'נסטי אפרסק 330 מ''ל ', 0, 1329),
(1164, 305, ' Prigat Diet Grapefruit', 'פריגת דיאט אשכוליות 330 מ''ל ', 0, 1330),
(1165, 305, ' Prigat Grapefruit', 'פריגת אשכוליות 330 מ''ל ', 0, 1331),
(1166, 305, ' Prigat Lemon', 'פריגת לימונים 330 מ''ל ', 0, 1332),
(1167, 305, ' Prigat Orange', 'פריגת תפוזים 330 מ''ל ', 0, 1333),
(1168, 305, ' Diet Sprite', 'דיאט ספרייט 330 מ''ל ', 0, 1334),
(1169, 305, ' Sprite', 'ספרייט 330 מ''ל ', 0, 1335),
(1170, 305, ' Cola Zero', 'קולה זירו 330 מ''ל ', 0, 1336),
(1171, 305, ' Coca Cola', 'קוקה קולה 330 מ''ל ', 0, 1337),
(1172, 306, 'Gluten-free dough *baked in a gluten environment', 'בסיס בצק ללא גלוטן *נאפה בסביבת גלוט', 0, 1338),
(1173, 307, 'Gluten-free dough *baked in a gluten environment', 'בסיס בצק ללא גלוטן *נאפה בסביבת גלוט', 0, 1339),
(1174, 308, 'Rustic ciabatta', 'ג''בטה כפרית', 0, 1340),
(1175, 308, 'Gluten free ciabatta', 'ג''בטה ללא גלוט', 0, 1341),
(1176, 308, 'Regular bread', 'לחם קל', 0, 1342),
(1177, 308, 'Challah roll', 'לחמניית חלה', 0, 1343),
(1178, 309, 'Rustic ciabatta', 'ג''בטה כפרית', 0, 1344),
(1179, 309, 'Gluten free ciabatta', 'ג''בטה ללא גלוט', 0, 1345),
(1180, 309, 'Regular bread', 'לחם קל', 0, 1346),
(1181, 309, 'Challah roll', 'לחמניית חלה', 0, 1347),
(1182, 310, 'Rustic ciabatta', 'ג''בטה כפרית', 0, 1348),
(1183, 310, 'Gluten free ciabatta', 'ג''בטה ללא גלוט', 0, 1349),
(1184, 310, 'Regular bread', 'לחם קל', 0, 1350),
(1185, 310, 'Challah roll', 'לחמניית חלה', 0, 1351),
(1186, 311, 'Rustic ciabatta', 'ג''בטה כפרית', 0, 1352),
(1187, 311, 'Gluten free ciabatta', 'ג''בטה ללא גלוט', 0, 1353),
(1188, 311, 'Regular bread', 'לחם קל', 0, 1354),
(1189, 311, 'Challah roll', 'לחמניית חלה', 0, 1355),
(1190, 312, 'Rustic ciabatta', 'ג''בטה כפרית', 0, 1356),
(1191, 312, 'Gluten free ciabatta', 'ג''בטה ללא גלוט', 0, 1357),
(1192, 312, 'Regular bread', 'לחם קל', 0, 1358),
(1193, 312, 'Challah roll', 'לחמניית חלה', 0, 1359),
(1194, 313, 'Rustic ciabatta', 'ג''בטה כפרית', 0, 1360),
(1195, 313, 'Gluten free ciabatta', 'ג''בטה ללא גלוט', 0, 1361),
(1196, 313, 'Regular bread', 'לחם קל', 0, 1362),
(1197, 313, 'Challah roll', 'לחמניית חלה', 0, 1363),
(1198, 314, 'Rustic ciabatta', 'ג''בטה כפרית', 0, 1364),
(1199, 314, 'Gluten free ciabatta', 'ג''בטה ללא גלוט', 0, 1365),
(1200, 314, 'Regular bread', 'לחם קל', 0, 1366),
(1201, 314, 'Challah roll', 'לחמניית חלה', 0, 1367),
(1202, 315, 'Rustic ciabatta', 'ג''בטה כפרית', 0, 1368),
(1203, 315, 'Gluten free ciabatta', 'ג''בטה ללא גלוט', 0, 1369),
(1204, 315, 'Regular bread', 'לחם קל', 0, 1370),
(1205, 315, 'Challah roll', 'לחמניית חלה', 0, 1371),
(1206, 316, 'Rustic ciabatta', 'ג''בטה כפרית', 0, 1372),
(1207, 316, 'Gluten free ciabatta', 'ג''בטה ללא גלוט', 0, 1373),
(1208, 316, 'Regular bread', 'לחם קל', 0, 1374),
(1209, 316, 'Challah roll', 'לחמניית חלה', 0, 1375),
(1210, 317, 'Rustic ciabatta', 'ג''בטה כפרית', 0, 1376),
(1211, 317, 'Gluten free ciabatta', 'ג''בטה ללא גלוט', 0, 1377),
(1212, 317, 'Regular bread', 'לחם קל', 0, 1378),
(1213, 317, 'Challah roll', 'לחמניית חלה', 0, 1379),
(1214, 318, 'Green salad', 'סלט ירוק', 0, 1380),
(1215, 318, 'Israeli salad', 'קצוץ', 0, 1381),
(1216, 318, 'Tabbouleh', 'טאבולה', 0, 1382),
(1217, 318, 'Quinoa salad', 'קינואה', 0, 1383),
(1218, 319, 'Green salad', 'סלט ירוק', 0, 1384),
(1219, 319, 'Israeli salad', 'קצוץ', 0, 1385),
(1220, 319, 'Tabbouleh', 'טאבולה', 0, 1386),
(1221, 319, 'Quinoa salad', 'קינואה', 0, 1387),
(1222, 320, 'Green salad', 'סלט ירוק', 0, 1388),
(1223, 320, 'Israeli salad', 'קצוץ', 0, 1389),
(1224, 320, 'Tabbouleh', 'טאבולה', 0, 1390),
(1225, 320, 'Quinoa salad', 'קינואה', 0, 1391),
(1226, 321, 'Green salad', 'סלט ירוק', 0, 1392),
(1227, 321, 'Israeli salad', 'קצוץ', 0, 1393),
(1228, 321, 'Tabbouleh', 'טאבולה', 0, 1394),
(1229, 321, 'Quinoa salad', 'קינואה', 0, 1395),
(1230, 322, 'Green salad', 'סלט ירוק', 0, 1396),
(1231, 322, 'Israeli salad', 'קצוץ', 0, 1397),
(1232, 322, 'Tabbouleh', 'טאבולה', 0, 1398),
(1233, 322, 'Quinoa salad', 'קינואה', 0, 1399),
(1234, 323, 'Green salad', 'סלט ירוק', 0, 1400),
(1235, 323, 'Israeli salad', 'קצוץ', 0, 1401),
(1236, 323, 'Tabbouleh', 'טאבולה', 0, 1402),
(1237, 323, 'Quinoa salad', 'קינואה', 0, 1403),
(1238, 324, 'Green salad', 'סלט ירוק', 0, 1404),
(1239, 324, 'Israeli salad', 'קצוץ', 0, 1405),
(1240, 324, 'Tabbouleh', 'טאבולה', 0, 1406),
(1241, 324, 'Quinoa salad', 'קינואה', 0, 1407),
(1242, 325, 'Green salad', 'סלט ירוק', 0, 1408),
(1243, 325, 'Israeli salad', 'קצוץ', 0, 1409),
(1244, 325, 'Tabbouleh', 'טאבולה', 0, 1410),
(1245, 325, 'Quinoa salad', 'קינואה', 0, 1411),
(1246, 326, 'Green salad', 'סלט ירוק', 0, 1412),
(1247, 326, 'Israeli salad', 'קצוץ', 0, 1413),
(1248, 326, 'Tabbouleh', 'טאבולה', 0, 1414),
(1249, 326, 'Quinoa salad', 'קינואה', 0, 1415),
(1250, 327, 'Green salad', 'סלט ירוק', 0, 1416),
(1251, 327, 'Israeli salad', 'קצוץ', 0, 1417),
(1252, 327, 'Tabbouleh', 'טאבולה', 0, 1418),
(1253, 327, 'Quinoa salad', 'קינואה', 0, 1419),
(1254, 328, 'Small Apple juice', 'תפוחים קטן', 6, 1420),
(1255, 328, 'Small Carrot juice', 'גזר קטן', 6, 1421),
(1256, 328, 'Small Red Grapefruit juice', 'אשכוליות אדומות קטן', 6, 1422),
(1257, 328, 'Small Lemonade juice', 'לימונדה קטן', 6, 1423),
(1258, 328, 'Small Orange Juice juice', 'תפוזים גדול', 6, 1424),
(1259, 328, 'Large Orange Juice juice', 'תפוחים גדול', 9, 1425),
(1260, 328, 'Large Apple juice', 'גזר גדול', 9, 1426),
(1261, 328, 'Large Carrot juice', 'אשכוליות אדומות גדול', 9, 1427),
(1262, 328, 'Large Red Grapefruit juice', 'לימונדה גדול', 9, 1428),
(1263, 328, 'Large Lemonade juice', 'תפוזים גדול', 9, 1429),
(1264, 327, 'Fried onion', 'בצל מטוגן', 5, 1430),
(1265, 327, 'Fried egg', 'ביצת עין', 5, 1431),
(1266, 327, 'Spicy felafel', 'פלפלים חריפים', 5, 1432),
(1267, 327, 'Hot mushrooms', 'פטריות חמות', 8, 1433),
(1268, 327, 'Goose breast', 'חזה אווז', 10, 1434),
(1269, 328, 'Fried onion', 'בצל מטוגן', 5, 1435),
(1270, 328, 'Fried egg', 'ביצת עין', 5, 1436),
(1271, 328, 'Spicy felafel', 'פלפלים חריפים', 5, 1437),
(1272, 328, 'Hot mushrooms', 'פטריות חמות', 8, 1438),
(1273, 328, 'Goose breast', 'חזה אווז', 10, 1439),
(1274, 329, 'Fried onion', 'בצל מטוגן', 5, 1440),
(1275, 329, 'Fried egg', 'ביצת עין', 5, 1441),
(1276, 329, 'Spicy felafel', 'פלפלים חריפים', 5, 1442),
(1277, 329, 'Hot mushrooms', 'פטריות חמות', 8, 1443),
(1278, 329, 'Goose breast', 'חזה אווז', 10, 1444),
(1280, 330, 'Fried onion', 'בצל מטוגן', 5, 1445),
(1281, 330, 'Fried egg', 'ביצת עין', 5, 1446),
(1282, 330, 'Spicy felafel', 'פלפלים חריפים', 5, 1447),
(1283, 330, 'Hot mushrooms', 'פטריות חמות', 8, 1448),
(1284, 330, 'Goose breast', 'חזה אווז', 10, 1449),
(1285, 331, 'Fried onion', 'בצל מטוגן', 5, 1450),
(1286, 331, 'Fried egg', 'ביצת עין', 5, 1451),
(1287, 331, 'Spicy felafel', 'פלפלים חריפים', 5, 1452),
(1288, 331, 'Hot mushrooms', 'פטריות חמות', 8, 1453),
(1289, 331, 'Goose breast', 'חזה אווז', 10, 1454),
(1290, 332, 'Fried onion', 'בצל מטוגן', 5, 1455),
(1291, 332, 'Fried egg', 'ביצת עין', 5, 1456),
(1292, 332, 'Spicy felafel', 'פלפלים חריפים', 5, 1457),
(1293, 332, 'Hot mushrooms', 'פטריות חמות', 8, 1458),
(1294, 332, 'Goose breast', 'חזה אווז', 10, 1459),
(1295, 333, 'Fried onion', 'בצל מטוגן', 5, 1460),
(1296, 333, 'Fried egg', 'ביצת עין', 5, 1461),
(1297, 333, 'Spicy felafel', 'פלפלים חריפים', 5, 1462),
(1298, 333, 'Hot mushrooms', 'פטריות חמות', 8, 1463),
(1299, 333, 'Goose breast', 'חזה אווז', 10, 1464),
(1301, 334, 'Fried onion', 'בצל מטוגן', 5, 1465),
(1302, 334, 'Fried egg', 'ביצת עין', 5, 1466),
(1303, 334, 'Spicy felafel', 'פלפלים חריפים', 5, 1467),
(1304, 334, 'Hot mushrooms', 'פטריות חמות', 8, 1468),
(1305, 334, 'Goose breast', 'חזה אווז', 10, 1469),
(1306, 335, 'Fried onion', 'בצל מטוגן', 5, 1470),
(1307, 335, 'Fried egg', 'ביצת עין', 5, 1471),
(1308, 335, 'Spicy felafel', 'פלפלים חריפים', 5, 1472),
(1309, 335, 'Hot mushrooms', 'פטריות חמות', 8, 1473),
(1310, 335, 'Goose breast', 'חזה אווז', 10, 1474),
(1311, 336, 'Fried onion', 'בצל מטוגן', 5, 1475),
(1312, 336, 'Fried egg', 'ביצת עין', 5, 1476),
(1313, 336, 'Spicy felafel', 'פלפלים חריפים', 5, 1477),
(1314, 336, 'Hot mushrooms', 'פטריות חמות', 8, 1478),
(1315, 336, 'Goose breast', 'חזה אווז', 10, 1479),
(1316, 337, 'Fried onion', 'בצל מטוגן', 5, 1480),
(1317, 337, 'Fried egg', 'ביצת עין', 5, 1481),
(1318, 337, 'Spicy felafel', 'פלפלים חריפים', 5, 1482),
(1319, 337, 'Hot mushrooms', 'פטריות חמות', 8, 1483),
(1320, 337, 'Goose breast', 'חזה אווז', 10, 1484),
(1321, 338, 'Fried onion', 'בצל מטוגן', 5, 1485),
(1322, 338, 'Fried egg', 'ביצת עין', 5, 1486),
(1323, 338, 'Spicy felafel', 'פלפלים חריפים', 5, 1487),
(1324, 338, 'Hot mushrooms', 'פטריות חמות', 8, 1488),
(1325, 338, 'Goose breast', 'חזה אווז', 10, 1489),
(1326, 339, 'Fried onion', 'בצל מטוגן', 5, 1490),
(1327, 339, 'Fried egg', 'ביצת עין', 5, 1491),
(1328, 339, 'Spicy felafel', 'פלפלים חריפים', 5, 1492),
(1329, 339, 'Hot mushrooms', 'פטריות חמות', 8, 1493),
(1330, 339, 'Goose breast', 'חזה אווז', 10, 1494),
(1331, 340, 'Fried onion', 'בצל מטוגן', 5, 1495),
(1332, 340, 'Fried egg', 'ביצת עין', 5, 1496),
(1333, 340, 'Spicy felafel', 'פלפלים חריפים', 5, 1497),
(1334, 340, 'Hot mushrooms', 'פטריות חמות', 8, 1498),
(1335, 340, 'Goose breast', 'חזה אווז', 10, 1499),
(1336, 341, 'Fried onion', 'בצל מטוגן', 5, 1500),
(1337, 341, 'Fried egg', 'ביצת עין', 5, 1501),
(1338, 341, 'Spicy felafel', 'פלפלים חריפים', 5, 1502),
(1339, 341, 'Hot mushrooms', 'פטריות חמות', 8, 1503),
(1340, 341, 'Goose breast', 'חזה אווז', 10, 1504),
(1341, 342, 'Fried onion', 'בצל מטוגן', 5, 1505),
(1342, 342, 'Fried egg', 'ביצת עין', 5, 1506),
(1343, 342, 'Spicy felafel', 'פלפלים חריפים', 5, 1507),
(1344, 342, 'Hot mushrooms', 'פטריות חמות', 8, 1508),
(1345, 342, 'Goose breast', 'חזה אווז', 10, 1509),
(1346, 343, 'Fried onion', 'בצל מטוגן', 5, 1510),
(1347, 343, 'Fried egg', 'ביצת עין', 5, 1511),
(1348, 343, 'Spicy felafel', 'פלפלים חריפים', 5, 1512),
(1349, 343, 'Hot mushrooms', 'פטריות חמות', 8, 1513),
(1350, 343, 'Goose breast', 'חזה אווז', 10, 1514),
(1351, 344, 'Fried onion', 'בצל מטוגן', 5, 1515),
(1352, 344, 'Fried egg', 'ביצת עין', 5, 1516),
(1353, 344, 'Spicy felafel', 'פלפלים חריפים', 5, 1517),
(1354, 344, 'Hot mushrooms', 'פטריות חמות', 8, 1518),
(1355, 344, 'Goose breast', 'חזה אווז', 10, 1519),
(1356, 345, 'Fried onion', 'בצל מטוגן', 5, 1520),
(1357, 345, 'Fried egg', 'ביצת עין', 5, 1521),
(1358, 345, 'Spicy felafel', 'פלפלים חריפים', 5, 1522),
(1359, 345, 'Hot mushrooms', 'פטריות חמות', 8, 1523),
(1360, 345, 'Goose breast', 'חזה אווז', 10, 1524),
(1361, 346, 'Fried onion', 'בצל מטוגן', 5, 1525),
(1362, 346, 'Fried egg', 'ביצת עין', 5, 1526),
(1363, 346, 'Spicy felafel', 'פלפלים חריפים', 5, 1527),
(1364, 346, 'Hot mushrooms', 'פטריות חמות', 8, 1528),
(1365, 346, 'Goose breast', 'חזה אווז', 10, 1529),
(1366, 347, 'Fried onion', 'בצל מטוגן', 5, 1530),
(1367, 347, 'Fried egg', 'ביצת עין', 5, 1531),
(1368, 347, 'Spicy felafel', 'פלפלים חריפים', 5, 1532),
(1369, 347, 'Hot mushrooms', 'פטריות חמות', 8, 1533),
(1370, 347, 'Goose breast', 'חזה אווז', 10, 1534),
(1371, 348, 'Fried onion', 'בצל מטוגן', 5, 1535),
(1372, 348, 'Fried egg', 'ביצת עין', 5, 1536),
(1373, 348, 'Spicy felafel', 'פלפלים חריפים', 5, 1537),
(1374, 348, 'Hot mushrooms', 'פטריות חמות', 8, 1538),
(1375, 348, 'Goose breast', 'חזה אווז', 10, 1539),
(1376, 349, 'Fried onion', 'בצל מטוגן', 5, 1540),
(1377, 349, 'Fried egg', 'ביצת עין', 5, 1541),
(1378, 349, 'Spicy felafel', 'פלפלים חריפים', 5, 1542),
(1379, 349, 'Hot mushrooms', 'פטריות חמות', 8, 1543),
(1380, 349, 'Goose breast', 'חזה אווז', 10, 1544),
(1381, 350, 'Fried onion', 'בצל מטוגן', 5, 1545),
(1382, 350, 'Fried egg', 'ביצת עין', 5, 1546),
(1383, 350, 'Spicy felafel', 'פלפלים חריפים', 5, 1547),
(1384, 350, 'Hot mushrooms', 'פטריות חמות', 8, 1548),
(1385, 350, 'Goose breast', 'חזה אווז', 10, 1549),
(1386, 351, 'Fried onion', 'בצל מטוגן', 5, 1550),
(1387, 351, 'Fried egg', 'ביצת עין', 5, 1551),
(1388, 351, 'Spicy felafel', 'פלפלים חריפים', 5, 1552),
(1389, 351, 'Hot mushrooms', 'פטריות חמות', 8, 1553),
(1390, 351, 'Goose breast', 'חזה אווז', 10, 1554),
(1391, 352, 'Fried onion', 'בצל מטוגן', 5, 1555),
(1392, 352, 'Fried egg', 'ביצת עין', 5, 1556),
(1393, 352, 'Spicy felafel', 'פלפלים חריפים', 5, 1557),
(1394, 352, 'Hot mushrooms', 'פטריות חמות', 8, 1558),
(1395, 352, 'Goose breast', 'חזה אווז', 10, 1559),
(1396, 353, 'Fried onion', 'בצל מטוגן', 5, 1560),
(1397, 353, 'Fried egg', 'ביצת עין', 5, 1561),
(1398, 353, 'Spicy felafel', 'פלפלים חריפים', 5, 1562),
(1399, 353, 'Hot mushrooms', 'פטריות חמות', 8, 1563),
(1400, 353, 'Goose breast', 'חזה אווז', 10, 1564),
(1401, 354, 'Fried onion', 'בצל מטוגן', 5, 1565),
(1402, 354, 'Fried egg', 'ביצת עין', 5, 1566),
(1403, 354, 'Spicy felafel', 'פלפלים חריפים', 5, 1567),
(1404, 354, 'Hot mushrooms', 'פטריות חמות', 8, 1568),
(1405, 354, 'Goose breast', 'חזה אווז', 10, 1569),
(1406, 355, 'Fried onion', 'בצל מטוגן', 5, 1570),
(1407, 355, 'Fried egg', 'ביצת עין', 5, 1571),
(1408, 355, 'Spicy felafel', 'פלפלים חריפים', 5, 1572),
(1409, 355, 'Hot mushrooms', 'פטריות חמות', 8, 1573),
(1410, 355, 'Goose breast', 'חזה אווז', 10, 1574),
(1411, 356, 'Fried onion', 'בצל מטוגן', 5, 1575),
(1412, 356, 'Fried egg', 'ביצת עין', 5, 1576),
(1413, 356, 'Spicy felafel', 'פלפלים חריפים', 5, 1577),
(1414, 356, 'Hot mushrooms', 'פטריות חמות', 8, 1578),
(1415, 356, 'Goose breast', 'חזה אווז', 10, 1579),
(1416, 357, 'Fried onion', 'בצל מטוגן', 5, 1580),
(1417, 357, 'Fried egg', 'ביצת עין', 5, 1581),
(1418, 357, 'Spicy felafel', 'פלפלים חריפים', 5, 1582),
(1419, 357, 'Hot mushrooms', 'פטריות חמות', 8, 1583),
(1420, 357, 'Goose breast', 'חזה אווז', 10, 1584),
(1421, 358, 'Fried onion', 'בצל מטוגן', 5, 1585),
(1422, 358, 'Fried egg', 'ביצת עין', 5, 1586),
(1423, 358, 'Spicy felafel', 'פלפלים חריפים', 5, 1587),
(1424, 358, 'Hot mushrooms', 'פטריות חמות', 8, 1588),
(1425, 358, 'Goose breast', 'חזה אווז', 10, 1589),
(1426, 359, 'Fried onion', 'בצל מטוגן', 5, 1590),
(1427, 359, 'Fried egg', 'ביצת עין', 5, 1591),
(1428, 359, 'Spicy felafel', 'פלפלים חריפים', 5, 1592),
(1429, 359, 'Hot mushrooms', 'פטריות חמות', 8, 1593),
(1430, 359, 'Goose breast', 'חזה אווז', 10, 1594),
(1431, 360, 'Fried onion', 'בצל מטוגן', 5, 1595),
(1432, 360, 'Fried egg', 'ביצת עין', 5, 1596),
(1433, 360, 'Spicy felafel', 'פלפלים חריפים', 5, 1597),
(1434, 360, 'Hot mushrooms', 'פטריות חמות', 8, 1598),
(1435, 360, 'Goose breast', 'חזה אווז', 10, 1599),
(1436, 361, 'Fried onion', 'בצל מטוגן', 5, 1600),
(1437, 361, 'Fried egg', 'ביצת עין', 5, 1601),
(1438, 361, 'Spicy felafel', 'פלפלים חריפים', 5, 1602),
(1439, 361, 'Hot mushrooms', 'פטריות חמות', 8, 1603),
(1440, 361, 'Goose breast', 'חזה אווז', 10, 1604),
(1441, 362, 'Fried onion', 'בצל מטוגן', 5, 1605),
(1442, 362, 'Fried egg', 'ביצת עין', 5, 1606),
(1443, 362, 'Spicy felafel', 'פלפלים חריפים', 5, 1607),
(1444, 362, 'Hot mushrooms', 'פטריות חמות', 8, 1608),
(1445, 362, 'Goose breast', 'חזה אווז', 10, 1609),
(1446, 363, 'Fried onion', 'בצל מטוגן', 5, 1610),
(1447, 363, 'Fried egg', 'ביצת עין', 5, 1611),
(1448, 363, 'Spicy felafel', 'פלפלים חריפים', 5, 1612),
(1449, 363, 'Hot mushrooms', 'פטריות חמות', 8, 1613),
(1450, 363, 'Goose breast', 'חזה אווז', 10, 1614),
(1451, 364, 'Fried onion', 'בצל מטוגן', 5, 1615),
(1452, 364, 'Fried egg', 'ביצת עין', 5, 1616),
(1453, 364, 'Spicy felafel', 'פלפלים חריפים', 5, 1617),
(1454, 364, 'Hot mushrooms', 'פטריות חמות', 8, 1618),
(1455, 364, 'Goose breast', 'חזה אווז', 10, 1619),
(1456, 365, 'Fried onion', 'בצל מטוגן', 5, 1620),
(1457, 365, 'Fried egg', 'ביצת עין', 5, 1621),
(1458, 365, 'Spicy felafel', 'פלפלים חריפים', 5, 1622),
(1459, 365, 'Hot mushrooms', 'פטריות חמות', 8, 1623),
(1460, 365, 'Goose breast', 'חזה אווז', 10, 1624),
(1461, 366, 'Fried onion', 'בצל מטוגן', 5, 1625),
(1462, 366, 'Fried egg', 'ביצת עין', 5, 1626),
(1463, 366, 'Spicy felafel', 'פלפלים חריפים', 5, 1627),
(1464, 366, 'Hot mushrooms', 'פטריות חמות', 8, 1628),
(1465, 366, 'Goose breast', 'חזה אווז', 10, 1629),
(1466, 367, 'Fried onion', 'בצל מטוגן', 5, 1630),
(1467, 367, 'Fried egg', 'ביצת עין', 5, 1631),
(1468, 367, 'Spicy felafel', 'פלפלים חריפים', 5, 1632),
(1469, 367, 'Hot mushrooms', 'פטריות חמות', 8, 1633),
(1470, 367, 'Goose breast', 'חזה אווז', 10, 1634),
(1471, 368, 'Fried onion', 'בצל מטוגן', 5, 1635),
(1472, 368, 'Fried egg', 'ביצת עין', 5, 1636),
(1473, 368, 'Spicy felafel', 'פלפלים חריפים', 5, 1637),
(1474, 368, 'Hot mushrooms', 'פטריות חמות', 8, 1638),
(1475, 368, 'Goose breast', 'חזה אווז', 10, 1639),
(1476, 369, 'Fried onion', 'בצל מטוגן', 5, 1640),
(1477, 369, 'Fried egg', 'ביצת עין', 5, 1641),
(1478, 369, 'Spicy felafel', 'פלפלים חריפים', 5, 1642),
(1479, 369, 'Hot mushrooms', 'פטריות חמות', 8, 1643),
(1480, 369, 'Goose breast', 'חזה אווז', 10, 1644),
(1481, 370, 'Green olives', 'זיתים ירוקים', 5, 1645),
(1482, 370, 'black olives', 'זיתים שחורים', 5, 1646),
(1483, 370, 'tuna', 'טונה', 5, 1647),
(1484, 370, 'onion', 'בצל', 5, 1648),
(1485, 370, 'bulgarian cheese', 'בולגרית', 5, 1649),
(1486, 370, 'extra cheese', 'תוספת גבינה', 5, 1650),
(1487, 370, 'sweetcorn', 'תירס', 5, 1651),
(1488, 370, 'spicy felafel', 'פלפל חריף', 5, 1652),
(1489, 370, 'fresh mushrooms', 'פטריות טריות', 5, 1653),
(1490, 370, 'tomatoes', 'עגבניות', 5, 1654),
(1491, 370, 'pineapple', 'אננס', 5, 1655),
(1492, 371, 'Creamy sauce', 'הקרמה', 3, 1656),
(1493, 372, 'Creamy sauce', 'הקרמה', 3, 1657),
(1494, 373, 'Creamy sauce', 'הקרמה', 3, 1658),
(1495, 374, 'Lebane', 'ליווני ', 3, 1659),
(1496, 374, 'Tuna', 'תוספת טונה', 3, 1660),
(1497, 375, 'Pasta penne', 'פסטה פנה', 0, 1661),
(1498, 375, 'Spaghetti', 'ספגטי', 0, 1662),
(1499, 376, 'Pasta penne', 'פסטה פנה', 0, 1663),
(1500, 376, 'Spaghetti', 'ספגטי', 0, 1664),
(1501, 377, 'Pasta penne', 'פסטה פנה', 0, 1665),
(1502, 377, 'Spaghetti', 'ספגטי', 0, 1666),
(1503, 388, 'Upgrade your meal with chips and a drink', 'שידרג לארוחה - צ''יפס + שתיה', 12, 1667),
(1504, 388, 'Upgrade your meal with onion rings and a drink', 'שידרג לארוחה - טבעות בצל + שתיה', 15, 1668),
(1505, 389, 'Upgrade your meal with chips and a drink', 'שידרג לארוחה - צ''יפס + שתיה', 12, 1669),
(1506, 389, 'Upgrade your meal with onion rings and a drink', 'שידרג לארוחה - טבעות בצל + שתיה', 15, 1670),
(1507, 390, 'Upgrade your meal with chips and a drink', 'שידרג לארוחה - צ''יפס + שתיה', 12, 1671),
(1508, 390, 'Upgrade your meal with onion rings and a drink', 'שידרג לארוחה - טבעות בצל + שתיה', 15, 1672),
(1509, 391, 'Upgrade your meal with chips and a drink', 'שידרג לארוחה - צ''יפס + שתיה', 12, 1673),
(1510, 391, 'Upgrade your meal with onion rings and a drink', 'שידרג לארוחה - טבעות בצל + שתיה', 15, 1674),
(1511, 392, 'Upgrade your meal with chips and a drink', 'שידרג לארוחה - צ''יפס + שתיה', 12, 1675),
(1512, 392, 'Upgrade your meal with onion rings and a drink', 'שידרג לארוחה - טבעות בצל + שתיה', 15, 1676),
(1513, 393, 'Upgrade your meal with chips and a drink', 'שידרג לארוחה - צ''יפס + שתיה', 12, 1677),
(1514, 393, 'Upgrade your meal with onion rings and a drink', 'שידרג לארוחה - טבעות בצל + שתיה', 15, 1678),
(1515, 394, 'Upgrade your meal with chips and a drink', 'שידרג לארוחה - צ''יפס + שתיה', 12, 1679),
(1516, 394, 'Upgrade your meal with onion rings and a drink', 'שידרג לארוחה - טבעות בצל + שתיה', 15, 1680),
(1517, 395, 'Upgrade your meal with chips and a drink', 'שידרג לארוחה - צ''יפס + שתיה', 12, 1681),
(1518, 395, 'Upgrade your meal with onion rings and a drink', 'שידרג לארוחה - טבעות בצל + שתיה', 15, 1682),
(1519, 396, 'Upgrade your meal with chips and a drink', 'שידרג לארוחה - צ''יפס + שתיה', 12, 1683),
(1520, 396, 'Upgrade your meal with onion rings and a drink', 'שידרג לארוחה - טבעות בצל + שתיה', 15, 1684),
(1521, 397, 'Upgrade your meal with chips and a drink', 'שידרג לארוחה - צ''יפס + שתיה', 12, 1685),
(1522, 397, 'Upgrade your meal with onion rings and a drink', 'שידרג לארוחה - טבעות בצל + שתיה', 15, 1686),
(1523, 398, 'Upgrade your meal with chips and a drink', 'שידרג לארוחה - צ''יפס + שתיה', 12, 1687),
(1524, 398, 'Upgrade your meal with onion rings and a drink', 'שידרג לארוחה - טבעות בצל + שתיה', 15, 1688),
(1525, 399, 'Upgrade your meal with chips and a drink', 'שידרג לארוחה - צ''יפס + שתיה', 12, 1689),
(1526, 399, 'Upgrade your meal with onion rings and a drink', 'שידרג לארוחה - טבעות בצל + שתיה', 15, 1690),
(1527, 400, 'Upgrade your meal with chips and a drink', 'שידרג לארוחה - צ''יפס + שתיה', 12, 1691),
(1528, 400, 'Upgrade your meal with onion rings and a drink', 'שידרג לארוחה - טבעות בצל + שתיה', 15, 1692),
(1529, 401, 'Upgrade your meal with chips and a drink', 'שידרג לארוחה - צ''יפס + שתיה', 12, 1693),
(1530, 401, 'Upgrade your meal with onion rings and a drink', 'שידרג לארוחה - טבעות בצל + שתיה', 15, 1694),
(1531, 402, 'Upgrade your meal with chips and a drink', 'שידרג לארוחה - צ''יפס + שתיה', 12, 1695),
(1532, 402, 'Upgrade your meal with onion rings and a drink', 'שידרג לארוחה - טבעות בצל + שתיה', 15, 1696),
(1533, 403, 'Upgrade your meal with chips and a drink', 'שידרג לארוחה - צ''יפס + שתיה', 12, 1697),
(1534, 403, 'Upgrade your meal with onion rings and a drink', 'שידרג לארוחה - טבעות בצל + שתיה', 15, 1698),
(1535, 404, 'Upgrade your meal with chips and a drink', 'שידרג לארוחה - צ''יפס + שתיה', 12, 1699),
(1536, 404, 'Upgrade your meal with onion rings and a drink', 'שידרג לארוחה - טבעות בצל + שתיה', 15, 1700),
(1537, 405, 'Upgrade your meal with chips and a drink', 'שידרג לארוחה - צ''יפס + שתיה', 12, 1701),
(1538, 405, 'Upgrade your meal with onion rings and a drink', 'שידרג לארוחה - טבעות בצל + שתיה', 15, 1702),
(1539, 406, 'Upgrade your meal with chips and a drink', 'שידרג לארוחה - צ''יפס + שתיה', 12, 1703),
(1540, 406, 'Upgrade your meal with onion rings and a drink', 'שידרג לארוחה - טבעות בצל + שתיה', 15, 1704),
(1541, 407, 'Upgrade your meal with chips and a drink', 'שידרג לארוחה - צ''יפס + שתיה', 12, 1705),
(1542, 407, 'Upgrade your meal with onion rings and a drink', 'שידרג לארוחה - טבעות בצל + שתיה', 15, 1706),
(1543, 408, 'Upgrade your meal with chips and a drink', 'שידרג לארוחה - צ''יפס + שתיה', 12, 1707),
(1544, 408, 'Upgrade your meal with onion rings and a drink', 'שידרג לארוחה - טבעות בצל + שתיה', 15, 1708),
(1545, 409, 'Upgrade your meal with chips and a drink', 'שידרג לארוחה - צ''יפס + שתיה', 12, 1709),
(1546, 409, 'Upgrade your meal with onion rings and a drink', 'שידרג לארוחה - טבעות בצל + שתיה', 15, 1710),
(1547, 410, 'Upgrade your meal with chips and a drink', 'שידרג לארוחה - צ''יפס + שתיה', 12, 1711),
(1548, 410, 'Upgrade your meal with onion rings and a drink', 'שידרג לארוחה - טבעות בצל + שתיה', 15, 1712),
(1549, 411, 'Upgrade your meal with chips and a drink', 'שידרג לארוחה - צ''יפס + שתיה', 12, 1713),
(1550, 411, 'Upgrade your meal with onion rings and a drink', 'שידרג לארוחה - טבעות בצל + שתיה', 15, 1714),
(1551, 412, 'Upgrade your meal with chips and a drink', 'שידרג לארוחה - צ''יפס + שתיה', 12, 1715),
(1552, 412, 'Upgrade your meal with onion rings and a drink', 'שידרג לארוחה - טבעות בצל + שתיה', 15, 1716),
(1553, 413, 'Upgrade your meal with chips and a drink', 'שידרג לארוחה - צ''יפס + שתיה', 12, 1717),
(1554, 413, 'Upgrade your meal with onion rings and a drink', 'שידרג לארוחה - טבעות בצל + שתיה', 15, 1718),
(1555, 414, 'Upgrade your meal with chips and a drink', 'שידרג לארוחה - צ''יפס + שתיה', 12, 1719),
(1556, 414, 'Upgrade your meal with onion rings and a drink', 'שידרג לארוחה - טבעות בצל + שתיה', 15, 1720),
(1557, 415, 'Upgrade your meal with chips and a drink', 'שידרג לארוחה - צ''יפס + שתיה', 12, 1721),
(1558, 415, 'Upgrade your meal with onion rings and a drink', 'שידרג לארוחה - טבעות בצל + שתיה', 15, 1722),
(1559, 416, 'Upgrade your meal with chips and a drink', 'שידרג לארוחה - צ''יפס + שתיה', 12, 1723),
(1560, 416, 'Upgrade your meal with onion rings and a drink', 'שידרג לארוחה - טבעות בצל + שתיה', 15, 1724),
(1561, 417, 'Upgrade your meal with chips and a drink', 'שידרג לארוחה - צ''יפס + שתיה', 12, 1725),
(1562, 417, 'Upgrade your meal with onion rings and a drink', 'שידרג לארוחה - טבעות בצל + שתיה', 15, 1726),
(1563, 418, 'Upgrade your meal with chips and a drink', 'שידרג לארוחה - צ''יפס + שתיה', 12, 1727),
(1564, 418, 'Upgrade your meal with onion rings and a drink', 'שידרג לארוחה - טבעות בצל + שתיה', 15, 1728),
(1565, 419, ' green olives', 'זיתים ירוקים', 5, 1729),
(1566, 419, 'black olives', 'זיתים שחורים', 5, 1730),
(1567, 419, 'mushrooms', 'פטריות', 5, 1731),
(1568, 419, 'corn', 'תירס', 5, 1732),
(1569, 419, 'onion', 'בצל', 5, 1733),
(1570, 419, 'tomato', 'עגבניות', 5, 1734),
(1571, 419, 'bulgarian cheese', 'בולגרית', 5, 1735),
(1572, 419, 'tuna', 'טונה', 5, 1736),
(1573, 419, 'gamba', 'גמבה', 5, 1737),
(1574, 419, 'hot peper', 'פלפל חריף', 5, 1738),
(1575, 419, 'pineapple', 'אננס', 5, 1739),
(1576, 420, ' green olives', 'זיתים ירוקים', 5, 1740),
(1577, 420, 'black olives', 'זיתים שחורים', 5, 1741),
(1578, 420, 'mushrooms', 'פטריות', 5, 1742),
(1579, 420, 'corn', 'תירס', 5, 1743),
(1580, 420, 'onion', 'בצל', 5, 1744),
(1581, 420, 'tomato', 'עגבניות', 5, 1745),
(1582, 420, 'bulgarian cheese', 'בולגרית', 5, 1746),
(1583, 420, 'tuna', 'טונה', 5, 1747),
(1584, 420, 'gamba', 'גמבה', 5, 1748),
(1585, 420, 'hot peper', 'פלפל חריף', 5, 1749),
(1586, 420, 'pineapple', 'אננס', 5, 1750),
(1587, 421, ' green olives', 'זיתים ירוקים', 5, 1751),
(1588, 421, 'black olives', 'זיתים שחורים', 5, 1752),
(1589, 421, 'mushrooms', 'פטריות', 5, 1753),
(1590, 421, 'corn', 'תירס', 5, 1754),
(1591, 421, 'onion', 'בצל', 5, 1755),
(1592, 421, 'tomato', 'עגבניות', 5, 1756),
(1593, 421, 'bulgarian cheese', 'בולגרית', 5, 1757),
(1594, 421, 'tuna', 'טונה', 5, 1758),
(1595, 421, 'gamba', 'גמבה', 5, 1759),
(1596, 421, 'hot peper', 'פלפל חריף', 5, 1760),
(1597, 421, 'pineapple', 'אננס', 5, 1761),
(1598, 422, ' green olives', 'זיתים ירוקים', 5, 1762),
(1599, 422, 'black olives', 'זיתים שחורים', 5, 1763),
(1600, 422, 'mushrooms', 'פטריות', 5, 1764),
(1601, 422, 'corn', 'תירס', 5, 1765),
(1602, 422, 'onion', 'בצל', 5, 1766),
(1603, 422, 'tomato', 'עגבניות', 5, 1767),
(1604, 422, 'bulgarian cheese', 'בולגרית', 5, 1768),
(1605, 422, 'tuna', 'טונה', 5, 1769),
(1606, 422, 'gamba', 'גמבה', 5, 1770),
(1607, 422, 'hot peper', 'פלפל חריף', 5, 1771),
(1608, 422, 'pineapple', 'אננס', 5, 1772),
(1609, 423, 'With creamy sauce', 'אפשרות הקרמה', 4, 1773),
(1610, 424, 'With creamy sauce', 'אפשרות הקרמה', 4, 1774),
(1611, 425, 'With creamy sauce', 'אפשרות הקרמה', 4, 1775),
(2666, 552, 'Tuna', 'טונה', 0, 1776),
(2667, 552, 'Dennis', 'דניס', 0, 1777),
(2668, 552, 'Salmon', 'סלמון', 0, 1778),
(2669, 553, 'Soya', 'סויה', 0, 1779),
(2670, 553, 'Teriyaki', 'טריאקי', 0, 1780),
(2671, 553, 'Spicy Mayonnaise', 'ספייסי מיונז', 0, 1781),
(2672, 553, 'Ginger', 'ג''ינג''ר', 0, 1782),
(2673, 553, 'Wasabi', 'וואסבי', 0, 1783),
(2674, 554, 'Soya', 'סויה', 0, 1784),
(2675, 554, 'Teriyaki', 'טריאקי', 0, 1785),
(2676, 554, 'Spicy Mayonnaise', 'ספייסי מיונז', 0, 1786),
(2677, 554, 'Ginger', 'ג''ינג''ר', 0, 1787),
(2678, 554, 'Wasabi', 'וואסבי', 0, 1788),
(2679, 555, 'Soya', 'סויה', 0, 1789),
(2680, 555, 'Teriyaki', 'טריאקי', 0, 1790),
(2681, 555, 'Spicy Mayonnaise', 'ספייסי מיונז', 0, 1791),
(2682, 555, 'Ginger', 'ג''ינג''ר', 0, 1792),
(2683, 555, 'Wasabi', 'וואסבי', 0, 1793),
(2684, 556, 'Soya', 'סויה', 0, 1794),
(2685, 556, 'Teriyaki', 'טריאקי', 0, 1795),
(2686, 556, 'Spicy Mayonnaise', 'ספייסי מיונז', 0, 1796),
(2687, 556, 'Ginger', 'ג''ינג''ר', 0, 1797),
(2688, 556, 'Wasabi', 'וואסבי', 0, 1798),
(2689, 557, 'Soya', 'סויה', 0, 1799),
(2690, 557, 'Teriyaki', 'טריאקי', 0, 1800),
(2691, 557, 'Spicy Mayonnaise', 'ספייסי מיונז', 0, 1801),
(2692, 557, 'Ginger', 'ג''ינג''ר', 0, 1802),
(2693, 557, 'Wasabi', 'וואסבי', 0, 1803),
(2694, 558, 'Soya', 'סויה', 0, 1804),
(2695, 558, 'Teriyaki', 'טריאקי', 0, 1805),
(2696, 558, 'Spicy Mayonnaise', 'ספייסי מיונז', 0, 1806),
(2697, 558, 'Ginger', 'ג''ינג''ר', 0, 1807),
(2698, 558, 'Wasabi', 'וואסבי', 0, 1808),
(2699, 559, 'Soya', 'סויה', 0, 1809),
(2700, 559, 'Teriyaki', 'טריאקי', 0, 1810),
(2701, 559, 'Spicy Mayonnaise', 'ספייסי מיונז', 0, 1811),
(2702, 559, 'Ginger', 'ג''ינג''ר', 0, 1812),
(2703, 559, 'Wasabi', 'וואסבי', 0, 1813),
(2704, 560, 'Soya', 'סויה', 0, 1814),
(2705, 560, 'Teriyaki', 'טריאקי', 0, 1815),
(2706, 560, 'Spicy Mayonnaise', 'ספייסי מיונז', 0, 1816),
(2707, 560, 'Ginger', 'ג''ינג''ר', 0, 1817),
(2708, 560, 'Wasabi', 'וואסבי', 0, 1818),
(2709, 561, 'Soya', 'סויה', 0, 1819),
(2710, 561, 'Teriyaki', 'טריאקי', 0, 1820),
(2711, 561, 'Spicy Mayonnaise', 'ספייסי מיונז', 0, 1821),
(2712, 561, 'Ginger', 'ג''ינג''ר', 0, 1822),
(2713, 561, 'Wasabi', 'וואסבי', 0, 1823),
(2714, 562, 'Soya', 'סויה', 0, 1824),
(2715, 562, 'Teriyaki', 'טריאקי', 0, 1825),
(2716, 562, 'Spicy Mayonnaise', 'ספייסי מיונז', 0, 1826),
(2717, 562, 'Ginger', 'ג''ינג''ר', 0, 1827),
(2718, 562, 'Wasabi', 'וואסבי', 0, 1828),
(2719, 563, 'Soya', 'סויה', 0, 1829),
(2720, 563, 'Teriyaki', 'טריאקי', 0, 1830),
(2721, 563, 'Spicy Mayonnaise', 'ספייסי מיונז', 0, 1831),
(2722, 563, 'Ginger', 'ג''ינג''ר', 0, 1832),
(2723, 563, 'Wasabi', 'וואסבי', 0, 1833),
(2724, 564, 'Soya', 'סויה', 0, 1834),
(2725, 564, 'Teriyaki', 'טריאקי', 0, 1835),
(2726, 564, 'Spicy Mayonnaise', 'ספייסי מיונז', 0, 1836),
(2727, 564, 'Ginger', 'ג''ינג''ר', 0, 1837),
(2728, 564, 'Wasabi', 'וואסבי', 0, 1838),
(2729, 565, 'Soya', 'סויה', 0, 1839),
(2730, 565, 'Teriyaki', 'טריאקי', 0, 1840),
(2731, 565, 'Spicy Mayonnaise', 'ספייסי מיונז', 0, 1841),
(2732, 565, 'Ginger', 'ג''ינג''ר', 0, 1842),
(2733, 565, 'Wasabi', 'וואסבי', 0, 1843),
(2734, 566, 'Soya', 'סויה', 0, 1844),
(2735, 566, 'Teriyaki', 'טריאקי', 0, 1845),
(2736, 566, 'Spicy Mayonnaise', 'ספייסי מיונז', 0, 1846),
(2737, 566, 'Ginger', 'ג''ינג''ר', 0, 1847),
(2738, 566, 'Wasabi', 'וואסבי', 0, 1848),
(2739, 567, 'Soya', 'סויה', 0, 1849),
(2740, 567, 'Teriyaki', 'טריאקי', 0, 1850),
(2741, 567, 'Spicy Mayonnaise', 'ספייסי מיונז', 0, 1851),
(2742, 567, 'Ginger', 'ג''ינג''ר', 0, 1852),
(2743, 567, 'Wasabi', 'וואסבי', 0, 1853),
(2744, 568, 'Soya', 'סויה', 0, 1854),
(2745, 568, 'Teriyaki', 'טריאקי', 0, 1855),
(2746, 568, 'Spicy Mayonnaise', 'ספייסי מיונז', 0, 1856),
(2747, 568, 'Ginger', 'ג''ינג''ר', 0, 1857),
(2748, 568, 'Wasabi', 'וואסבי', 0, 1858),
(2749, 569, 'Soya', 'סויה', 0, 1859),
(2750, 569, 'Teriyaki', 'טריאקי', 0, 1860),
(2751, 569, 'Spicy Mayonnaise', 'ספייסי מיונז', 0, 1861),
(2752, 569, 'Ginger', 'ג''ינג''ר', 0, 1862),
(2753, 569, 'Wasabi', 'וואסבי', 0, 1863),
(2754, 570, 'Soya', 'סויה', 0, 1864),
(2755, 570, 'Teriyaki', 'טריאקי', 0, 1865),
(2756, 570, 'Spicy Mayonnaise', 'ספייסי מיונז', 0, 1866),
(2757, 570, 'Ginger', 'ג''ינג''ר', 0, 1867),
(2758, 570, 'Wasabi', 'וואסבי', 0, 1868),
(2759, 571, 'Soya', 'סויה', 0, 1869),
(2760, 571, 'Teriyaki', 'טריאקי', 0, 1870),
(2761, 571, 'Spicy Mayonnaise', 'ספייסי מיונז', 0, 1871),
(2762, 571, 'Ginger', 'ג''ינג''ר', 0, 1872),
(2763, 571, 'Wasabi', 'וואסבי', 0, 1873),
(2764, 572, 'Soya', 'סויה', 0, 1874),
(2765, 572, 'Teriyaki', 'טריאקי', 0, 1875),
(2766, 572, 'Spicy Mayonnaise', 'ספייסי מיונז', 0, 1876),
(2767, 572, 'Ginger', 'ג''ינג''ר', 0, 1877),
(2768, 572, 'Wasabi', 'וואסבי', 0, 1878),
(2769, 573, 'Soya', 'סויה', 0, 1879),
(2770, 573, 'Teriyaki', 'טריאקי', 0, 1880),
(2771, 573, 'Spicy Mayonnaise', 'ספייסי מיונז', 0, 1881),
(2772, 573, 'Ginger', 'ג''ינג''ר', 0, 1882),
(2773, 573, 'Wasabi', 'וואסבי', 0, 1883),
(2774, 574, 'Soya', 'סויה', 0, 1884),
(2775, 574, 'Teriyaki', 'טריאקי', 0, 1885),
(2776, 574, 'Spicy Mayonnaise', 'ספייסי מיונז', 0, 1886),
(2777, 574, 'Ginger', 'ג''ינג''ר', 0, 1887),
(2778, 574, 'Wasabi', 'וואסבי', 0, 1888),
(2779, 575, 'Soya', 'סויה', 0, 1889),
(2780, 575, 'Teriyaki', 'טריאקי', 0, 1890),
(2781, 575, 'Spicy Mayonnaise', 'ספייסי מיונז', 0, 1891),
(2782, 575, 'Ginger', 'ג''ינג''ר', 0, 1892),
(2783, 575, 'Wasabi', 'וואסבי', 0, 1893),
(2784, 576, 'Soya', 'סויה', 0, 1894),
(2785, 576, 'Teriyaki', 'טריאקי', 0, 1895),
(2786, 576, 'Spicy Mayonnaise', 'ספייסי מיונז', 0, 1896),
(2787, 576, 'Ginger', 'ג''ינג''ר', 0, 1897),
(2788, 576, 'Wasabi', 'וואסבי', 0, 1898),
(2789, 577, 'Soya', 'סויה', 0, 1899),
(2790, 577, 'Teriyaki', 'טריאקי', 0, 1900),
(2791, 577, 'Spicy Mayonnaise', 'ספייסי מיונז', 0, 1901),
(2792, 577, 'Ginger', 'ג''ינג''ר', 0, 1902),
(2793, 577, 'Wasabi', 'וואסבי', 0, 1903),
(2794, 578, 'Soya', 'סויה', 0, 1904),
(2795, 578, 'Teriyaki', 'טריאקי', 0, 1905),
(2796, 578, 'Spicy Mayonnaise', 'ספייסי מיונז', 0, 1906),
(2797, 578, 'Ginger', 'ג''ינג''ר', 0, 1907),
(2798, 578, 'Wasabi', 'וואסבי', 0, 1908),
(2799, 579, 'Soya', 'סויה', 0, 1909),
(2800, 579, 'Teriyaki', 'טריאקי', 0, 1910),
(2801, 579, 'Spicy Mayonnaise', 'ספייסי מיונז', 0, 1911),
(2802, 579, 'Ginger', 'ג''ינג''ר', 0, 1912),
(2803, 579, 'Wasabi', 'וואסבי', 0, 1913),
(2804, 580, 'Soya', 'סויה', 0, 1914),
(2805, 580, 'Teriyaki', 'טריאקי', 0, 1915),
(2806, 580, 'Spicy Mayonnaise', 'ספייסי מיונז', 0, 1916),
(2807, 580, 'Ginger', 'ג''ינג''ר', 0, 1917),
(2808, 580, 'Wasabi', 'וואסבי', 0, 1918),
(2809, 581, 'Soya', 'סויה', 0, 1919),
(2810, 581, 'Teriyaki', 'טריאקי', 0, 1920),
(2811, 581, 'Spicy Mayonnaise', 'ספייסי מיונז', 0, 1921),
(2812, 581, 'Ginger', 'ג''ינג''ר', 0, 1922),
(2813, 581, 'Wasabi', 'וואסבי', 0, 1923),
(2814, 582, 'Soya', 'סויה', 0, 1924),
(2815, 582, 'Teriyaki', 'טריאקי', 0, 1925),
(2816, 582, 'Spicy Mayonnaise', 'ספייסי מיונז', 0, 1926),
(2817, 582, 'Ginger', 'ג''ינג''ר', 0, 1927),
(2818, 582, 'Wasabi', 'וואסבי', 0, 1928),
(2819, 583, 'Soya', 'סויה', 0, 1929),
(2820, 583, 'Teriyaki', 'טריאקי', 0, 1930),
(2821, 583, 'Spicy Mayonnaise', 'ספייסי מיונז', 0, 1931),
(2822, 583, 'Ginger', 'ג''ינג''ר', 0, 1932),
(2823, 583, 'Wasabi', 'וואסבי', 0, 1933),
(2824, 584, 'Soya', 'סויה', 0, 1934),
(2825, 584, 'Teriyaki', 'טריאקי', 0, 1935),
(2826, 584, 'Spicy Mayonnaise', 'ספייסי מיונז', 0, 1936),
(2827, 584, 'Ginger', 'ג''ינג''ר', 0, 1937);
INSERT INTO `subitems` (`id`, `extra_id`, `name_en`, `name_he`, `price`, `sort`) VALUES
(2828, 584, 'Wasabi', 'וואסבי', 0, 1938),
(2829, 585, 'Soya', 'סויה', 0, 1939),
(2830, 585, 'Teriyaki', 'טריאקי', 0, 1940),
(2831, 585, 'Spicy Mayonnaise', 'ספייסי מיונז', 0, 1941),
(2832, 585, 'Ginger', 'ג''ינג''ר', 0, 1942),
(2833, 585, 'Wasabi', 'וואסבי', 0, 1943),
(2834, 586, 'Soya', 'סויה', 0, 1944),
(2835, 586, 'Teriyaki', 'טריאקי', 0, 1945),
(2836, 586, 'Spicy Mayonnaise', 'ספייסי מיונז', 0, 1946),
(2837, 586, 'Ginger', 'ג''ינג''ר', 0, 1947),
(2838, 586, 'Wasabi', 'וואסבי', 0, 1948),
(2839, 587, 'Soya', 'סויה', 0, 1949),
(2840, 587, 'Teriyaki', 'טריאקי', 0, 1950),
(2841, 587, 'Spicy Mayonnaise', 'ספייסי מיונז', 0, 1951),
(2842, 587, 'Ginger', 'ג''ינג''ר', 0, 1952),
(2843, 587, 'Wasabi', 'וואסבי', 0, 1953),
(2844, 588, 'Soya', 'סויה', 0, 1954),
(2845, 588, 'Teriyaki', 'טריאקי', 0, 1955),
(2846, 588, 'Spicy Mayonnaise', 'ספייסי מיונז', 0, 1956),
(2847, 588, 'Ginger', 'ג''ינג''ר', 0, 1957),
(2848, 588, 'Wasabi', 'וואסבי', 0, 1958),
(2849, 589, 'Soya', 'סויה', 0, 1959),
(2850, 589, 'Teriyaki', 'טריאקי', 0, 1960),
(2851, 589, 'Spicy Mayonnaise', 'ספייסי מיונז', 0, 1961),
(2852, 589, 'Ginger', 'ג''ינג''ר', 0, 1962),
(2853, 589, 'Wasabi', 'וואסבי', 0, 1963),
(2854, 590, 'Soya', 'סויה', 0, 1964),
(2855, 590, 'Teriyaki', 'טריאקי', 0, 1965),
(2856, 590, 'Spicy Mayonnaise', 'ספייסי מיונז', 0, 1966),
(2857, 590, 'Ginger', 'ג''ינג''ר', 0, 1967),
(2858, 590, 'Wasabi', 'וואסבי', 0, 1968),
(2859, 591, 'Soya', 'סויה', 0, 1969),
(2860, 591, 'Teriyaki', 'טריאקי', 0, 1970),
(2861, 591, 'Spicy Mayonnaise', 'ספייסי מיונז', 0, 1971),
(2862, 591, 'Ginger', 'ג''ינג''ר', 0, 1972),
(2863, 591, 'Wasabi', 'וואסבי', 0, 1973),
(2864, 592, 'Soya', 'סויה', 0, 1974),
(2865, 592, 'Teriyaki', 'טריאקי', 0, 1975),
(2866, 592, 'Spicy Mayonnaise', 'ספייסי מיונז', 0, 1976),
(2867, 592, 'Ginger', 'ג''ינג''ר', 0, 1977),
(2868, 592, 'Wasabi', 'וואסבי', 0, 1978),
(2869, 593, 'Soya', 'סויה', 0, 1979),
(2870, 593, 'Teriyaki', 'טריאקי', 0, 1980),
(2871, 593, 'Spicy Mayonnaise', 'ספייסי מיונז', 0, 1981),
(2872, 593, 'Ginger', 'ג''ינג''ר', 0, 1982),
(2873, 593, 'Wasabi', 'וואסבי', 0, 1983),
(2874, 594, 'Soya', 'סויה', 0, 1984),
(2875, 594, 'Teriyaki', 'טריאקי', 0, 1985),
(2876, 594, 'Spicy Mayonnaise', 'ספייסי מיונז', 0, 1986),
(2877, 594, 'Ginger', 'ג''ינג''ר', 0, 1987),
(2878, 594, 'Wasabi', 'וואסבי', 0, 1988),
(2879, 595, 'Soya', 'סויה', 0, 1989),
(2880, 595, 'Teriyaki', 'טריאקי', 0, 1990),
(2881, 595, 'Spicy Mayonnaise', 'ספייסי מיונז', 0, 1991),
(2882, 595, 'Ginger', 'ג''ינג''ר', 0, 1992),
(2883, 595, 'Wasabi', 'וואסבי', 0, 1993),
(2884, 596, 'Soya', 'סויה', 0, 1994),
(2885, 596, 'Teriyaki', 'טריאקי', 0, 1995),
(2886, 596, 'Spicy Mayonnaise', 'ספייסי מיונז', 0, 1996),
(2887, 596, 'Ginger', 'ג''ינג''ר', 0, 1997),
(2888, 596, 'Wasabi', 'וואסבי', 0, 1998),
(2889, 597, 'Soya', 'סויה', 0, 1999),
(2890, 597, 'Teriyaki', 'טריאקי', 0, 2000),
(2891, 597, 'Spicy Mayonnaise', 'ספייסי מיונז', 0, 2001),
(2892, 597, 'Ginger', 'ג''ינג''ר', 0, 2002),
(2893, 597, 'Wasabi', 'וואסבי', 0, 2003),
(2894, 598, 'Soya', 'סויה', 0, 2004),
(2895, 598, 'Teriyaki', 'טריאקי', 0, 2005),
(2896, 598, 'Spicy Mayonnaise', 'ספייסי מיונז', 0, 2006),
(2897, 598, 'Ginger', 'ג''ינג''ר', 0, 2007),
(2898, 598, 'Wasabi', 'וואסבי', 0, 2008),
(2899, 599, 'Soya', 'סויה', 0, 2009),
(2900, 599, 'Teriyaki', 'טריאקי', 0, 2010),
(2901, 599, 'Spicy Mayonnaise', 'ספייסי מיונז', 0, 2011),
(2902, 599, 'Ginger', 'ג''ינג''ר', 0, 2012),
(2903, 599, 'Wasabi', 'וואסבי', 0, 2013),
(2904, 600, 'Soya', 'סויה', 0, 2014),
(2905, 600, 'Teriyaki', 'טריאקי', 0, 2015),
(2906, 600, 'Spicy Mayonnaise', 'ספייסי מיונז', 0, 2016),
(2907, 600, 'Ginger', 'ג''ינג''ר', 0, 2017),
(2908, 600, 'Wasabi', 'וואסבי', 0, 2018),
(2909, 601, 'Soya', 'סויה', 0, 2019),
(2910, 601, 'Teriyaki', 'טריאקי', 0, 2020),
(2911, 601, 'Spicy Mayonnaise', 'ספייסי מיונז', 0, 2021),
(2912, 601, 'Ginger', 'ג''ינג''ר', 0, 2022),
(2913, 601, 'Wasabi', 'וואסבי', 0, 2023),
(2914, 602, 'Soya', 'סויה', 0, 2024),
(2915, 602, 'Teriyaki', 'טריאקי', 0, 2025),
(2916, 602, 'Spicy Mayonnaise', 'ספייסי מיונז', 0, 2026),
(2917, 602, 'Ginger', 'ג''ינג''ר', 0, 2027),
(2918, 602, 'Wasabi', 'וואסבי', 0, 2028),
(2919, 603, 'Soya', 'סויה', 0, 2029),
(2920, 603, 'Teriyaki', 'טריאקי', 0, 2030),
(2921, 603, 'Spicy Mayonnaise', 'ספייסי מיונז', 0, 2031),
(2922, 603, 'Ginger', 'ג''ינג''ר', 0, 2032),
(2923, 603, 'Wasabi', 'וואסבי', 0, 2033),
(2924, 604, 'Soya', 'סויה', 0, 2034),
(2925, 604, 'Teriyaki', 'טריאקי', 0, 2035),
(2926, 604, 'Spicy Mayonnaise', 'ספייסי מיונז', 0, 2036),
(2927, 604, 'Ginger', 'ג''ינג''ר', 0, 2037),
(2928, 604, 'Wasabi', 'וואסבי', 0, 2038),
(2929, 605, 'Soya', 'סויה', 0, 2039),
(2930, 605, 'Teriyaki', 'טריאקי', 0, 2040),
(2931, 605, 'Spicy Mayonnaise', 'ספייסי מיונז', 0, 2041),
(2932, 605, 'Ginger', 'ג''ינג''ר', 0, 2042),
(2933, 605, 'Wasabi', 'וואסבי', 0, 2043),
(2934, 606, 'Soya', 'סויה', 0, 2044),
(2935, 606, 'Teriyaki', 'טריאקי', 0, 2045),
(2936, 606, 'Spicy Mayonnaise', 'ספייסי מיונז', 0, 2046),
(2937, 606, 'Ginger', 'ג''ינג''ר', 0, 2047),
(2938, 606, 'Wasabi', 'וואסבי', 0, 2048),
(2939, 607, 'Soya', 'סויה', 0, 2049),
(2940, 607, 'Teriyaki', 'טריאקי', 0, 2050),
(2941, 607, 'Spicy Mayonnaise', 'ספייסי מיונז', 0, 2051),
(2942, 607, 'Ginger', 'ג''ינג''ר', 0, 2052),
(2943, 607, 'Wasabi', 'וואסבי', 0, 2053),
(2944, 608, 'Soya', 'סויה', 0, 2054),
(2945, 608, 'Teriyaki', 'טריאקי', 0, 2055),
(2946, 608, 'Spicy Mayonnaise', 'ספייסי מיונז', 0, 2056),
(2947, 608, 'Ginger', 'ג''ינג''ר', 0, 2057),
(2948, 608, 'Wasabi', 'וואסבי', 0, 2058),
(2949, 609, 'Soya', 'סויה', 0, 2059),
(2950, 609, 'Teriyaki', 'טריאקי', 0, 2060),
(2951, 609, 'Spicy Mayonnaise', 'ספייסי מיונז', 0, 2061),
(2952, 609, 'Ginger', 'ג''ינג''ר', 0, 2062),
(2953, 609, 'Wasabi', 'וואסבי', 0, 2063),
(2954, 610, 'Soya', 'סויה', 0, 2064),
(2955, 610, 'Teriyaki', 'טריאקי', 0, 2065),
(2956, 610, 'Spicy Mayonnaise', 'ספייסי מיונז', 0, 2066),
(2957, 610, 'Ginger', 'ג''ינג''ר', 0, 2067),
(2958, 610, 'Wasabi', 'וואסבי', 0, 2068),
(2959, 611, 'Soya', 'סויה', 0, 2069),
(2960, 611, 'Teriyaki', 'טריאקי', 0, 2070),
(2961, 611, 'Spicy Mayonnaise', 'ספייסי מיונז', 0, 2071),
(2962, 611, 'Ginger', 'ג''ינג''ר', 0, 2072),
(2963, 611, 'Wasabi', 'וואסבי', 0, 2073),
(2964, 612, 'Soya', 'סויה', 0, 2074),
(2965, 612, 'Teriyaki', 'טריאקי', 0, 2075),
(2966, 612, 'Spicy Mayonnaise', 'ספייסי מיונז', 0, 2076),
(2967, 612, 'Ginger', 'ג''ינג''ר', 0, 2077),
(2968, 612, 'Wasabi', 'וואסבי', 0, 2078),
(2969, 613, 'Soya', 'סויה', 0, 2079),
(2970, 613, 'Teriyaki', 'טריאקי', 0, 2080),
(2971, 613, 'Spicy Mayonnaise', 'ספייסי מיונז', 0, 2081),
(2972, 613, 'Ginger', 'ג''ינג''ר', 0, 2082),
(2973, 613, 'Wasabi', 'וואסבי', 0, 2083),
(2974, 614, 'Soya', 'סויה', 0, 2084),
(2975, 614, 'Teriyaki', 'טריאקי', 0, 2085),
(2976, 614, 'Spicy Mayonnaise', 'ספייסי מיונז', 0, 2086),
(2977, 614, 'Ginger', 'ג''ינג''ר', 0, 2087),
(2978, 614, 'Wasabi', 'וואסבי', 0, 2088),
(2979, 615, 'Soya', 'סויה', 0, 2089),
(2980, 615, 'Teriyaki', 'טריאקי', 0, 2090),
(2981, 615, 'Spicy Mayonnaise', 'ספייסי מיונז', 0, 2091),
(2982, 615, 'Ginger', 'ג''ינג''ר', 0, 2092),
(2983, 615, 'Wasabi', 'וואסבי', 0, 2093),
(2984, 616, 'Soya', 'סויה', 0, 2094),
(2985, 616, 'Teriyaki', 'טריאקי', 0, 2095),
(2986, 616, 'Spicy Mayonnaise', 'ספייסי מיונז', 0, 2096),
(2987, 616, 'Ginger', 'ג''ינג''ר', 0, 2097),
(2988, 616, 'Wasabi', 'וואסבי', 0, 2098),
(2989, 617, 'Soya', 'סויה', 0, 2099),
(2990, 617, 'Teriyaki', 'טריאקי', 0, 2100),
(2991, 617, 'Spicy Mayonnaise', 'ספייסי מיונז', 0, 2101),
(2992, 617, 'Ginger', 'ג''ינג''ר', 0, 2102),
(2993, 617, 'Wasabi', 'וואסבי', 0, 2103),
(2994, 618, 'Soya', 'סויה', 0, 2104),
(2995, 618, 'Teriyaki', 'טריאקי', 0, 2105),
(2996, 618, 'Spicy Mayonnaise', 'ספייסי מיונז', 0, 2106),
(2997, 618, 'Ginger', 'ג''ינג''ר', 0, 2107),
(2998, 618, 'Wasabi', 'וואסבי', 0, 2108),
(2999, 619, 'Soya', 'סויה', 0, 2109),
(3000, 619, 'Teriyaki', 'טריאקי', 0, 2110),
(3001, 619, 'Spicy Mayonnaise', 'ספייסי מיונז', 0, 2111),
(3002, 619, 'Ginger', 'ג''ינג''ר', 0, 2112),
(3003, 619, 'Wasabi', 'וואסבי', 0, 2113),
(3004, 620, 'Soya', 'סויה', 0, 2114),
(3005, 620, 'Teriyaki', 'טריאקי', 0, 2115),
(3006, 620, 'Spicy Mayonnaise', 'ספייסי מיונז', 0, 2116),
(3007, 620, 'Ginger', 'ג''ינג''ר', 0, 2117),
(3008, 620, 'Wasabi', 'וואסבי', 0, 2118),
(3009, 621, 'Soya', 'סויה', 0, 2119),
(3010, 621, 'Teriyaki', 'טריאקי', 0, 2120),
(3011, 621, 'Spicy Mayonnaise', 'ספייסי מיונז', 0, 2121),
(3012, 621, 'Ginger', 'ג''ינג''ר', 0, 2122),
(3013, 621, 'Wasabi', 'וואסבי', 0, 2123),
(3014, 622, 'Soya', 'סויה', 0, 2124),
(3015, 622, 'Teriyaki', 'טריאקי', 0, 2125),
(3016, 622, 'Spicy Mayonnaise', 'ספייסי מיונז', 0, 2126),
(3017, 622, 'Ginger', 'ג''ינג''ר', 0, 2127),
(3018, 622, 'Wasabi', 'וואסבי', 0, 2128),
(3019, 623, 'Soya', 'סויה', 0, 2129),
(3020, 623, 'Teriyaki', 'טריאקי', 0, 2130),
(3021, 623, 'Spicy Mayonnaise', 'ספייסי מיונז', 0, 2131),
(3022, 623, 'Ginger', 'ג''ינג''ר', 0, 2132),
(3023, 623, 'Wasabi', 'וואסבי', 0, 2133),
(3024, 624, 'Soya', 'סויה', 0, 2134),
(3025, 624, 'Teriyaki', 'טריאקי', 0, 2135),
(3026, 624, 'Spicy Mayonnaise', 'ספייסי מיונז', 0, 2136),
(3027, 624, 'Ginger', 'ג''ינג''ר', 0, 2137),
(3028, 624, 'Wasabi', 'וואסבי', 0, 2138),
(3029, 625, 'Soya', 'סויה', 0, 2139),
(3030, 625, 'Teriyaki', 'טריאקי', 0, 2140),
(3031, 625, 'Spicy Mayonnaise', 'ספייסי מיונז', 0, 2141),
(3032, 625, 'Ginger', 'ג''ינג''ר', 0, 2142),
(3033, 625, 'Wasabi', 'וואסבי', 0, 2143),
(3034, 626, 'Soya', 'סויה', 0, 2144),
(3035, 626, 'Teriyaki', 'טריאקי', 0, 2145),
(3036, 626, 'Spicy Mayonnaise', 'ספייסי מיונז', 0, 2146),
(3037, 626, 'Ginger', 'ג''ינג''ר', 0, 2147),
(3038, 626, 'Wasabi', 'וואסבי', 0, 2148),
(3039, 627, 'Soya', 'סויה', 0, 2149),
(3040, 627, 'Teriyaki', 'טריאקי', 0, 2150),
(3041, 627, 'Spicy Mayonnaise', 'ספייסי מיונז', 0, 2151),
(3042, 627, 'Ginger', 'ג''ינג''ר', 0, 2152),
(3043, 627, 'Wasabi', 'וואסבי', 0, 2153),
(3044, 628, 'Soya', 'סויה', 0, 2154),
(3045, 628, 'Teriyaki', 'טריאקי', 0, 2155),
(3046, 628, 'Spicy Mayonnaise', 'ספייסי מיונז', 0, 2156),
(3047, 628, 'Ginger', 'ג''ינג''ר', 0, 2157),
(3048, 628, 'Wasabi', 'וואסבי', 0, 2158),
(3049, 629, 'Soya', 'סויה', 0, 2159),
(3050, 629, 'Teriyaki', 'טריאקי', 0, 2160),
(3051, 629, 'Spicy Mayonnaise', 'ספייסי מיונז', 0, 2161),
(3052, 629, 'Ginger', 'ג''ינג''ר', 0, 2162),
(3053, 629, 'Wasabi', 'וואסבי', 0, 2163),
(3054, 630, 'Soya', 'סויה', 0, 2164),
(3055, 630, 'Teriyaki', 'טריאקי', 0, 2165),
(3056, 630, 'Spicy Mayonnaise', 'ספייסי מיונז', 0, 2166),
(3057, 630, 'Ginger', 'ג''ינג''ר', 0, 2167),
(3058, 630, 'Wasabi', 'וואסבי', 0, 2168),
(3059, 631, 'Soya', 'סויה', 0, 2169),
(3060, 631, 'Teriyaki', 'טריאקי', 0, 2170),
(3061, 631, 'Spicy Mayonnaise', 'ספייסי מיונז', 0, 2171),
(3062, 631, 'Ginger', 'ג''ינג''ר', 0, 2172),
(3063, 631, 'Wasabi', 'וואסבי', 0, 2173),
(3064, 632, 'Soya', 'סויה', 0, 2174),
(3065, 632, 'Teriyaki', 'טריאקי', 0, 2175),
(3066, 632, 'Spicy Mayonnaise', 'ספייסי מיונז', 0, 2176),
(3067, 632, 'Ginger', 'ג''ינג''ר', 0, 2177),
(3068, 632, 'Wasabi', 'וואסבי', 0, 2178),
(3069, 633, 'Soya', 'סויה', 0, 2179),
(3070, 633, 'Teriyaki', 'טריאקי', 0, 2180),
(3071, 633, 'Spicy Mayonnaise', 'ספייסי מיונז', 0, 2181),
(3072, 633, 'Ginger', 'ג''ינג''ר', 0, 2182),
(3073, 633, 'Wasabi', 'וואסבי', 0, 2183),
(3074, 634, 'Soya', 'סויה', 0, 2184),
(3075, 634, 'Teriyaki', 'טריאקי', 0, 2185),
(3076, 634, 'Spicy Mayonnaise', 'ספייסי מיונז', 0, 2186),
(3077, 634, 'Ginger', 'ג''ינג''ר', 0, 2187),
(3078, 634, 'Wasabi', 'וואסבי', 0, 2188),
(3079, 635, 'Soya', 'סויה', 0, 2189),
(3080, 635, 'Teriyaki', 'טריאקי', 0, 2190),
(3081, 635, 'Spicy Mayonnaise', 'ספייסי מיונז', 0, 2191),
(3082, 635, 'Ginger', 'ג''ינג''ר', 0, 2192),
(3083, 635, 'Wasabi', 'וואסבי', 0, 2193),
(3084, 636, 'Soya', 'סויה', 0, 2194),
(3085, 636, 'Teriyaki', 'טריאקי', 0, 2195),
(3086, 636, 'Spicy Mayonnaise', 'ספייסי מיונז', 0, 2196),
(3087, 636, 'Ginger', 'ג''ינג''ר', 0, 2197),
(3088, 636, 'Wasabi', 'וואסבי', 0, 2198),
(3089, 637, 'Soya', 'סויה', 0, 2199),
(3090, 637, 'Teriyaki', 'טריאקי', 0, 2200),
(3091, 637, 'Spicy Mayonnaise', 'ספייסי מיונז', 0, 2201),
(3092, 637, 'Ginger', 'ג''ינג''ר', 0, 2202),
(3093, 637, 'Wasabi', 'וואסבי', 0, 2203),
(3094, 638, 'Soya', 'סויה', 0, 2204),
(3095, 638, 'Teriyaki', 'טריאקי', 0, 2205),
(3096, 638, 'Spicy Mayonnaise', 'ספייסי מיונז', 0, 2206),
(3097, 638, 'Ginger', 'ג''ינג''ר', 0, 2207),
(3098, 638, 'Wasabi', 'וואסבי', 0, 2208),
(3099, 639, 'Soya', 'סויה', 0, 2209),
(3100, 639, 'Teriyaki', 'טריאקי', 0, 2210),
(3101, 639, 'Spicy Mayonnaise', 'ספייסי מיונז', 0, 2211),
(3102, 639, 'Ginger', 'ג''ינג''ר', 0, 2212),
(3103, 639, 'Wasabi', 'וואסבי', 0, 2213),
(3104, 640, 'Soya', 'סויה', 0, 2214),
(3105, 640, 'Teriyaki', 'טריאקי', 0, 2215),
(3106, 640, 'Spicy Mayonnaise', 'ספייסי מיונז', 0, 2216),
(3107, 640, 'Ginger', 'ג''ינג''ר', 0, 2217),
(3108, 640, 'Wasabi', 'וואסבי', 0, 2218),
(3109, 641, 'Soya', 'סויה', 0, 2219),
(3110, 641, 'Teriyaki', 'טריאקי', 0, 2220),
(3111, 641, 'Spicy Mayonnaise', 'ספייסי מיונז', 0, 2221),
(3112, 641, 'Ginger', 'ג''ינג''ר', 0, 2222),
(3113, 641, 'Wasabi', 'וואסבי', 0, 2223),
(3114, 642, 'Soya', 'סויה', 0, 2224),
(3115, 642, 'Teriyaki', 'טריאקי', 0, 2225),
(3116, 642, 'Spicy Mayonnaise', 'ספייסי מיונז', 0, 2226),
(3117, 642, 'Ginger', 'ג''ינג''ר', 0, 2227),
(3118, 642, 'Wasabi', 'וואסבי', 0, 2228),
(3119, 1, 'Egg', 'ביצה', 4, 105),
(3120, 1, 'portobello mushroom', 'פורטובלו', 4, 106),
(3121, 2, 'Onions', 'בצל', 0, 171),
(3122, 2, 'Pickles', 'חמוצים', 0, 172),
(3123, 2, 'Fried onions', 'בצל מטוגן', 0, 173),
(3124, 2, 'Pickled spicy pepper', 'פלפל חריף כבוש', 0, 174),
(3125, 2, 'Herb', 'עשבי תיבול', 0, 175),
(3126, 35, '50 grams goose breast', 'חזה אווז', 8, 293),
(3127, 35, '150 grams entrecote', 'אטנריקוט', 19, 294),
(3128, 35, '170 grams chicken breast', 'חזה עוף ', 18, 295),
(3129, 35, '80 grams goose liver', 'כבד אווז', 30, 296),
(3130, 35, 'Vegetarian Paid Toppings', 'תוספות צמחוניות מעל לתשלום', 0, 297),
(3131, 35, 'Egg', 'ביצה', 4, 298),
(3132, 35, 'portobello mushroom', 'פורטובלו', 4, 299),
(3133, 36, 'Ketchup', 'קטשופ', 0, 300),
(3134, 36, 'BBQ', 'ברביקיו', 0, 301),
(3135, 36, 'Thousand island', 'אלף האיים', 0, 302),
(3136, 36, 'Garlic Mayo', 'רוטב שום', 0, 303),
(3137, 36, 'Sweet chilli', 'צ''ילי מתוק', 0, 304),
(3138, 36, 'Spicy chilli', 'צ''ילי חריף', 0, 305),
(3139, 36, 'Jalapeño', 'חלפניו', 0, 306),
(3140, 38, '150 grams goose breast or entrecote', 'חזה אווז', 19, 307),
(3141, 38, '\n50 grams goose breast', 'חזה אווז', 8, 308),
(3142, 38, '150 grams entrecote', 'אטנריקוט', 19, 309),
(3143, 38, '170 grams chicken breast', 'חזה עוף ', 18, 310),
(3144, 38, '80 grams goose liver', 'כבד אווז', 30, 311),
(3145, 38, 'Vegetarian Paid Toppings', 'תוספות צמחוניות מעל לתשלום', 0, 312),
(3146, 38, 'Egg', 'ביצה', 4, 313),
(3147, 38, 'portobello mushroom', 'פורטובלו', 4, 314),
(3148, 39, 'Ketchup', 'קטשופ', 0, 315),
(3149, 39, 'BBQ', 'ברביקיו', 0, 316),
(3150, 39, 'Thousand island', 'אלף האיים', 0, 317),
(3151, 39, 'Garlic Mayo', 'רוטב שום', 0, 318),
(3152, 39, 'Sweet chilli', 'צ''ילי מתוק', 0, 319),
(3153, 39, 'Spicy chilli', 'צ''ילי חריף', 0, 320),
(3154, 39, 'Jalapeño', 'חלפניו', 0, 321),
(3155, 643, 'Ketchup', 'קטשופ', 0, 322),
(3156, 643, 'BBQ', 'ברביקיו', 0, 323),
(3157, 643, 'Thousand island', 'אלף האיים', 0, 324),
(3158, 643, 'Garlic Mayo', 'רוטב שום', 0, 325),
(3159, 643, 'Sweet chilli', 'צ''ילי מתוק', 0, 326),
(3160, 643, 'Spicy chilli', 'צ''ילי חריף', 0, 327),
(3161, 643, 'Jalapeño', 'חלפניו', 0, 328),
(3162, 644, 'Ketchup', 'קטשופ', 0, 329),
(3163, 644, 'BBQ', 'ברביקיו', 0, 330),
(3164, 644, 'Thousand island', 'אלף האיים', 0, 331),
(3165, 644, 'Garlic Mayo', 'רוטב שום', 0, 332),
(3166, 644, 'Sweet chilli', 'צ''ילי מתוק', 0, 333),
(3167, 644, 'Spicy chilli', 'צ''ילי חריף', 0, 334),
(3168, 644, 'Jalapeño', 'חלפניו', 0, 335),
(3169, 645, 'Ketchup', 'קטשופ', 0, 336),
(3170, 645, 'BBQ', 'ברביקיו', 0, 337),
(3171, 645, 'Thousand island', 'אלף האיים', 0, 338),
(3172, 645, 'Garlic Mayo', 'רוטב שום', 0, 339),
(3173, 645, 'Sweet chilli', 'צ''ילי מתוק', 0, 340),
(3174, 645, 'Spicy chilli', 'צ''ילי חריף', 0, 341),
(3175, 645, 'Jalapeño', 'חלפניו', 0, 342),
(3176, 646, 'Ketchup', 'קטשופ', 0, 343),
(3177, 646, 'BBQ', 'ברביקיו', 0, 344),
(3178, 646, 'Thousand island', 'אלף האיים', 0, 345),
(3179, 646, 'Garlic Mayo', 'רוטב שום', 0, 346),
(3180, 646, 'Sweet chilli', 'צ''ילי מתוק', 0, 347),
(3181, 646, 'Spicy chilli', 'צ''ילי חריף', 0, 348),
(3182, 646, 'Jalapeño', 'חלפניו', 0, 349),
(3183, 647, 'Ketchup', 'קטשופ', 0, 350),
(3184, 647, 'BBQ', 'ברביקיו', 0, 351),
(3185, 647, 'Thousand island', 'אלף האיים', 0, 352),
(3186, 647, 'Garlic Mayo', 'רוטב שום', 0, 353),
(3187, 647, 'Sweet chilli', 'צ''ילי מתוק', 0, 354),
(3188, 647, 'Spicy chilli', 'צ''ילי חריף', 0, 355),
(3189, 647, 'Jalapeño', 'חלפניו', 0, 356),
(3190, 648, 'Ketchup', 'קטשופ', 0, 357),
(3191, 648, 'BBQ', 'ברביקיו', 0, 358),
(3192, 648, 'Thousand island', 'אלף האיים', 0, 359),
(3193, 648, 'Garlic Mayo', 'רוטב שום', 0, 360),
(3194, 648, 'Sweet chilli', 'צ''ילי מתוק', 0, 361),
(3195, 648, 'Spicy chilli', 'צ''ילי חריף', 0, 362),
(3196, 648, 'Jalapeño', 'חלפניו', 0, 363),
(12001, 1201, 'Individual', 'יחיד', 39, 2229),
(12002, 1201, 'Large', 'גדול', 44, 2230),
(12003, 1202, 'Pickled Lemon Spread', 'ממרח לימון כבוש', 0, 2231),
(12004, 1202, 'Tahini', 'טחינה', 0, 2232),
(12005, 1202, 'Pickles', 'חמוצים', 0, 2233),
(12006, 1202, 'Olives', 'זיתים', 0, 2234),
(12007, 1202, 'Croutons', 'קרוטונים', 0, 2235),
(12008, 1202, 'Pesto', 'פסטו', 0, 2236),
(12009, 1202, 'Spicy Pepper Spread', 'ממרח פלפל צ''ומה', 0, 2237),
(12010, 1203, 'Jala (a mix of roasted soybeans and seeds)', 'ג''עלה', 3, 2238),
(12011, 1203, 'Granola', 'גרנולה', 3, 2239),
(12012, 1203, 'Roasted Pepper', 'פלפל קלוי', 3, 2240),
(12013, 1203, 'Hot Chickpeas', 'גרגירי חומוס חם', 3, 2241),
(12014, 1203, 'Olive Tapenad', 'טפנד זיתים', 3, 2242),
(12015, 1203, 'Avocado Spread', 'ממרח אבוקדו', 3, 2243),
(12016, 1203, 'Peas', 'אפונה', 3, 2244),
(12017, 1203, 'Cream Cheese', 'גבינת שמנת', 3, 2245),
(12018, 1203, 'Hard-Boiled Egg', 'ביצה קשה', 3, 2246),
(12019, 1203, 'Roasted Eggplants', 'חציל קלוי', 3, 2247),
(12020, 1203, 'Low-Fat (5%) Cheese', 'גבינה לבנה רזה %5', 3, 2248),
(12021, 1203, '5% fat Bulgarian Cheese', 'גבינה בולגרית %5', 3, 2249),
(12022, 1203, 'Tofu', 'טופו', 3, 2250),
(12023, 1204, 'Roasted Mushrooms', 'פטריות צלויות', 6, 2251),
(12024, 1204, 'Chemed Cheese 5%', '5% גבינת חמד', 6, 2252),
(12025, 1204, 'Halloumi Cheese', 'גבינת חלומי', 6, 2253),
(12026, 1204, 'Hard Yellow Cheese', 'גבינה צהובה', 6, 2254),
(12027, 1204, 'Pasta', 'פסטה', 6, 2255),
(12028, 1204, 'Tuna', 'טונה', 6, 2256),
(12029, 1204, 'Chickpea Omelet', 'חביתת חומוס', 6, 2257),
(12030, 1204, 'Potato Slices', 'תפוח אדמה', 6, 2258),
(12031, 1204, 'Egg Salad', 'סלט ביצים', 6, 2259),
(12032, 1204, 'Bread & Butter', 'לחם & חמאה', 6, 2260),
(12033, 1205, 'Smoked Salmon (approx. 60 grams)', 'סלמון מעושן כ60 גרם', 10, 2261),
(12034, 1205, 'Sweet Potato Cubes (approx. 100 grams)', 'קוביות בטטה כ100 גרם', 10, 2262),
(12035, 1205, 'Quinoa mix', 'תערובת קינואה', 10, 2263),
(12036, 1205, 'Omelet (2 eggs)', 'חביתה - 2 ביצים', 10, 2264),
(12037, 1206, 'Baked Salmon (approx. 100 grams)', 'סלמון אפוי כ100 גרם', 15, 2265),
(12038, 1207, 'Individual', 'יחיד', 39, 2266),
(12039, 1207, 'Large', 'גדול', 44, 2267),
(12040, 1208, 'Pickled Lemon Spread', 'ממרח לימון כבוש', 0, 2268),
(12041, 1208, 'Tahini', 'טחינה', 0, 2269),
(12042, 1208, 'Pickles', 'חמוצים', 0, 2270),
(12043, 1208, 'Olives', 'זיתים', 0, 2271),
(12044, 1208, 'Croutons', 'קרוטונים', 0, 2272),
(12045, 1208, 'Pesto', 'פסטו', 0, 2273),
(12046, 1208, 'Spicy Pepper Spread', 'ממרח פלפל צ''ומה', 0, 2274),
(12047, 1209, 'Jala (a mix of roasted soybeans and seeds)', 'ג''עלה', 3, 2275),
(12048, 1209, 'Granola', 'גרנולה', 3, 2276),
(12049, 1209, 'Roasted Pepper', 'פלפל קלוי', 3, 2277),
(12050, 1209, 'Hot Chickpeas', 'גרגירי חומוס חם', 3, 2278),
(12051, 1209, 'Olive Tapenad', 'טפנד זיתים', 3, 2279),
(12052, 1209, 'Avocado Spread', 'ממרח אבוקדו', 3, 2280),
(12053, 1209, 'Peas', 'אפונה', 3, 2281),
(12054, 1209, 'Cream Cheese', 'גבינת שמנת', 3, 2282),
(12055, 1209, 'Hard-Boiled Egg', 'ביצה קשה', 3, 2283),
(12056, 1209, 'Roasted Eggplants', 'חציל קלוי', 3, 2284),
(12057, 1209, 'Low-Fat (5%) Cheese', 'גבינה לבנה רזה %5', 3, 2285),
(12058, 1209, '5% fat Bulgarian Cheese', 'גבינה בולגרית %5', 3, 2286),
(12059, 1209, 'Tofu', 'טופו', 3, 2287),
(12060, 1210, 'Roasted Mushrooms', 'פטריות צלויות', 6, 2288),
(12061, 1210, 'Chemed Cheese 5%', '5% גבינת חמד', 6, 2289),
(12062, 1210, 'Halloumi Cheese', 'גבינת חלומי', 6, 2290),
(12063, 1210, 'Hard Yellow Cheese', 'גבינה צהובה', 6, 2291),
(12064, 1210, 'Pasta', 'פסטה', 6, 2292),
(12065, 1210, 'Tuna', 'טונה', 6, 2293),
(12066, 1210, 'Chickpea Omelet', 'חביתת חומוס', 6, 2294),
(12067, 1210, 'Potato Slices', 'תפוח אדמה', 6, 2295),
(12068, 1210, 'Egg Salad', 'סלט ביצים', 6, 2296),
(12069, 1210, 'Bread & Butter', 'לחם & חמאה', 6, 2297),
(12070, 1211, 'Smoked Salmon (approx. 60 grams)', 'סלמון מעושן כ60 גרם', 10, 2298),
(12071, 1211, 'Sweet Potato Cubes (approx. 100 grams)', 'קוביות בטטה כ100 גרם', 10, 2299),
(12072, 1211, 'Quinoa mix', 'תערובת קינואה', 10, 2300),
(12073, 1211, 'Omelet (2 eggs)', 'חביתה - 2 ביצים', 10, 2301),
(12074, 1212, 'Baked Salmon (approx. 100 grams)', 'סלמון אפוי כ100 גרם', 15, 2302),
(12075, 1213, 'Pickled Lemon Spread', 'ממרח לימון כבוש', 0, 2303),
(12076, 1213, 'Tahini', 'טחינה', 0, 2304),
(12077, 1213, 'Pickles', 'חמוצים', 0, 2305),
(12078, 1213, 'Olives', 'זיתים', 0, 2306),
(12079, 1213, 'Croutons', 'קרוטונים', 0, 2307),
(12080, 1213, 'Pesto', 'פסטו', 0, 2308),
(12081, 1213, 'Spicy Pepper Spread', 'ממרח פלפל צ''ומה', 0, 2309),
(12082, 1214, 'Jala (a mix of roasted soybeans and seeds)', 'ג''עלה', 3, 2310),
(12083, 1214, 'Granola', 'גרנולה', 3, 2311),
(12084, 1214, 'Roasted Pepper', 'פלפל קלוי', 3, 2312),
(12085, 1214, 'Hot Chickpeas', 'גרגירי חומוס חם', 3, 2313),
(12086, 1214, 'Olive Tapenad', 'טפנד זיתים', 3, 2314),
(12087, 1214, 'Avocado Spread', 'ממרח אבוקדו', 3, 2315),
(12088, 1214, 'Peas', 'אפונה', 3, 2316),
(12089, 1214, 'Cream Cheese', 'גבינת שמנת', 3, 2317),
(12090, 1214, 'Hard-Boiled Egg', 'ביצה קשה', 3, 2318),
(12091, 1214, 'Roasted Eggplants', 'חציל קלוי', 3, 2319),
(12092, 1214, 'Low-Fat (5%) Cheese', 'גבינה לבנה רזה %5', 3, 2320),
(12093, 1214, '5% fat Bulgarian Cheese', 'גבינה בולגרית %5', 3, 2321),
(12094, 1214, 'Tofu', 'טופו', 3, 2322),
(12095, 1215, 'Roasted Mushrooms', 'פטריות צלויות', 6, 2323),
(12096, 1215, 'Chemed Cheese 5%', '5% גבינת חמד', 6, 2324),
(12097, 1215, 'Halloumi Cheese', 'גבינת חלומי', 6, 2325),
(12098, 1215, 'Hard Yellow Cheese', 'גבינה צהובה', 6, 2326),
(12099, 1215, 'Pasta', 'פסטה', 6, 2327),
(12100, 1215, 'Tuna', 'טונה', 6, 2328),
(12101, 1215, 'Chickpea Omelet', 'חביתת חומוס', 6, 2329),
(12102, 1215, 'Potato Slices', 'תפוח אדמה', 6, 2330),
(12103, 1215, 'Egg Salad', 'סלט ביצים', 6, 2331),
(12104, 1215, 'Bread & Butter', 'לחם & חמאה', 6, 2332),
(12105, 1216, 'Smoked Salmon (approx. 60 grams)', 'סלמון מעושן כ60 גרם', 10, 2333),
(12106, 1216, 'Sweet Potato Cubes (approx. 100 grams)', 'קוביות בטטה כ100 גרם', 10, 2334),
(12107, 1216, 'Quinoa mix', 'תערובת קינואה', 10, 2335),
(12108, 1216, 'Omelet (2 eggs)', 'חביתה - 2 ביצים', 10, 2336),
(12109, 1217, 'Baked Salmon (approx. 100 grams)', 'סלמון אפוי כ100 גרם', 15, 2337),
(12110, 1218, 'Pickled Lemon Spread', 'ממרח לימון כבוש', 0, 2338),
(12111, 1218, 'Tahini', 'טחינה', 0, 2339),
(12112, 1218, 'Pickles', 'חמוצים', 0, 2340),
(12113, 1218, 'Olives', 'זיתים', 0, 2341),
(12114, 1218, 'Croutons', 'קרוטונים', 0, 2342),
(12115, 1218, 'Pesto', 'פסטו', 0, 2343),
(12116, 1218, 'Spicy Pepper Spread', 'ממרח פלפל צ''ומה', 0, 2344),
(12117, 1219, 'Jala (a mix of roasted soybeans and seeds)', 'ג''עלה', 3, 2345),
(12118, 1219, 'Granola', 'גרנולה', 3, 2346),
(12119, 1219, 'Roasted Pepper', 'פלפל קלוי', 3, 2347),
(12120, 1219, 'Hot Chickpeas', 'גרגירי חומוס חם', 3, 2348),
(12121, 1219, 'Olive Tapenad', 'טפנד זיתים', 3, 2349),
(12122, 1219, 'Avocado Spread', 'ממרח אבוקדו', 3, 2350),
(12123, 1219, 'Peas', 'אפונה', 3, 2351),
(12124, 1219, 'Cream Cheese', 'גבינת שמנת', 3, 2352),
(12125, 1219, 'Hard-Boiled Egg', 'ביצה קשה', 3, 2353),
(12126, 1219, 'Roasted Eggplants', 'חציל קלוי', 3, 2354),
(12127, 1219, 'Low-Fat (5%) Cheese', 'גבינה לבנה רזה %5', 3, 2355),
(12128, 1219, '5% fat Bulgarian Cheese', 'גבינה בולגרית %5', 3, 2356),
(12129, 1219, 'Tofu', 'טופו', 3, 2357),
(12130, 1220, 'Roasted Mushrooms', 'פטריות צלויות', 6, 2358),
(12131, 1220, 'Chemed Cheese 5%', '5% גבינת חמד', 6, 2359),
(12132, 1220, 'Halloumi Cheese', 'גבינת חלומי', 6, 2360),
(12133, 1220, 'Hard Yellow Cheese', 'גבינה צהובה', 6, 2361),
(12134, 1220, 'Pasta', 'פסטה', 6, 2362),
(12135, 1220, 'Tuna', 'טונה', 6, 2363),
(12136, 1220, 'Chickpea Omelet', 'חביתת חומוס', 6, 2364),
(12137, 1220, 'Potato Slices', 'תפוח אדמה', 6, 2365),
(12138, 1220, 'Egg Salad', 'סלט ביצים', 6, 2366),
(12139, 1220, 'Bread & Butter', 'לחם & חמאה', 6, 2367),
(12140, 1221, 'Smoked Salmon (approx. 60 grams)', 'סלמון מעושן כ60 גרם', 10, 2368),
(12141, 1221, 'Sweet Potato Cubes (approx. 100 grams)', 'קוביות בטטה כ100 גרם', 10, 2369),
(12142, 1221, 'Quinoa mix', 'תערובת קינואה', 10, 2370),
(12143, 1221, 'Omelet (2 eggs)', 'חביתה - 2 ביצים', 10, 2371),
(12144, 1222, 'Baked Salmon (approx. 100 grams)', 'סלמון אפוי כ100 גרם', 15, 2372),
(12145, 1223, 'Pickled Lemon Spread', 'ממרח לימון כבוש', 0, 2373),
(12146, 1223, 'Tahini', 'טחינה', 0, 2374),
(12147, 1223, 'Pickles', 'חמוצים', 0, 2375),
(12148, 1223, 'Olives', 'זיתים', 0, 2376),
(12149, 1223, 'Croutons', 'קרוטונים', 0, 2377),
(12150, 1223, 'Pesto', 'פסטו', 0, 2378),
(12151, 1223, 'Spicy Pepper Spread', 'ממרח פלפל צ''ומה', 0, 2379),
(12152, 1224, 'Jala (a mix of roasted soybeans and seeds)', 'ג''עלה', 3, 2380),
(12153, 1224, 'Granola', 'גרנולה', 3, 2381),
(12154, 1224, 'Roasted Pepper', 'פלפל קלוי', 3, 2382),
(12155, 1224, 'Hot Chickpeas', 'גרגירי חומוס חם', 3, 2383),
(12156, 1224, 'Olive Tapenad', 'טפנד זיתים', 3, 2384),
(12157, 1224, 'Avocado Spread', 'ממרח אבוקדו', 3, 2385),
(12158, 1224, 'Peas', 'אפונה', 3, 2386),
(12159, 1224, 'Cream Cheese', 'גבינת שמנת', 3, 2387),
(12160, 1224, 'Hard-Boiled Egg', 'ביצה קשה', 3, 2388),
(12161, 1224, 'Roasted Eggplants', 'חציל קלוי', 3, 2389),
(12162, 1224, 'Low-Fat (5%) Cheese', 'גבינה לבנה רזה %5', 3, 2390),
(12163, 1224, '5% fat Bulgarian Cheese', 'גבינה בולגרית %5', 3, 2391),
(12164, 1224, 'Tofu', 'טופו', 3, 2392),
(12165, 1225, 'Roasted Mushrooms', 'פטריות צלויות', 6, 2393),
(12166, 1225, 'Chemed Cheese 5%', '5% גבינת חמד', 6, 2394),
(12167, 1225, 'Halloumi Cheese', 'גבינת חלומי', 6, 2395),
(12168, 1225, 'Hard Yellow Cheese', 'גבינה צהובה', 6, 2396),
(12169, 1225, 'Pasta', 'פסטה', 6, 2397),
(12170, 1225, 'Tuna', 'טונה', 6, 2398),
(12171, 1225, 'Chickpea Omelet', 'חביתת חומוס', 6, 2399),
(12172, 1225, 'Potato Slices', 'תפוח אדמה', 6, 2400),
(12173, 1225, 'Egg Salad', 'סלט ביצים', 6, 2401),
(12174, 1225, 'Bread & Butter', 'לחם & חמאה', 6, 2402),
(12175, 1226, 'Smoked Salmon (approx. 60 grams)', 'סלמון מעושן כ60 גרם', 10, 2403),
(12176, 1226, 'Sweet Potato Cubes (approx. 100 grams)', 'קוביות בטטה כ100 גרם', 10, 2404),
(12177, 1226, 'Quinoa mix', 'תערובת קינואה', 10, 2405),
(12178, 1226, 'Omelet (2 eggs)', 'חביתה - 2 ביצים', 10, 2406),
(12179, 1227, 'Baked Salmon (approx. 100 grams)', 'סלמון אפוי כ100 גרם', 15, 2407),
(12180, 1228, 'Pickled Lemon Spread', 'ממרח לימון כבוש', 0, 2408),
(12181, 1228, 'Tahini', 'טחינה', 0, 2409),
(12182, 1228, 'Pickles', 'חמוצים', 0, 2410),
(12183, 1228, 'Olives', 'זיתים', 0, 2411),
(12184, 1228, 'Croutons', 'קרוטונים', 0, 2412),
(12185, 1228, 'Pesto', 'פסטו', 0, 2413),
(12186, 1228, 'Spicy Pepper Spread', 'ממרח פלפל צ''ומה', 0, 2414),
(12187, 1229, 'Jala (a mix of roasted soybeans and seeds)', 'ג''עלה', 3, 2415),
(12188, 1229, 'Granola', 'גרנולה', 3, 2416),
(12189, 1229, 'Roasted Pepper', 'פלפל קלוי', 3, 2417),
(12190, 1229, 'Hot Chickpeas', 'גרגירי חומוס חם', 3, 2418),
(12191, 1229, 'Olive Tapenad', 'טפנד זיתים', 3, 2419),
(12192, 1229, 'Avocado Spread', 'ממרח אבוקדו', 3, 2420),
(12193, 1229, 'Peas', 'אפונה', 3, 2421),
(12194, 1229, 'Cream Cheese', 'גבינת שמנת', 3, 2422),
(12195, 1229, 'Hard-Boiled Egg', 'ביצה קשה', 3, 2423),
(12196, 1229, 'Roasted Eggplants', 'חציל קלוי', 3, 2424),
(12197, 1229, 'Low-Fat (5%) Cheese', 'גבינה לבנה רזה %5', 3, 2425),
(12198, 1229, '5% fat Bulgarian Cheese', 'גבינה בולגרית %5', 3, 2426),
(12199, 1229, 'Tofu', 'טופו', 3, 2427),
(12200, 1230, 'Roasted Mushrooms', 'פטריות צלויות', 6, 2428),
(12201, 1230, 'Chemed Cheese 5%', '5% גבינת חמד', 6, 2429),
(12202, 1230, 'Halloumi Cheese', 'גבינת חלומי', 6, 2430),
(12203, 1230, 'Hard Yellow Cheese', 'גבינה צהובה', 6, 2431),
(12204, 1230, 'Pasta', 'פסטה', 6, 2432),
(12205, 1230, 'Tuna', 'טונה', 6, 2433),
(12206, 1230, 'Chickpea Omelet', 'חביתת חומוס', 6, 2434),
(12207, 1230, 'Potato Slices', 'תפוח אדמה', 6, 2435),
(12208, 1230, 'Egg Salad', 'סלט ביצים', 6, 2436),
(12209, 1230, 'Bread & Butter', 'לחם & חמאה', 6, 2437),
(12210, 1231, 'Smoked Salmon (approx. 60 grams)', 'סלמון מעושן כ60 גרם', 10, 2438),
(12211, 1231, 'Sweet Potato Cubes (approx. 100 grams)', 'קוביות בטטה כ100 גרם', 10, 2439),
(12212, 1231, 'Quinoa mix', 'תערובת קינואה', 10, 2440),
(12213, 1231, 'Omelet (2 eggs)', 'חביתה - 2 ביצים', 10, 2441),
(12214, 1232, 'Baked Salmon (approx. 100 grams)', 'סלמון אפוי כ100 גרם', 15, 2442),
(12215, 1233, 'Pickled Lemon Spread', 'ממרח לימון כבוש', 0, 2443),
(12216, 1233, 'Tahini', 'טחינה', 0, 2444),
(12217, 1233, 'Pickles', 'חמוצים', 0, 2445),
(12218, 1233, 'Olives', 'זיתים', 0, 2446),
(12219, 1233, 'Croutons', 'קרוטונים', 0, 2447),
(12220, 1233, 'Pesto', 'פסטו', 0, 2448),
(12221, 1233, 'Spicy Pepper Spread', 'ממרח פלפל צ''ומה', 0, 2449),
(12222, 1234, 'Jala (a mix of roasted soybeans and seeds)', 'ג''עלה', 3, 2450),
(12223, 1234, 'Granola', 'גרנולה', 3, 2451),
(12224, 1234, 'Roasted Pepper', 'פלפל קלוי', 3, 2452),
(12225, 1234, 'Hot Chickpeas', 'גרגירי חומוס חם', 3, 2453),
(12226, 1234, 'Olive Tapenad', 'טפנד זיתים', 3, 2454),
(12227, 1234, 'Avocado Spread', 'ממרח אבוקדו', 3, 2455),
(12228, 1234, 'Peas', 'אפונה', 3, 2456),
(12229, 1234, 'Cream Cheese', 'גבינת שמנת', 3, 2457),
(12230, 1234, 'Hard-Boiled Egg', 'ביצה קשה', 3, 2458),
(12231, 1234, 'Roasted Eggplants', 'חציל קלוי', 3, 2459),
(12232, 1234, 'Low-Fat (5%) Cheese', 'גבינה לבנה רזה %5', 3, 2460),
(12233, 1234, '5% fat Bulgarian Cheese', 'גבינה בולגרית %5', 3, 2461),
(12234, 1234, 'Tofu', 'טופו', 3, 2462),
(12235, 1235, 'Roasted Mushrooms', 'פטריות צלויות', 6, 2463),
(12236, 1235, 'Chemed Cheese 5%', '5% גבינת חמד', 6, 2464),
(12237, 1235, 'Halloumi Cheese', 'גבינת חלומי', 6, 2465),
(12238, 1235, 'Hard Yellow Cheese', 'גבינה צהובה', 6, 2466),
(12239, 1235, 'Pasta', 'פסטה', 6, 2467),
(12240, 1235, 'Tuna', 'טונה', 6, 2468),
(12241, 1235, 'Chickpea Omelet', 'חביתת חומוס', 6, 2469),
(12242, 1235, 'Potato Slices', 'תפוח אדמה', 6, 2470),
(12243, 1235, 'Egg Salad', 'סלט ביצים', 6, 2471),
(12244, 1235, 'Bread & Butter', 'לחם & חמאה', 6, 2472),
(12245, 1236, 'Smoked Salmon (approx. 60 grams)', 'סלמון מעושן כ60 גרם', 10, 2473),
(12246, 1236, 'Sweet Potato Cubes (approx. 100 grams)', 'קוביות בטטה כ100 גרם', 10, 2474),
(12247, 1236, 'Quinoa mix', 'תערובת קינואה', 10, 2475),
(12248, 1236, 'Omelet (2 eggs)', 'חביתה - 2 ביצים', 10, 2476),
(12249, 1237, 'Baked Salmon (approx. 100 grams)', 'סלמון אפוי כ100 גרם', 15, 2477),
(12250, 1238, 'Pickled Lemon Spread', 'ממרח לימון כבוש', 0, 2478),
(12251, 1238, 'Tahini', 'טחינה', 0, 2479),
(12252, 1238, 'Pickles', 'חמוצים', 0, 2480),
(12253, 1238, 'Olives', 'זיתים', 0, 2481),
(12254, 1238, 'Croutons', 'קרוטונים', 0, 2482),
(12255, 1238, 'Pesto', 'פסטו', 0, 2483),
(12256, 1238, 'Spicy Pepper Spread', 'ממרח פלפל צ''ומה', 0, 2484),
(12257, 1239, 'Jala (a mix of roasted soybeans and seeds)', 'ג''עלה', 3, 2485),
(12258, 1239, 'Granola', 'גרנולה', 3, 2486),
(12259, 1239, 'Roasted Pepper', 'פלפל קלוי', 3, 2487),
(12260, 1239, 'Hot Chickpeas', 'גרגירי חומוס חם', 3, 2488),
(12261, 1239, 'Olive Tapenad', 'טפנד זיתים', 3, 2489),
(12262, 1239, 'Avocado Spread', 'ממרח אבוקדו', 3, 2490),
(12263, 1239, 'Peas', 'אפונה', 3, 2491),
(12264, 1239, 'Cream Cheese', 'גבינת שמנת', 3, 2492),
(12265, 1239, 'Hard-Boiled Egg', 'ביצה קשה', 3, 2493),
(12266, 1239, 'Roasted Eggplants', 'חציל קלוי', 3, 2494),
(12267, 1239, 'Low-Fat (5%) Cheese', 'גבינה לבנה רזה %5', 3, 2495),
(12268, 1239, '5% fat Bulgarian Cheese', 'גבינה בולגרית %5', 3, 2496),
(12269, 1239, 'Tofu', 'טופו', 3, 2497),
(12270, 1240, 'Roasted Mushrooms', 'פטריות צלויות', 6, 2498),
(12271, 1240, 'Chemed Cheese 5%', '5% גבינת חמד', 6, 2499),
(12272, 1240, 'Halloumi Cheese', 'גבינת חלומי', 6, 2500),
(12273, 1240, 'Hard Yellow Cheese', 'גבינה צהובה', 6, 2501),
(12274, 1240, 'Pasta', 'פסטה', 6, 2502),
(12275, 1240, 'Tuna', 'טונה', 6, 2503),
(12276, 1240, 'Chickpea Omelet', 'חביתת חומוס', 6, 2504),
(12277, 1240, 'Potato Slices', 'תפוח אדמה', 6, 2505),
(12278, 1240, 'Egg Salad', 'סלט ביצים', 6, 2506),
(12279, 1240, 'Bread & Butter', 'לחם & חמאה', 6, 2507),
(12280, 1241, 'Smoked Salmon (approx. 60 grams)', 'סלמון מעושן כ60 גרם', 10, 2508),
(12281, 1241, 'Sweet Potato Cubes (approx. 100 grams)', 'קוביות בטטה כ100 גרם', 10, 2509),
(12282, 1241, 'Quinoa mix', 'תערובת קינואה', 10, 2510),
(12283, 1241, 'Omelet (2 eggs)', 'חביתה - 2 ביצים', 10, 2511),
(12284, 1242, 'Baked Salmon (approx. 100 grams)', 'סלמון אפוי כ100 גרם', 15, 2512),
(12285, 1243, 'Pickled Lemon Spread', 'ממרח לימון כבוש', 0, 2513),
(12286, 1243, 'Tahini', 'טחינה', 0, 2514),
(12287, 1243, 'Pickles', 'חמוצים', 0, 2515),
(12288, 1243, 'Olives', 'זיתים', 0, 2516),
(12289, 1243, 'Croutons', 'קרוטונים', 0, 2517),
(12290, 1243, 'Pesto', 'פסטו', 0, 2518),
(12291, 1243, 'Spicy Pepper Spread', 'ממרח פלפל צ''ומה', 0, 2519),
(12292, 1244, 'Jala (a mix of roasted soybeans and seeds)', 'ג''עלה', 3, 2520),
(12293, 1244, 'Granola', 'גרנולה', 3, 2521),
(12294, 1244, 'Roasted Pepper', 'פלפל קלוי', 3, 2522),
(12295, 1244, 'Hot Chickpeas', 'גרגירי חומוס חם', 3, 2523),
(12296, 1244, 'Olive Tapenad', 'טפנד זיתים', 3, 2524),
(12297, 1244, 'Avocado Spread', 'ממרח אבוקדו', 3, 2525),
(12298, 1244, 'Peas', 'אפונה', 3, 2526),
(12299, 1244, 'Cream Cheese', 'גבינת שמנת', 3, 2527),
(12300, 1244, 'Hard-Boiled Egg', 'ביצה קשה', 3, 2528),
(12301, 1244, 'Roasted Eggplants', 'חציל קלוי', 3, 2529),
(12302, 1244, 'Low-Fat (5%) Cheese', 'גבינה לבנה רזה %5', 3, 2530),
(12303, 1244, '5% fat Bulgarian Cheese', 'גבינה בולגרית %5', 3, 2531),
(12304, 1244, 'Tofu', 'טופו', 3, 2532),
(12305, 1245, 'Roasted Mushrooms', 'פטריות צלויות', 6, 2533),
(12306, 1245, 'Chemed Cheese 5%', '5% גבינת חמד', 6, 2534),
(12307, 1245, 'Halloumi Cheese', 'גבינת חלומי', 6, 2535),
(12308, 1245, 'Hard Yellow Cheese', 'גבינה צהובה', 6, 2536),
(12309, 1245, 'Pasta', 'פסטה', 6, 2537),
(12310, 1245, 'Tuna', 'טונה', 6, 2538),
(12311, 1245, 'Chickpea Omelet', 'חביתת חומוס', 6, 2539),
(12312, 1245, 'Potato Slices', 'תפוח אדמה', 6, 2540),
(12313, 1245, 'Egg Salad', 'סלט ביצים', 6, 2541),
(12314, 1245, 'Bread & Butter', 'לחם & חמאה', 6, 2542),
(12315, 1246, 'Smoked Salmon (approx. 60 grams)', 'סלמון מעושן כ60 גרם', 10, 2543),
(12316, 1246, 'Sweet Potato Cubes (approx. 100 grams)', 'קוביות בטטה כ100 גרם', 10, 2544),
(12317, 1246, 'Quinoa mix', 'תערובת קינואה', 10, 2545),
(12318, 1246, 'Omelet (2 eggs)', 'חביתה - 2 ביצים', 10, 2546),
(12319, 1247, 'Baked Salmon (approx. 100 grams)', 'סלמון אפוי כ100 גרם', 15, 2547),
(12320, 1248, 'Pickled Lemon Spread', 'ממרח לימון כבוש', 0, 2548),
(12321, 1248, 'Tahini', 'טחינה', 0, 2549),
(12322, 1248, 'Pickles', 'חמוצים', 0, 2550),
(12323, 1248, 'Olives', 'זיתים', 0, 2551),
(12324, 1248, 'Croutons', 'קרוטונים', 0, 2552),
(12325, 1248, 'Pesto', 'פסטו', 0, 2553),
(12326, 1248, 'Spicy Pepper Spread', 'ממרח פלפל צ''ומה', 0, 2554),
(12327, 1249, 'Jala (a mix of roasted soybeans and seeds)', 'ג''עלה', 3, 2555),
(12328, 1249, 'Granola', 'גרנולה', 3, 2556),
(12329, 1249, 'Roasted Pepper', 'פלפל קלוי', 3, 2557),
(12330, 1249, 'Hot Chickpeas', 'גרגירי חומוס חם', 3, 2558),
(12331, 1249, 'Olive Tapenad', 'טפנד זיתים', 3, 2559),
(12332, 1249, 'Avocado Spread', 'ממרח אבוקדו', 3, 2560),
(12333, 1249, 'Peas', 'אפונה', 3, 2561),
(12334, 1249, 'Cream Cheese', 'גבינת שמנת', 3, 2562),
(12335, 1249, 'Hard-Boiled Egg', 'ביצה קשה', 3, 2563),
(12336, 1249, 'Roasted Eggplants', 'חציל קלוי', 3, 2564),
(12337, 1249, 'Low-Fat (5%) Cheese', 'גבינה לבנה רזה %5', 3, 2565),
(12338, 1249, '5% fat Bulgarian Cheese', 'גבינה בולגרית %5', 3, 2566),
(12339, 1249, 'Tofu', 'טופו', 3, 2567),
(12340, 1250, 'Roasted Mushrooms', 'פטריות צלויות', 6, 2568),
(12341, 1250, 'Chemed Cheese 5%', '5% גבינת חמד', 6, 2569),
(12342, 1250, 'Halloumi Cheese', 'גבינת חלומי', 6, 2570),
(12343, 1250, 'Hard Yellow Cheese', 'גבינה צהובה', 6, 2571),
(12344, 1250, 'Pasta', 'פסטה', 6, 2572),
(12345, 1250, 'Tuna', 'טונה', 6, 2573),
(12346, 1250, 'Chickpea Omelet', 'חביתת חומוס', 6, 2574),
(12347, 1250, 'Potato Slices', 'תפוח אדמה', 6, 2575),
(12348, 1250, 'Egg Salad', 'סלט ביצים', 6, 2576),
(12349, 1250, 'Bread & Butter', 'לחם & חמאה', 6, 2577),
(12350, 1251, 'Smoked Salmon (approx. 60 grams)', 'סלמון מעושן כ60 גרם', 10, 2578),
(12351, 1251, 'Sweet Potato Cubes (approx. 100 grams)', 'קוביות בטטה כ100 גרם', 10, 2579),
(12352, 1251, 'Quinoa mix', 'תערובת קינואה', 10, 2580),
(12353, 1251, 'Omelet (2 eggs)', 'חביתה - 2 ביצים', 10, 2581),
(12354, 1252, 'Baked Salmon (approx. 100 grams)', 'סלמון אפוי כ100 גרם', 15, 2582),
(12355, 1253, 'Individual', 'יחיד', 36, 2583),
(12356, 1253, 'Large', 'גדול', 41, 2584),
(12357, 1254, 'Pickled Lemon Spread', 'ממרח לימון כבוש', 0, 2585),
(12358, 1254, 'Tahini', 'טחינה', 0, 2586),
(12359, 1254, 'Pickles', 'חמוצים', 0, 2587),
(12360, 1254, 'Olives', 'זיתים', 0, 2588),
(12361, 1254, 'Croutons', 'קרוטונים', 0, 2589),
(12362, 1254, 'Pesto', 'פסטו', 0, 2590),
(12363, 1254, 'Spicy Pepper Spread', 'ממרח פלפל צ''ומה', 0, 2591),
(12364, 1255, 'Jala (a mix of roasted soybeans and seeds)', 'ג''עלה', 3, 2592),
(12365, 1255, 'Granola', 'גרנולה', 3, 2593),
(12366, 1255, 'Roasted Pepper', 'פלפל קלוי', 3, 2594),
(12367, 1255, 'Hot Chickpeas', 'גרגירי חומוס חם', 3, 2595),
(12368, 1255, 'Olive Tapenad', 'טפנד זיתים', 3, 2596),
(12369, 1255, 'Avocado Spread', 'ממרח אבוקדו', 3, 2597),
(12370, 1255, 'Peas', 'אפונה', 3, 2598),
(12371, 1255, 'Cream Cheese', 'גבינת שמנת', 3, 2599),
(12372, 1255, 'Hard-Boiled Egg', 'ביצה קשה', 3, 2600),
(12373, 1255, 'Roasted Eggplants', 'חציל קלוי', 3, 2601),
(12374, 1255, 'Low-Fat (5%) Cheese', 'גבינה לבנה רזה %5', 3, 2602),
(12375, 1255, '5% fat Bulgarian Cheese', 'גבינה בולגרית %5', 3, 2603),
(12376, 1255, 'Tofu', 'טופו', 3, 2604),
(12377, 1256, 'Roasted Mushrooms', 'פטריות צלויות', 6, 2605),
(12378, 1256, 'Chemed Cheese 5%', '5% גבינת חמד', 6, 2606),
(12379, 1256, 'Halloumi Cheese', 'גבינת חלומי', 6, 2607),
(12380, 1256, 'Hard Yellow Cheese', 'גבינה צהובה', 6, 2608),
(12381, 1256, 'Pasta', 'פסטה', 6, 2609),
(12382, 1256, 'Tuna', 'טונה', 6, 2610),
(12383, 1256, 'Chickpea Omelet', 'חביתת חומוס', 6, 2611),
(12384, 1256, 'Potato Slices', 'תפוח אדמה', 6, 2612),
(12385, 1256, 'Egg Salad', 'סלט ביצים', 6, 2613),
(12386, 1256, 'Bread & Butter', 'לחם & חמאה', 6, 2614),
(12387, 1257, 'Smoked Salmon (approx. 60 grams)', 'סלמון מעושן כ60 גרם', 10, 2615),
(12388, 1257, 'Sweet Potato Cubes (approx. 100 grams)', 'קוביות בטטה כ100 גרם', 10, 2616),
(12389, 1257, 'Quinoa mix', 'תערובת קינואה', 10, 2617),
(12390, 1257, 'Omelet (2 eggs)', 'חביתה - 2 ביצים', 10, 2618),
(12391, 1258, 'Baked Salmon (approx. 100 grams)', 'סלמון אפוי כ100 גרם', 15, 2619),
(12392, 1259, 'Individual', 'יחיד', 36, 2620),
(12393, 1259, 'Large', 'גדול', 41, 2621),
(12394, 1260, 'Pickled Lemon Spread', 'ממרח לימון כבוש', 0, 2622),
(12395, 1260, 'Tahini', 'טחינה', 0, 2623),
(12396, 1260, 'Pickles', 'חמוצים', 0, 2624),
(12397, 1260, 'Olives', 'זיתים', 0, 2625),
(12398, 1260, 'Croutons', 'קרוטונים', 0, 2626),
(12399, 1260, 'Pesto', 'פסטו', 0, 2627),
(12400, 1260, 'Spicy Pepper Spread', 'ממרח פלפל צ''ומה', 0, 2628),
(12401, 1261, 'Jala (a mix of roasted soybeans and seeds)', 'ג''עלה', 3, 2629),
(12402, 1261, 'Granola', 'גרנולה', 3, 2630),
(12403, 1261, 'Roasted Pepper', 'פלפל קלוי', 3, 2631),
(12404, 1261, 'Hot Chickpeas', 'גרגירי חומוס חם', 3, 2632),
(12405, 1261, 'Olive Tapenad', 'טפנד זיתים', 3, 2633),
(12406, 1261, 'Avocado Spread', 'ממרח אבוקדו', 3, 2634),
(12407, 1261, 'Peas', 'אפונה', 3, 2635),
(12408, 1261, 'Cream Cheese', 'גבינת שמנת', 3, 2636),
(12409, 1261, 'Hard-Boiled Egg', 'ביצה קשה', 3, 2637),
(12410, 1261, 'Roasted Eggplants', 'חציל קלוי', 3, 2638),
(12411, 1261, 'Low-Fat (5%) Cheese', 'גבינה לבנה רזה %5', 3, 2639),
(12412, 1261, '5% fat Bulgarian Cheese', 'גבינה בולגרית %5', 3, 2640),
(12413, 1261, 'Tofu', 'טופו', 3, 2641),
(12414, 1262, 'Roasted Mushrooms', 'פטריות צלויות', 6, 2642),
(12415, 1262, 'Chemed Cheese 5%', '5% גבינת חמד', 6, 2643),
(12416, 1262, 'Halloumi Cheese', 'גבינת חלומי', 6, 2644),
(12417, 1262, 'Hard Yellow Cheese', 'גבינה צהובה', 6, 2645),
(12418, 1262, 'Pasta', 'פסטה', 6, 2646),
(12419, 1262, 'Tuna', 'טונה', 6, 2647),
(12420, 1262, 'Chickpea Omelet', 'חביתת חומוס', 6, 2648),
(12421, 1262, 'Potato Slices', 'תפוח אדמה', 6, 2649),
(12422, 1262, 'Egg Salad', 'סלט ביצים', 6, 2650),
(12423, 1262, 'Bread & Butter', 'לחם & חמאה', 6, 2651),
(12424, 1263, 'Smoked Salmon (approx. 60 grams)', 'סלמון מעושן כ60 גרם', 10, 2652),
(12425, 1263, 'Sweet Potato Cubes (approx. 100 grams)', 'קוביות בטטה כ100 גרם', 10, 2653),
(12426, 1263, 'Quinoa mix', 'תערובת קינואה', 10, 2654),
(12427, 1263, 'Omelet (2 eggs)', 'חביתה - 2 ביצים', 10, 2655),
(12428, 1264, 'Baked Salmon (approx. 100 grams)', 'סלמון אפוי כ100 גרם', 15, 2656),
(12429, 1265, 'Individual', 'יחיד', 36, 2657),
(12430, 1265, 'Large', 'גדול', 41, 2658),
(12431, 1266, 'Pickled Lemon Spread', 'ממרח לימון כבוש', 0, 2659),
(12432, 1266, 'Tahini', 'טחינה', 0, 2660),
(12433, 1266, 'Pickles', 'חמוצים', 0, 2661),
(12434, 1266, 'Olives', 'זיתים', 0, 2662),
(12435, 1266, 'Croutons', 'קרוטונים', 0, 2663),
(12436, 1266, 'Pesto', 'פסטו', 0, 2664),
(12437, 1266, 'Spicy Pepper Spread', 'ממרח פלפל צ''ומה', 0, 2665),
(12438, 1267, 'Jala (a mix of roasted soybeans and seeds)', 'ג''עלה', 3, 2666),
(12439, 1267, 'Granola', 'גרנולה', 3, 2667),
(12440, 1267, 'Roasted Pepper', 'פלפל קלוי', 3, 2668),
(12441, 1267, 'Hot Chickpeas', 'גרגירי חומוס חם', 3, 2669),
(12442, 1267, 'Olive Tapenad', 'טפנד זיתים', 3, 2670),
(12443, 1267, 'Avocado Spread', 'ממרח אבוקדו', 3, 2671),
(12444, 1267, 'Peas', 'אפונה', 3, 2672),
(12445, 1267, 'Cream Cheese', 'גבינת שמנת', 3, 2673),
(12446, 1267, 'Hard-Boiled Egg', 'ביצה קשה', 3, 2674),
(12447, 1267, 'Roasted Eggplants', 'חציל קלוי', 3, 2675),
(12448, 1267, 'Low-Fat (5%) Cheese', 'גבינה לבנה רזה %5', 3, 2676),
(12449, 1267, '5% fat Bulgarian Cheese', 'גבינה בולגרית %5', 3, 2677),
(12450, 1267, 'Tofu', 'טופו', 3, 2678),
(12451, 1268, 'Roasted Mushrooms', 'פטריות צלויות', 6, 2679),
(12452, 1268, 'Chemed Cheese 5%', '5% גבינת חמד', 6, 2680),
(12453, 1268, 'Halloumi Cheese', 'גבינת חלומי', 6, 2681),
(12454, 1268, 'Hard Yellow Cheese', 'גבינה צהובה', 6, 2682),
(12455, 1268, 'Pasta', 'פסטה', 6, 2683),
(12456, 1268, 'Tuna', 'טונה', 6, 2684),
(12457, 1268, 'Chickpea Omelet', 'חביתת חומוס', 6, 2685),
(12458, 1268, 'Potato Slices', 'תפוח אדמה', 6, 2686),
(12459, 1268, 'Egg Salad', 'סלט ביצים', 6, 2687),
(12460, 1268, 'Bread & Butter', 'לחם & חמאה', 6, 2688),
(12461, 1269, 'Smoked Salmon (approx. 60 grams)', 'סלמון מעושן כ60 גרם', 10, 2689),
(12462, 1269, 'Sweet Potato Cubes (approx. 100 grams)', 'קוביות בטטה כ100 גרם', 10, 2690),
(12463, 1269, 'Quinoa mix', 'תערובת קינואה', 10, 2691),
(12464, 1269, 'Omelet (2 eggs)', 'חביתה - 2 ביצים', 10, 2692),
(12465, 1270, 'Baked Salmon (approx. 100 grams)', 'סלמון אפוי כ100 גרם', 15, 2693),
(12466, 1271, 'Individual', 'יחיד', 33, 2694),
(12467, 1271, 'Large', 'גדול', 38, 2695),
(12468, 1272, 'Pickled Lemon Spread', 'ממרח לימון כבוש', 0, 2696),
(12469, 1272, 'Tahini', 'טחינה', 0, 2697),
(12470, 1272, 'Pickles', 'חמוצים', 0, 2698),
(12471, 1272, 'Olives', 'זיתים', 0, 2699),
(12472, 1272, 'Croutons', 'קרוטונים', 0, 2700),
(12473, 1272, 'Pesto', 'פסטו', 0, 2701),
(12474, 1272, 'Spicy Pepper Spread', 'ממרח פלפל צ''ומה', 0, 2702),
(12475, 1273, 'Jala (a mix of roasted soybeans and seeds)', 'ג''עלה', 3, 2703),
(12476, 1273, 'Granola', 'גרנולה', 3, 2704),
(12477, 1273, 'Roasted Pepper', 'פלפל קלוי', 3, 2705),
(12478, 1273, 'Hot Chickpeas', 'גרגירי חומוס חם', 3, 2706),
(12479, 1273, 'Olive Tapenad', 'טפנד זיתים', 3, 2707),
(12480, 1273, 'Avocado Spread', 'ממרח אבוקדו', 3, 2708),
(12481, 1273, 'Peas', 'אפונה', 3, 2709),
(12482, 1273, 'Cream Cheese', 'גבינת שמנת', 3, 2710),
(12483, 1273, 'Hard-Boiled Egg', 'ביצה קשה', 3, 2711),
(12484, 1273, 'Roasted Eggplants', 'חציל קלוי', 3, 2712),
(12485, 1273, 'Low-Fat (5%) Cheese', 'גבינה לבנה רזה %5', 3, 2713),
(12486, 1273, '5% fat Bulgarian Cheese', 'גבינה בולגרית %5', 3, 2714),
(12487, 1273, 'Tofu', 'טופו', 3, 2715),
(12488, 1274, 'Roasted Mushrooms', 'פטריות צלויות', 6, 2716),
(12489, 1274, 'Chemed Cheese 5%', '5% גבינת חמד', 6, 2717),
(12490, 1274, 'Halloumi Cheese', 'גבינת חלומי', 6, 2718);
INSERT INTO `subitems` (`id`, `extra_id`, `name_en`, `name_he`, `price`, `sort`) VALUES
(12491, 1274, 'Hard Yellow Cheese', 'גבינה צהובה', 6, 2719),
(12492, 1274, 'Pasta', 'פסטה', 6, 2720),
(12493, 1274, 'Tuna', 'טונה', 6, 2721),
(12494, 1274, 'Chickpea Omelet', 'חביתת חומוס', 6, 2722),
(12495, 1274, 'Potato Slices', 'תפוח אדמה', 6, 2723),
(12496, 1274, 'Egg Salad', 'סלט ביצים', 6, 2724),
(12497, 1274, 'Bread & Butter', 'לחם & חמאה', 6, 2725),
(12498, 1275, 'Smoked Salmon (approx. 60 grams)', 'סלמון מעושן כ60 גרם', 10, 2726),
(12499, 1275, 'Sweet Potato Cubes (approx. 100 grams)', 'קוביות בטטה כ100 גרם', 10, 2727),
(12500, 1275, 'Quinoa mix', 'תערובת קינואה', 10, 2728),
(12501, 1275, 'Omelet (2 eggs)', 'חביתה - 2 ביצים', 10, 2729),
(12502, 1276, 'Baked Salmon (approx. 100 grams)', 'סלמון אפוי כ100 גרם', 15, 2730),
(12503, 1277, 'Pickled Lemon Spread', 'ממרח לימון כבוש', 0, 2731),
(12504, 1277, 'Tahini', 'טחינה', 0, 2732),
(12505, 1277, 'Pickles', 'חמוצים', 0, 2733),
(12506, 1277, 'Olives', 'זיתים', 0, 2734),
(12507, 1277, 'Croutons', 'קרוטונים', 0, 2735),
(12508, 1277, 'Pesto', 'פסטו', 0, 2736),
(12509, 1277, 'Spicy Pepper Spread', 'ממרח פלפל צ''ומה', 0, 2737),
(12510, 1278, 'Jala (a mix of roasted soybeans and seeds)', 'ג''עלה', 3, 2738),
(12511, 1278, 'Granola', 'גרנולה', 3, 2739),
(12512, 1278, 'Roasted Pepper', 'פלפל קלוי', 3, 2740),
(12513, 1278, 'Hot Chickpeas', 'גרגירי חומוס חם', 3, 2741),
(12514, 1278, 'Olive Tapenad', 'טפנד זיתים', 3, 2742),
(12515, 1278, 'Avocado Spread', 'ממרח אבוקדו', 3, 2743),
(12516, 1278, 'Peas', 'אפונה', 3, 2744),
(12517, 1278, 'Cream Cheese', 'גבינת שמנת', 3, 2745),
(12518, 1278, 'Hard-Boiled Egg', 'ביצה קשה', 3, 2746),
(12519, 1278, 'Roasted Eggplants', 'חציל קלוי', 3, 2747),
(12520, 1278, 'Low-Fat (5%) Cheese', 'גבינה לבנה רזה %5', 3, 2748),
(12521, 1278, '5% fat Bulgarian Cheese', 'גבינה בולגרית %5', 3, 2749),
(12522, 1278, 'Tofu', 'טופו', 3, 2750),
(12523, 1279, 'Roasted Mushrooms', 'פטריות צלויות', 6, 2751),
(12524, 1279, 'Chemed Cheese 5%', '5% גבינת חמד', 6, 2752),
(12525, 1279, 'Halloumi Cheese', 'גבינת חלומי', 6, 2753),
(12526, 1279, 'Hard Yellow Cheese', 'גבינה צהובה', 6, 2754),
(12527, 1279, 'Pasta', 'פסטה', 6, 2755),
(12528, 1279, 'Tuna', 'טונה', 6, 2756),
(12529, 1279, 'Chickpea Omelet', 'חביתת חומוס', 6, 2757),
(12530, 1279, 'Potato Slices', 'תפוח אדמה', 6, 2758),
(12531, 1279, 'Egg Salad', 'סלט ביצים', 6, 2759),
(12532, 1279, 'Bread & Butter', 'לחם & חמאה', 6, 2760),
(12533, 1280, 'Smoked Salmon (approx. 60 grams)', 'סלמון מעושן כ60 גרם', 10, 2761),
(12534, 1280, 'Sweet Potato Cubes (approx. 100 grams)', 'קוביות בטטה כ100 גרם', 10, 2762),
(12535, 1280, 'Quinoa mix', 'תערובת קינואה', 10, 2763),
(12536, 1280, 'Omelet (2 eggs)', 'חביתה - 2 ביצים', 10, 2764),
(12537, 1281, 'Baked Salmon (approx. 100 grams)', 'סלמון אפוי כ100 גרם', 15, 2765),
(12538, 1282, 'Pickled Lemon Spread', 'ממרח לימון כבוש', 0, 2766),
(12539, 1282, 'Tahini', 'טחינה', 0, 2767),
(12540, 1282, 'Pickles', 'חמוצים', 0, 2768),
(12541, 1282, 'Olives', 'זיתים', 0, 2769),
(12542, 1282, 'Croutons', 'קרוטונים', 0, 2770),
(12543, 1282, 'Pesto', 'פסטו', 0, 2771),
(12544, 1282, 'Spicy Pepper Spread', 'ממרח פלפל צ''ומה', 0, 2772),
(12545, 1283, 'Jala (a mix of roasted soybeans and seeds)', 'ג''עלה', 3, 2773),
(12546, 1283, 'Granola', 'גרנולה', 3, 2774),
(12547, 1283, 'Roasted Pepper', 'פלפל קלוי', 3, 2775),
(12548, 1283, 'Hot Chickpeas', 'גרגירי חומוס חם', 3, 2776),
(12549, 1283, 'Olive Tapenad', 'טפנד זיתים', 3, 2777),
(12550, 1283, 'Avocado Spread', 'ממרח אבוקדו', 3, 2778),
(12551, 1283, 'Peas', 'אפונה', 3, 2779),
(12552, 1283, 'Cream Cheese', 'גבינת שמנת', 3, 2780),
(12553, 1283, 'Hard-Boiled Egg', 'ביצה קשה', 3, 2781),
(12554, 1283, 'Roasted Eggplants', 'חציל קלוי', 3, 2782),
(12555, 1283, 'Low-Fat (5%) Cheese', 'גבינה לבנה רזה %5', 3, 2783),
(12556, 1283, '5% fat Bulgarian Cheese', 'גבינה בולגרית %5', 3, 2784),
(12557, 1283, 'Tofu', 'טופו', 3, 2785),
(12558, 1284, 'Roasted Mushrooms', 'פטריות צלויות', 6, 2786),
(12559, 1284, 'Chemed Cheese 5%', '5% גבינת חמד', 6, 2787),
(12560, 1284, 'Halloumi Cheese', 'גבינת חלומי', 6, 2788),
(12561, 1284, 'Hard Yellow Cheese', 'גבינה צהובה', 6, 2789),
(12562, 1284, 'Pasta', 'פסטה', 6, 2790),
(12563, 1284, 'Tuna', 'טונה', 6, 2791),
(12564, 1284, 'Chickpea Omelet', 'חביתת חומוס', 6, 2792),
(12565, 1284, 'Potato Slices', 'תפוח אדמה', 6, 2793),
(12566, 1284, 'Egg Salad', 'סלט ביצים', 6, 2794),
(12567, 1284, 'Bread & Butter', 'לחם & חמאה', 6, 2795),
(12568, 1285, 'Smoked Salmon (approx. 60 grams)', 'סלמון מעושן כ60 גרם', 10, 2796),
(12569, 1285, 'Sweet Potato Cubes (approx. 100 grams)', 'קוביות בטטה כ100 גרם', 10, 2797),
(12570, 1285, 'Quinoa mix', 'תערובת קינואה', 10, 2798),
(12571, 1285, 'Omelet (2 eggs)', 'חביתה - 2 ביצים', 10, 2799),
(12572, 1286, 'Baked Salmon (approx. 100 grams)', 'סלמון אפוי כ100 גרם', 15, 2800),
(12573, 1287, 'Pickled Lemon Spread', 'ממרח לימון כבוש', 0, 2801),
(12574, 1287, 'Tahini', 'טחינה', 0, 2802),
(12575, 1287, 'Pickles', 'חמוצים', 0, 2803),
(12576, 1287, 'Olives', 'זיתים', 0, 2804),
(12577, 1287, 'Croutons', 'קרוטונים', 0, 2805),
(12578, 1287, 'Pesto', 'פסטו', 0, 2806),
(12579, 1287, 'Spicy Pepper Spread', 'ממרח פלפל צ''ומה', 0, 2807),
(12580, 1288, 'Jala (a mix of roasted soybeans and seeds)', 'ג''עלה', 3, 2808),
(12581, 1288, 'Granola', 'גרנולה', 3, 2809),
(12582, 1288, 'Roasted Pepper', 'פלפל קלוי', 3, 2810),
(12583, 1288, 'Hot Chickpeas', 'גרגירי חומוס חם', 3, 2811),
(12584, 1288, 'Olive Tapenad', 'טפנד זיתים', 3, 2812),
(12585, 1288, 'Avocado Spread', 'ממרח אבוקדו', 3, 2813),
(12586, 1288, 'Peas', 'אפונה', 3, 2814),
(12587, 1288, 'Cream Cheese', 'גבינת שמנת', 3, 2815),
(12588, 1288, 'Hard-Boiled Egg', 'ביצה קשה', 3, 2816),
(12589, 1288, 'Roasted Eggplants', 'חציל קלוי', 3, 2817),
(12590, 1288, 'Low-Fat (5%) Cheese', 'גבינה לבנה רזה %5', 3, 2818),
(12591, 1288, '5% fat Bulgarian Cheese', 'גבינה בולגרית %5', 3, 2819),
(12592, 1288, 'Tofu', 'טופו', 3, 2820),
(12593, 1289, 'Roasted Mushrooms', 'פטריות צלויות', 6, 2821),
(12594, 1289, 'Chemed Cheese 5%', '5% גבינת חמד', 6, 2822),
(12595, 1289, 'Halloumi Cheese', 'גבינת חלומי', 6, 2823),
(12596, 1289, 'Hard Yellow Cheese', 'גבינה צהובה', 6, 2824),
(12597, 1289, 'Pasta', 'פסטה', 6, 2825),
(12598, 1289, 'Tuna', 'טונה', 6, 2826),
(12599, 1289, 'Chickpea Omelet', 'חביתת חומוס', 6, 2827),
(12600, 1289, 'Potato Slices', 'תפוח אדמה', 6, 2828),
(12601, 1289, 'Egg Salad', 'סלט ביצים', 6, 2829),
(12602, 1289, 'Bread & Butter', 'לחם & חמאה', 6, 2830),
(12603, 1290, 'Smoked Salmon (approx. 60 grams)', 'סלמון מעושן כ60 גרם', 10, 2831),
(12604, 1290, 'Sweet Potato Cubes (approx. 100 grams)', 'קוביות בטטה כ100 גרם', 10, 2832),
(12605, 1290, 'Quinoa mix', 'תערובת קינואה', 10, 2833),
(12606, 1290, 'Omelet (2 eggs)', 'חביתה - 2 ביצים', 10, 2834),
(12607, 1291, 'Baked Salmon (approx. 100 grams)', 'סלמון אפוי כ100 גרם', 15, 2835),
(12608, 1292, 'Pickled Lemon Spread', 'ממרח לימון כבוש', 0, 2836),
(12609, 1292, 'Tahini', 'טחינה', 0, 2837),
(12610, 1292, 'Pickles', 'חמוצים', 0, 2838),
(12611, 1292, 'Olives', 'זיתים', 0, 2839),
(12612, 1292, 'Croutons', 'קרוטונים', 0, 2840),
(12613, 1292, 'Pesto', 'פסטו', 0, 2841),
(12614, 1292, 'Spicy Pepper Spread', 'ממרח פלפל צ''ומה', 0, 2842),
(12615, 1293, 'Jala (a mix of roasted soybeans and seeds)', 'ג''עלה', 3, 2843),
(12616, 1293, 'Granola', 'גרנולה', 3, 2844),
(12617, 1293, 'Roasted Pepper', 'פלפל קלוי', 3, 2845),
(12618, 1293, 'Hot Chickpeas', 'גרגירי חומוס חם', 3, 2846),
(12619, 1293, 'Olive Tapenad', 'טפנד זיתים', 3, 2847),
(12620, 1293, 'Avocado Spread', 'ממרח אבוקדו', 3, 2848),
(12621, 1293, 'Peas', 'אפונה', 3, 2849),
(12622, 1293, 'Cream Cheese', 'גבינת שמנת', 3, 2850),
(12623, 1293, 'Hard-Boiled Egg', 'ביצה קשה', 3, 2851),
(12624, 1293, 'Roasted Eggplants', 'חציל קלוי', 3, 2852),
(12625, 1293, 'Low-Fat (5%) Cheese', 'גבינה לבנה רזה %5', 3, 2853),
(12626, 1293, '5% fat Bulgarian Cheese', 'גבינה בולגרית %5', 3, 2854),
(12627, 1293, 'Tofu', 'טופו', 3, 2855),
(12628, 1294, 'Roasted Mushrooms', 'פטריות צלויות', 6, 2856),
(12629, 1294, 'Chemed Cheese 5%', '5% גבינת חמד', 6, 2857),
(12630, 1294, 'Halloumi Cheese', 'גבינת חלומי', 6, 2858),
(12631, 1294, 'Hard Yellow Cheese', 'גבינה צהובה', 6, 2859),
(12632, 1294, 'Pasta', 'פסטה', 6, 2860),
(12633, 1294, 'Tuna', 'טונה', 6, 2861),
(12634, 1294, 'Chickpea Omelet', 'חביתת חומוס', 6, 2862),
(12635, 1294, 'Potato Slices', 'תפוח אדמה', 6, 2863),
(12636, 1294, 'Egg Salad', 'סלט ביצים', 6, 2864),
(12637, 1294, 'Bread & Butter', 'לחם & חמאה', 6, 2865),
(12638, 1295, 'Smoked Salmon (approx. 60 grams)', 'סלמון מעושן כ60 גרם', 10, 2866),
(12639, 1295, 'Sweet Potato Cubes (approx. 100 grams)', 'קוביות בטטה כ100 גרם', 10, 2867),
(12640, 1295, 'Quinoa mix', 'תערובת קינואה', 10, 2868),
(12641, 1295, 'Omelet (2 eggs)', 'חביתה - 2 ביצים', 10, 2869),
(12642, 1296, 'Baked Salmon (approx. 100 grams)', 'סלמון אפוי כ100 גרם', 15, 2870),
(12643, 1297, 'Pickled Lemon Spread', 'ממרח לימון כבוש', 0, 2871),
(12644, 1297, 'Tahini', 'טחינה', 0, 2872),
(12645, 1297, 'Pickles', 'חמוצים', 0, 2873),
(12646, 1297, 'Olives', 'זיתים', 0, 2874),
(12647, 1297, 'Croutons', 'קרוטונים', 0, 2875),
(12648, 1297, 'Pesto', 'פסטו', 0, 2876),
(12649, 1297, 'Spicy Pepper Spread', 'ממרח פלפל צ''ומה', 0, 2877),
(12650, 1298, 'Jala (a mix of roasted soybeans and seeds)', 'ג''עלה', 3, 2878),
(12651, 1298, 'Granola', 'גרנולה', 3, 2879),
(12652, 1298, 'Roasted Pepper', 'פלפל קלוי', 3, 2880),
(12653, 1298, 'Hot Chickpeas', 'גרגירי חומוס חם', 3, 2881),
(12654, 1298, 'Olive Tapenad', 'טפנד זיתים', 3, 2882),
(12655, 1298, 'Avocado Spread', 'ממרח אבוקדו', 3, 2883),
(12656, 1298, 'Peas', 'אפונה', 3, 2884),
(12657, 1298, 'Cream Cheese', 'גבינת שמנת', 3, 2885),
(12658, 1298, 'Hard-Boiled Egg', 'ביצה קשה', 3, 2886),
(12659, 1298, 'Roasted Eggplants', 'חציל קלוי', 3, 2887),
(12660, 1298, 'Low-Fat (5%) Cheese', 'גבינה לבנה רזה %5', 3, 2888),
(12661, 1298, '5% fat Bulgarian Cheese', 'גבינה בולגרית %5', 3, 2889),
(12662, 1298, 'Tofu', 'טופו', 3, 2890),
(12663, 1299, 'Roasted Mushrooms', 'פטריות צלויות', 6, 2891),
(12664, 1299, 'Chemed Cheese 5%', '5% גבינת חמד', 6, 2892),
(12665, 1299, 'Halloumi Cheese', 'גבינת חלומי', 6, 2893),
(12666, 1299, 'Hard Yellow Cheese', 'גבינה צהובה', 6, 2894),
(12667, 1299, 'Pasta', 'פסטה', 6, 2895),
(12668, 1299, 'Tuna', 'טונה', 6, 2896),
(12669, 1299, 'Chickpea Omelet', 'חביתת חומוס', 6, 2897),
(12670, 1299, 'Potato Slices', 'תפוח אדמה', 6, 2898),
(12671, 1299, 'Egg Salad', 'סלט ביצים', 6, 2899),
(12672, 1299, 'Bread & Butter', 'לחם & חמאה', 6, 2900),
(12673, 1300, 'Smoked Salmon (approx. 60 grams)', 'סלמון מעושן כ60 גרם', 10, 2901),
(12674, 1300, 'Sweet Potato Cubes (approx. 100 grams)', 'קוביות בטטה כ100 גרם', 10, 2902),
(12675, 1300, 'Quinoa mix', 'תערובת קינואה', 10, 2903),
(12676, 1300, 'Omelet (2 eggs)', 'חביתה - 2 ביצים', 10, 2904),
(12677, 1301, 'Baked Salmon (approx. 100 grams)', 'סלמון אפוי כ100 גרם', 15, 2905),
(12678, 1302, 'Pickled Lemon Spread', 'ממרח לימון כבוש', 0, 2906),
(12679, 1302, 'Tahini', 'טחינה', 0, 2907),
(12680, 1302, 'Pickles', 'חמוצים', 0, 2908),
(12681, 1302, 'Olives', 'זיתים', 0, 2909),
(12682, 1302, 'Croutons', 'קרוטונים', 0, 2910),
(12683, 1302, 'Pesto', 'פסטו', 0, 2911),
(12684, 1302, 'Spicy Pepper Spread', 'ממרח פלפל צ''ומה', 0, 2912),
(12685, 1303, 'Jala (a mix of roasted soybeans and seeds)', 'ג''עלה', 3, 2913),
(12686, 1303, 'Granola', 'גרנולה', 3, 2914),
(12687, 1303, 'Roasted Pepper', 'פלפל קלוי', 3, 2915),
(12688, 1303, 'Hot Chickpeas', 'גרגירי חומוס חם', 3, 2916),
(12689, 1303, 'Olive Tapenad', 'טפנד זיתים', 3, 2917),
(12690, 1303, 'Avocado Spread', 'ממרח אבוקדו', 3, 2918),
(12691, 1303, 'Peas', 'אפונה', 3, 2919),
(12692, 1303, 'Cream Cheese', 'גבינת שמנת', 3, 2920),
(12693, 1303, 'Hard-Boiled Egg', 'ביצה קשה', 3, 2921),
(12694, 1303, 'Roasted Eggplants', 'חציל קלוי', 3, 2922),
(12695, 1303, 'Low-Fat (5%) Cheese', 'גבינה לבנה רזה %5', 3, 2923),
(12696, 1303, '5% fat Bulgarian Cheese', 'גבינה בולגרית %5', 3, 2924),
(12697, 1303, 'Tofu', 'טופו', 3, 2925),
(12698, 1304, 'Roasted Mushrooms', 'פטריות צלויות', 6, 2926),
(12699, 1304, 'Chemed Cheese 5%', '5% גבינת חמד', 6, 2927),
(12700, 1304, 'Halloumi Cheese', 'גבינת חלומי', 6, 2928),
(12701, 1304, 'Hard Yellow Cheese', 'גבינה צהובה', 6, 2929),
(12702, 1304, 'Pasta', 'פסטה', 6, 2930),
(12703, 1304, 'Tuna', 'טונה', 6, 2931),
(12704, 1304, 'Chickpea Omelet', 'חביתת חומוס', 6, 2932),
(12705, 1304, 'Potato Slices', 'תפוח אדמה', 6, 2933),
(12706, 1304, 'Egg Salad', 'סלט ביצים', 6, 2934),
(12707, 1304, 'Bread & Butter', 'לחם & חמאה', 6, 2935),
(12708, 1305, 'Smoked Salmon (approx. 60 grams)', 'סלמון מעושן כ60 גרם', 10, 2936),
(12709, 1305, 'Sweet Potato Cubes (approx. 100 grams)', 'קוביות בטטה כ100 גרם', 10, 2937),
(12710, 1305, 'Quinoa mix', 'תערובת קינואה', 10, 2938),
(12711, 1305, 'Omelet (2 eggs)', 'חביתה - 2 ביצים', 10, 2939),
(12712, 1306, 'Baked Salmon (approx. 100 grams)', 'סלמון אפוי כ100 גרם', 15, 2940),
(12713, 1307, 'Chocolate', 'שוקולד', 0, 2941),
(12714, 1307, 'Butter', 'חמאה', 0, 2942),
(12715, 1308, 'Chocolate', 'שוקולד', 0, 2943),
(12716, 1308, 'Butter', 'חמאה', 0, 2944),
(12717, 1309, 'Single', 'יחיד', 3, 2945),
(12718, 1309, 'Couple', 'זוג', 5, 2946),
(12719, 1310, 'Single', 'יחיד', 2, 2947),
(12720, 1310, 'Couple', 'זוג', 5, 2948),
(12721, 1311, '1%', '1%', 0, 2949),
(12722, 1311, '3%', '3%', 0, 2950),
(12723, 1311, 'Soya', 'סויה', 0, 2951),
(12724, 1312, '1%', '1%', 0, 2952),
(12725, 1312, '3%', '3%', 0, 2953),
(12726, 1312, 'Soya', 'סויה', 0, 2954),
(12727, 1313, '1%', '1%', 0, 2955),
(12728, 1313, '3%', '3%', 0, 2956),
(12729, 1313, 'Soya', 'סויה', 0, 2957),
(12730, 1314, '1%', '1%', 0, 2958),
(12731, 1314, '3%', '3%', 0, 2959),
(12732, 1314, 'Soya', 'סויה', 0, 2960),
(12733, 1315, '1%', '1%', 0, 2961),
(12734, 1315, '3%', '3%', 0, 2962),
(12735, 1315, 'Soya', 'סויה', 0, 2963),
(12736, 1316, '1%', '1%', 0, 2964),
(12737, 1316, '3%', '3%', 0, 2965),
(12738, 1316, 'Soya', 'סויה', 0, 2966),
(12739, 1317, '1%', '1%', 0, 2967),
(12740, 1317, '3%', '3%', 0, 2968),
(12741, 1317, 'Soya', 'סויה', 0, 2969),
(12742, 1318, '1%', '1%', 0, 2970),
(12743, 1318, '3%', '3%', 0, 2971),
(12744, 1318, 'Soya', 'סויה', 0, 2972),
(12745, 1319, '1%', '1%', 0, 2973),
(12746, 1319, '3%', '3%', 0, 2974),
(12747, 1319, 'Soya', 'סויה', 0, 2975),
(12748, 1320, '1%', '1%', 0, 2976),
(12749, 1320, '3%', '3%', 0, 2977),
(12750, 1320, 'Soya', 'סויה', 0, 2978),
(12751, 1321, '1%', '1%', 0, 2979),
(12752, 1321, '3%', '3%', 0, 2980),
(12753, 1321, 'Soya', 'סויה', 0, 2981),
(12754, 1322, '1%', '1%', 0, 2982),
(12755, 1322, '3%', '3%', 0, 2983),
(12756, 1322, 'Soya', 'סויה', 0, 2984),
(12757, 1323, '1%', '1%', 0, 2985),
(12758, 1323, '3%', '3%', 0, 2986),
(12759, 1323, 'Soya', 'סויה', 0, 2987),
(12760, 1324, '1%', '1%', 0, 2988),
(12761, 1324, '3%', '3%', 0, 2989),
(12762, 1324, 'Soya', 'סויה', 0, 2990),
(12763, 1325, '1%', '1%', 0, 2991),
(12764, 1325, '3%', '3%', 0, 2992),
(12765, 1325, 'Soya', 'סויה', 0, 2993),
(12766, 1326, 'Peach', 'אפרסק', 0, 2994),
(12767, 1326, 'Grapes', 'ענבים', 0, 2995),
(12768, 1326, 'Apple', 'תפוח', 0, 2996),
(12769, 1327, 'Small', 'קטן', 14, 2997),
(12770, 1327, 'Large', 'גדול', 17, 2998),
(12771, 1328, 'Small', 'קטן', 14, 2999),
(12772, 1328, 'Large', 'גדול', 17, 3000),
(12773, 1329, 'Small', 'קטן', 14, 3001),
(12774, 1329, 'Large', 'גדול', 17, 3002),
(12775, 1330, 'Small', 'קטן', 14, 3003),
(12776, 1330, 'Large', 'גדול', 17, 3004),
(12777, 1331, 'Small', 'קטן', 16, 3005),
(12778, 1331, 'Large', 'גדול', 19, 3006),
(12779, 1332, 'Small', 'קטן', 18, 3007),
(12780, 1332, 'Large', 'גדול', 21, 3008),
(12781, 1333, 'Small', 'קטן', 12, 3009),
(12782, 1333, 'Large', 'גדול', 14, 3010),
(12783, 1334, 'Water', 'מים', 0, 3011),
(12784, 1334, '1% Milk', 'חלב 1%', 0, 3012),
(12785, 1334, '3% Milk', 'חלב 3%', 0, 3013),
(12786, 1334, 'Orange Juice', 'מיץ תפוזים', 0, 3014),
(12787, 1335, 'Strawberry', 'תות', 0, 3015),
(12788, 1335, 'Banana', 'בננה', 0, 3016),
(12789, 1335, 'Mango', 'מנגו', 0, 3017),
(12790, 1335, 'Date', 'תמר', 0, 3018),
(12791, 1336, 'Half Sandwich', 'חצי כריך', 19, 3019),
(12792, 1336, 'Full Sandwich', 'כריך שלם', 33, 3020),
(12793, 1337, 'Pickled Lemon Spread', 'ממרח לימון כבוש', 0, 3021),
(12794, 1337, 'Tahini', 'טחינה', 0, 3022),
(12795, 1337, 'Pickles', 'חמוצים', 0, 3023),
(12796, 1337, 'Olives', 'זיתים', 0, 3024),
(12797, 1337, 'Croutons', 'קרוטונים', 0, 3025),
(12798, 1337, 'Pesto', 'פסטו', 0, 3026),
(12799, 1337, 'Spicy Pepper Spread', 'ממרח פלפל צ''ומה', 0, 3027),
(12800, 1338, 'Jala (a mix of roasted soybeans and seeds)', 'ג''עלה', 22, 3028),
(12801, 1338, 'Granola', 'גרנולה', 22, 3029),
(12802, 1338, 'Roasted Pepper', 'פלפל קלוי', 22, 3030),
(12803, 1338, 'Hot Chickpeas', 'גרגירי חומוס חם', 22, 3031),
(12804, 1338, 'Olive Tapenad', 'טפנד זיתים', 22, 3032),
(12805, 1338, 'Avocado Spread', 'ממרח אבוקדו', 22, 3033),
(12806, 1338, 'Peas', 'אפונה', 22, 3034),
(12807, 1338, 'Cream Cheese', 'גבינת שמנת', 22, 3035),
(12808, 1338, 'Hard-Boiled Egg', 'ביצה קשה', 22, 3036),
(12809, 1338, 'Roasted Eggplants', 'חציל קלוי', 22, 3037),
(12810, 1338, 'Low-Fat (5%) Cheese', 'גבינה לבנה רזה %5', 22, 3038),
(12811, 1338, '5% fat Bulgarian Cheese', 'גבינה בולגרית %5', 22, 3039),
(12812, 1338, 'Tofu', 'טופו', 22, 3040),
(12813, 1339, 'Roasted Mushrooms', 'פטריות צלויות', 25, 3041),
(12814, 1339, 'Chemed Cheese 5%', '5% גבינת חמד', 25, 3042),
(12815, 1339, 'Halloumi Cheese', 'גבינת חלומי', 25, 3043),
(12816, 1339, 'Hard Yellow Cheese', 'גבינה צהובה', 25, 3044),
(12817, 1339, 'Pasta', 'פסטה', 25, 3045),
(12818, 1339, 'Tuna', 'טונה', 25, 3046),
(12819, 1339, 'Chickpea Omelet', 'חביתת חומוס', 25, 3047),
(12820, 1339, 'Potato Slices', 'תפוח אדמה', 25, 3048),
(12821, 1339, 'Egg Salad', 'סלט ביצים', 25, 3049),
(12822, 1339, 'Bread & Butter', 'לחם & חמאה', 25, 3050),
(12823, 1340, 'Smoked Salmon (approx. 60 grams)', 'סלמון מעושן כ60 גרם', 29, 3051),
(12824, 1340, 'Sweet Potato Cubes (approx. 100 grams)', 'קוביות בטטה כ100 גרם', 29, 3052),
(12825, 1340, 'Quinoa mix', 'תערובת קינואה', 29, 3053),
(12826, 1340, 'Omelet (2 eggs)', 'חביתה - 2 ביצים', 29, 3054),
(12827, 1341, 'Baked Salmon (approx. 100 grams)', 'סלמון אפוי כ100 גרם', 24, 3055),
(12828, 1342, 'whole wheat', 'חיטה מלאה', 0, 3056),
(12829, 1342, 'light grain', 'דגנים קל', 0, 3057),
(12830, 1342, 'white', 'לבן', 0, 3058),
(12831, 1343, 'Half Sandwich', 'חצי כריך', 17, 3059),
(12832, 1343, 'Full Sandwich', 'כריך שלם', 29, 3060),
(12833, 1344, 'Pickled Lemon Spread', 'ממרח לימון כבוש', 0, 3061),
(12834, 1344, 'Tahini', 'טחינה', 0, 3062),
(12835, 1344, 'Pickles', 'חמוצים', 0, 3063),
(12836, 1344, 'Olives', 'זיתים', 0, 3064),
(12837, 1344, 'Croutons', 'קרוטונים', 0, 3065),
(12838, 1344, 'Pesto', 'פסטו', 0, 3066),
(12839, 1344, 'Spicy Pepper Spread', 'ממרח פלפל צ''ומה', 0, 3067),
(12840, 1345, 'Jala (a mix of roasted soybeans and seeds)', 'ג''עלה', 20, 3068),
(12841, 1345, 'Granola', 'גרנולה', 20, 3069),
(12842, 1345, 'Roasted Pepper', 'פלפל קלוי', 20, 3070),
(12843, 1345, 'Hot Chickpeas', 'גרגירי חומוס חם', 20, 3071),
(12844, 1345, 'Olive Tapenad', 'טפנד זיתים', 20, 3072),
(12845, 1345, 'Avocado Spread', 'ממרח אבוקדו', 20, 3073),
(12846, 1345, 'Peas', 'אפונה', 20, 3074),
(12847, 1345, 'Cream Cheese', 'גבינת שמנת', 20, 3075),
(12848, 1345, 'Hard-Boiled Egg', 'ביצה קשה', 20, 3076),
(12849, 1345, 'Roasted Eggplants', 'חציל קלוי', 20, 3077),
(12850, 1345, 'Low-Fat (5%) Cheese', 'גבינה לבנה רזה %5', 20, 3078),
(12851, 1345, '5% fat Bulgarian Cheese', 'גבינה בולגרית %5', 20, 3079),
(12852, 1345, 'Tofu', 'טופו', 20, 3080),
(12853, 1346, 'Roasted Mushrooms', 'פטריות צלויות', 23, 3081),
(12854, 1346, 'Chemed Cheese 5%', '5% גבינת חמד', 23, 3082),
(12855, 1346, 'Halloumi Cheese', 'גבינת חלומי', 23, 3083),
(12856, 1346, 'Hard Yellow Cheese', 'גבינה צהובה', 23, 3084),
(12857, 1346, 'Pasta', 'פסטה', 23, 3085),
(12858, 1346, 'Tuna', 'טונה', 23, 3086),
(12859, 1346, 'Chickpea Omelet', 'חביתת חומוס', 23, 3087),
(12860, 1346, 'Potato Slices', 'תפוח אדמה', 23, 3088),
(12861, 1346, 'Egg Salad', 'סלט ביצים', 23, 3089),
(12862, 1346, 'Bread & Butter', 'לחם & חמאה', 23, 3090),
(12863, 1347, 'Smoked Salmon (approx. 60 grams)', 'סלמון מעושן כ60 גרם', 27, 3091),
(12864, 1347, 'Sweet Potato Cubes (approx. 100 grams)', 'קוביות בטטה כ100 גרם', 27, 3092),
(12865, 1347, 'Quinoa mix', 'תערובת קינואה', 27, 3093),
(12866, 1347, 'Omelet (2 eggs)', 'חביתה - 2 ביצים', 27, 3094),
(12867, 1348, 'Baked Salmon (approx. 100 grams)', 'סלמון אפוי כ100 גרם', 32, 3095),
(12868, 1349, 'whole wheat', 'חיטה מלאה', 0, 3096),
(12869, 1349, 'light grain', 'דגנים קל', 0, 3097),
(12870, 1349, 'white', 'לבן', 0, 3098),
(12871, 1350, 'Half Sandwich', 'חצי כריך', 17, 3099),
(12872, 1350, 'Full Sandwich', 'כריך שלם', 29, 3100),
(12873, 1351, 'Pickled Lemon Spread', 'ממרח לימון כבוש', 0, 3101),
(12874, 1351, 'Tahini', 'טחינה', 0, 3102),
(12875, 1351, 'Pickles', 'חמוצים', 0, 3103),
(12876, 1351, 'Olives', 'זיתים', 0, 3104),
(12877, 1351, 'Croutons', 'קרוטונים', 0, 3105),
(12878, 1351, 'Pesto', 'פסטו', 0, 3106),
(12879, 1351, 'Spicy Pepper Spread', 'ממרח פלפל צ''ומה', 0, 3107),
(12880, 1352, 'Jala (a mix of roasted soybeans and seeds)', 'ג''עלה', 20, 3108),
(12881, 1352, 'Granola', 'גרנולה', 20, 3109),
(12882, 1352, 'Roasted Pepper', 'פלפל קלוי', 20, 3110),
(12883, 1352, 'Hot Chickpeas', 'גרגירי חומוס חם', 20, 3111),
(12884, 1352, 'Olive Tapenad', 'טפנד זיתים', 20, 3112),
(12885, 1352, 'Avocado Spread', 'ממרח אבוקדו', 20, 3113),
(12886, 1352, 'Peas', 'אפונה', 20, 3114),
(12887, 1352, 'Cream Cheese', 'גבינת שמנת', 20, 3115),
(12888, 1352, 'Hard-Boiled Egg', 'ביצה קשה', 20, 3116),
(12889, 1352, 'Roasted Eggplants', 'חציל קלוי', 20, 3117),
(12890, 1352, 'Low-Fat (5%) Cheese', 'גבינה לבנה רזה %5', 20, 3118),
(12891, 1352, '5% fat Bulgarian Cheese', 'גבינה בולגרית %5', 20, 3119),
(12892, 1352, 'Tofu', 'טופו', 20, 3120),
(12893, 1353, 'Roasted Mushrooms', 'פטריות צלויות', 23, 3121),
(12894, 1353, 'Chemed Cheese 5%', '5% גבינת חמד', 23, 3122),
(12895, 1353, 'Halloumi Cheese', 'גבינת חלומי', 23, 3123),
(12896, 1353, 'Hard Yellow Cheese', 'גבינה צהובה', 23, 3124),
(12897, 1353, 'Pasta', 'פסטה', 23, 3125),
(12898, 1353, 'Tuna', 'טונה', 23, 3126),
(12899, 1353, 'Chickpea Omelet', 'חביתת חומוס', 23, 3127),
(12900, 1353, 'Potato Slices', 'תפוח אדמה', 23, 3128),
(12901, 1353, 'Egg Salad', 'סלט ביצים', 23, 3129),
(12902, 1353, 'Bread & Butter', 'לחם & חמאה', 23, 3130),
(12903, 1354, 'Smoked Salmon (approx. 60 grams)', 'סלמון מעושן כ60 גרם', 27, 3131),
(12904, 1354, 'Sweet Potato Cubes (approx. 100 grams)', 'קוביות בטטה כ100 גרם', 27, 3132),
(12905, 1354, 'Quinoa mix', 'תערובת קינואה', 27, 3133),
(12906, 1354, 'Omelet (2 eggs)', 'חביתה - 2 ביצים', 27, 3134),
(12907, 1355, 'Baked Salmon (approx. 100 grams)', 'סלמון אפוי כ100 גרם', 32, 3135),
(12908, 1356, 'whole wheat', 'חיטה מלאה', 0, 3136),
(12909, 1356, 'light grain', 'דגנים קל', 0, 3137),
(12910, 1356, 'white', 'לבן', 0, 3138),
(12911, 1357, 'Half Sandwich', 'חצי כריך', 17, 3139),
(12912, 1357, 'Full Sandwich', 'כריך שלם', 29, 3140),
(12913, 1358, 'Pickled Lemon Spread', 'ממרח לימון כבוש', 0, 3141),
(12914, 1358, 'Tahini', 'טחינה', 0, 3142),
(12915, 1358, 'Pickles', 'חמוצים', 0, 3143),
(12916, 1358, 'Olives', 'זיתים', 0, 3144),
(12917, 1358, 'Croutons', 'קרוטונים', 0, 3145),
(12918, 1358, 'Pesto', 'פסטו', 0, 3146),
(12919, 1358, 'Spicy Pepper Spread', 'ממרח פלפל צ''ומה', 0, 3147),
(12920, 1359, 'Jala (a mix of roasted soybeans and seeds)', 'ג''עלה', 20, 3148),
(12921, 1359, 'Granola', 'גרנולה', 20, 3149),
(12922, 1359, 'Roasted Pepper', 'פלפל קלוי', 20, 3150),
(12923, 1359, 'Hot Chickpeas', 'גרגירי חומוס חם', 20, 3151),
(12924, 1359, 'Olive Tapenad', 'טפנד זיתים', 20, 3152),
(12925, 1359, 'Avocado Spread', 'ממרח אבוקדו', 20, 3153),
(12926, 1359, 'Peas', 'אפונה', 20, 3154),
(12927, 1359, 'Cream Cheese', 'גבינת שמנת', 20, 3155),
(12928, 1359, 'Hard-Boiled Egg', 'ביצה קשה', 20, 3156),
(12929, 1359, 'Roasted Eggplants', 'חציל קלוי', 20, 3157),
(12930, 1359, 'Low-Fat (5%) Cheese', 'גבינה לבנה רזה %5', 20, 3158),
(12931, 1359, '5% fat Bulgarian Cheese', 'גבינה בולגרית %5', 20, 3159),
(12932, 1359, 'Tofu', 'טופו', 20, 3160),
(12933, 1360, 'Roasted Mushrooms', 'פטריות צלויות', 23, 3161),
(12934, 1360, 'Chemed Cheese 5%', '5% גבינת חמד', 23, 3162),
(12935, 1360, 'Halloumi Cheese', 'גבינת חלומי', 23, 3163),
(12936, 1360, 'Hard Yellow Cheese', 'גבינה צהובה', 23, 3164),
(12937, 1360, 'Pasta', 'פסטה', 23, 3165),
(12938, 1360, 'Tuna', 'טונה', 23, 3166),
(12939, 1360, 'Chickpea Omelet', 'חביתת חומוס', 23, 3167),
(12940, 1360, 'Potato Slices', 'תפוח אדמה', 23, 3168),
(12941, 1360, 'Egg Salad', 'סלט ביצים', 23, 3169),
(12942, 1360, 'Bread & Butter', 'לחם & חמאה', 23, 3170),
(12943, 1361, 'Smoked Salmon (approx. 60 grams)', 'סלמון מעושן כ60 גרם', 27, 3171),
(12944, 1361, 'Sweet Potato Cubes (approx. 100 grams)', 'קוביות בטטה כ100 גרם', 27, 3172),
(12945, 1361, 'Quinoa mix', 'תערובת קינואה', 27, 3173),
(12946, 1361, 'Omelet (2 eggs)', 'חביתה - 2 ביצים', 27, 3174),
(12947, 1362, 'Baked Salmon (approx. 100 grams)', 'סלמון אפוי כ100 גרם', 32, 3175),
(12948, 1363, 'whole wheat', 'חיטה מלאה', 0, 3176),
(12949, 1363, 'light grain', 'דגנים קל', 0, 3177),
(12950, 1363, 'white', 'לבן', 0, 3178),
(12951, 1364, 'Half Sandwich', 'חצי כריך', 17, 3179),
(12952, 1364, 'Full Sandwich', 'כריך שלם', 29, 3180),
(12953, 1365, 'Pickled Lemon Spread', 'ממרח לימון כבוש', 0, 3181),
(12954, 1365, 'Tahini', 'טחינה', 0, 3182),
(12955, 1365, 'Pickles', 'חמוצים', 0, 3183),
(12956, 1365, 'Olives', 'זיתים', 0, 3184),
(12957, 1365, 'Croutons', 'קרוטונים', 0, 3185),
(12958, 1365, 'Pesto', 'פסטו', 0, 3186),
(12959, 1365, 'Spicy Pepper Spread', 'ממרח פלפל צ''ומה', 0, 3187),
(12960, 1366, 'Jala (a mix of roasted soybeans and seeds)', 'ג''עלה', 20, 3188),
(12961, 1366, 'Granola', 'גרנולה', 20, 3189),
(12962, 1366, 'Roasted Pepper', 'פלפל קלוי', 20, 3190),
(12963, 1366, 'Hot Chickpeas', 'גרגירי חומוס חם', 20, 3191),
(12964, 1366, 'Olive Tapenad', 'טפנד זיתים', 20, 3192),
(12965, 1366, 'Avocado Spread', 'ממרח אבוקדו', 20, 3193),
(12966, 1366, 'Peas', 'אפונה', 20, 3194),
(12967, 1366, 'Cream Cheese', 'גבינת שמנת', 20, 3195),
(12968, 1366, 'Hard-Boiled Egg', 'ביצה קשה', 20, 3196),
(12969, 1366, 'Roasted Eggplants', 'חציל קלוי', 20, 3197),
(12970, 1366, 'Low-Fat (5%) Cheese', 'גבינה לבנה רזה %5', 20, 3198),
(12971, 1366, '5% fat Bulgarian Cheese', 'גבינה בולגרית %5', 20, 3199),
(12972, 1366, 'Tofu', 'טופו', 20, 3200),
(12973, 1367, 'Roasted Mushrooms', 'פטריות צלויות', 23, 3201),
(12974, 1367, 'Chemed Cheese 5%', '5% גבינת חמד', 23, 3202),
(12975, 1367, 'Halloumi Cheese', 'גבינת חלומי', 23, 3203),
(12976, 1367, 'Hard Yellow Cheese', 'גבינה צהובה', 23, 3204),
(12977, 1367, 'Pasta', 'פסטה', 23, 3205),
(12978, 1367, 'Tuna', 'טונה', 23, 3206),
(12979, 1367, 'Chickpea Omelet', 'חביתת חומוס', 23, 3207),
(12980, 1367, 'Potato Slices', 'תפוח אדמה', 23, 3208),
(12981, 1367, 'Egg Salad', 'סלט ביצים', 23, 3209),
(12982, 1367, 'Bread & Butter', 'לחם & חמאה', 23, 3210),
(12983, 1368, 'Smoked Salmon (approx. 60 grams)', 'סלמון מעושן כ60 גרם', 27, 3211),
(12984, 1368, 'Sweet Potato Cubes (approx. 100 grams)', 'קוביות בטטה כ100 גרם', 27, 3212),
(12985, 1368, 'Quinoa mix', 'תערובת קינואה', 27, 3213),
(12986, 1368, 'Omelet (2 eggs)', 'חביתה - 2 ביצים', 27, 3214),
(12987, 1369, 'Baked Salmon (approx. 100 grams)', 'סלמון אפוי כ100 גרם', 32, 3215),
(12988, 1370, 'whole wheat', 'חיטה מלאה', 0, 3216),
(12989, 1370, 'light grain', 'דגנים קל', 0, 3217),
(12990, 1370, 'white', 'לבן', 0, 3218),
(12991, 1371, 'Half Sandwich', 'חצי כריך', 17, 3219),
(12992, 1371, 'Full Sandwich', 'כריך שלם', 19, 3220),
(12993, 1372, 'Pickled Lemon Spread', 'ממרח לימון כבוש', 0, 3221),
(12994, 1372, 'Tahini', 'טחינה', 0, 3222),
(12995, 1372, 'Pickles', 'חמוצים', 0, 3223),
(12996, 1372, 'Olives', 'זיתים', 0, 3224),
(12997, 1372, 'Croutons', 'קרוטונים', 0, 3225),
(12998, 1372, 'Pesto', 'פסטו', 0, 3226),
(12999, 1372, 'Spicy Pepper Spread', 'ממרח פלפל צ''ומה', 0, 3227),
(13000, 1373, 'Jala (a mix of roasted soybeans and seeds)', 'ג''עלה', 20, 3228),
(13001, 1373, 'Granola', 'גרנולה', 20, 3229),
(13002, 1373, 'Roasted Pepper', 'פלפל קלוי', 20, 3230),
(13003, 1373, 'Hot Chickpeas', 'גרגירי חומוס חם', 20, 3231),
(13004, 1373, 'Olive Tapenad', 'טפנד זיתים', 20, 3232),
(13005, 1373, 'Avocado Spread', 'ממרח אבוקדו', 20, 3233),
(13006, 1373, 'Peas', 'אפונה', 20, 3234),
(13007, 1373, 'Cream Cheese', 'גבינת שמנת', 20, 3235),
(13008, 1373, 'Hard-Boiled Egg', 'ביצה קשה', 20, 3236),
(13009, 1373, 'Roasted Eggplants', 'חציל קלוי', 20, 3237),
(13010, 1373, 'Low-Fat (5%) Cheese', 'גבינה לבנה רזה %5', 20, 3238),
(13011, 1373, '5% fat Bulgarian Cheese', 'גבינה בולגרית %5', 20, 3239),
(13012, 1373, 'Tofu', 'טופו', 20, 3240),
(13013, 1374, 'Roasted Mushrooms', 'פטריות צלויות', 23, 3241),
(13014, 1374, 'Chemed Cheese 5%', '5% גבינת חמד', 23, 3242),
(13015, 1374, 'Halloumi Cheese', 'גבינת חלומי', 23, 3243),
(13016, 1374, 'Hard Yellow Cheese', 'גבינה צהובה', 23, 3244),
(13017, 1374, 'Pasta', 'פסטה', 23, 3245),
(13018, 1374, 'Tuna', 'טונה', 23, 3246),
(13019, 1374, 'Chickpea Omelet', 'חביתת חומוס', 23, 3247),
(13020, 1374, 'Potato Slices', 'תפוח אדמה', 23, 3248),
(13021, 1374, 'Egg Salad', 'סלט ביצים', 23, 3249),
(13022, 1374, 'Bread & Butter', 'לחם & חמאה', 23, 3250),
(13023, 1375, 'Smoked Salmon (approx. 60 grams)', 'סלמון מעושן כ60 גרם', 27, 3251),
(13024, 1375, 'Sweet Potato Cubes (approx. 100 grams)', 'קוביות בטטה כ100 גרם', 27, 3252),
(13025, 1375, 'Quinoa mix', 'תערובת קינואה', 27, 3253),
(13026, 1375, 'Omelet (2 eggs)', 'חביתה - 2 ביצים', 27, 3254),
(13027, 1376, 'Baked Salmon (approx. 100 grams)', 'סלמון אפוי כ100 גרם', 32, 3255),
(13028, 1377, 'whole wheat', 'חיטה מלאה', 0, 3256),
(13029, 1377, 'light grain', 'דגנים קל', 0, 3257),
(13030, 1377, 'white', 'לבן', 0, 3258),
(13031, 1378, 'Half Sandwich', 'חצי כריך', 17, 3259),
(13032, 1378, 'Full Sandwich', 'כריך שלם', 19, 3260),
(13033, 1379, 'Pickled Lemon Spread', 'ממרח לימון כבוש', 0, 3261),
(13034, 1379, 'Tahini', 'טחינה', 0, 3262),
(13035, 1379, 'Pickles', 'חמוצים', 0, 3263),
(13036, 1379, 'Olives', 'זיתים', 0, 3264),
(13037, 1379, 'Croutons', 'קרוטונים', 0, 3265),
(13038, 1379, 'Pesto', 'פסטו', 0, 3266),
(13039, 1379, 'Spicy Pepper Spread', 'ממרח פלפל צ''ומה', 0, 3267),
(13040, 1380, 'Jala (a mix of roasted soybeans and seeds)', 'ג''עלה', 20, 3268),
(13041, 1380, 'Granola', 'גרנולה', 20, 3269),
(13042, 1380, 'Roasted Pepper', 'פלפל קלוי', 20, 3270),
(13043, 1380, 'Hot Chickpeas', 'גרגירי חומוס חם', 20, 3271),
(13044, 1380, 'Olive Tapenad', 'טפנד זיתים', 20, 3272),
(13045, 1380, 'Avocado Spread', 'ממרח אבוקדו', 20, 3273),
(13046, 1380, 'Peas', 'אפונה', 20, 3274),
(13047, 1380, 'Cream Cheese', 'גבינת שמנת', 20, 3275),
(13048, 1380, 'Hard-Boiled Egg', 'ביצה קשה', 20, 3276),
(13049, 1380, 'Roasted Eggplants', 'חציל קלוי', 20, 3277),
(13050, 1380, 'Low-Fat (5%) Cheese', 'גבינה לבנה רזה %5', 20, 3278),
(13051, 1380, '5% fat Bulgarian Cheese', 'גבינה בולגרית %5', 20, 3279),
(13052, 1380, 'Tofu', 'טופו', 20, 3280),
(13053, 1381, 'Roasted Mushrooms', 'פטריות צלויות', 23, 3281),
(13054, 1381, 'Chemed Cheese 5%', '5% גבינת חמד', 23, 3282),
(13055, 1381, 'Halloumi Cheese', 'גבינת חלומי', 23, 3283),
(13056, 1381, 'Hard Yellow Cheese', 'גבינה צהובה', 23, 3284),
(13057, 1381, 'Pasta', 'פסטה', 23, 3285),
(13058, 1381, 'Tuna', 'טונה', 23, 3286),
(13059, 1381, 'Chickpea Omelet', 'חביתת חומוס', 23, 3287),
(13060, 1381, 'Potato Slices', 'תפוח אדמה', 23, 3288),
(13061, 1381, 'Egg Salad', 'סלט ביצים', 23, 3289),
(13062, 1381, 'Bread & Butter', 'לחם & חמאה', 23, 3290),
(13063, 1382, 'Smoked Salmon (approx. 60 grams)', 'סלמון מעושן כ60 גרם', 27, 3291),
(13064, 1382, 'Sweet Potato Cubes (approx. 100 grams)', 'קוביות בטטה כ100 גרם', 27, 3292),
(13065, 1382, 'Quinoa mix', 'תערובת קינואה', 27, 3293),
(13066, 1382, 'Omelet (2 eggs)', 'חביתה - 2 ביצים', 27, 3294),
(13067, 1383, 'Baked Salmon (approx. 100 grams)', 'סלמון אפוי כ100 גרם', 32, 3295),
(13068, 1384, 'whole wheat', 'חיטה מלאה', 0, 3296),
(13069, 1384, 'light grain', 'דגנים קל', 0, 3297),
(13070, 1384, 'white', 'לבן', 0, 3298),
(13071, 1385, 'Half Sandwich', 'חצי כריך', 10, 3299),
(13072, 1385, 'Full Sandwich', 'כריך שלם', 18, 3300),
(13073, 1386, 'Pickled Lemon Spread', 'ממרח לימון כבוש', 0, 3301),
(13074, 1386, 'Tahini', 'טחינה', 0, 3302),
(13075, 1386, 'Pickles', 'חמוצים', 0, 3303),
(13076, 1386, 'Olives', 'זיתים', 0, 3304),
(13077, 1386, 'Croutons', 'קרוטונים', 0, 3305),
(13078, 1386, 'Pesto', 'פסטו', 0, 3306),
(13079, 1386, 'Spicy Pepper Spread', 'ממרח פלפל צ''ומה', 0, 3307),
(13080, 1387, 'Jala (a mix of roasted soybeans and seeds)', 'ג''עלה', 13, 3308),
(13081, 1387, 'Granola', 'גרנולה', 13, 3309),
(13082, 1387, 'Roasted Pepper', 'פלפל קלוי', 13, 3310),
(13083, 1387, 'Hot Chickpeas', 'גרגירי חומוס חם', 13, 3311),
(13084, 1387, 'Olive Tapenad', 'טפנד זיתים', 13, 3312),
(13085, 1387, 'Avocado Spread', 'ממרח אבוקדו', 13, 3313),
(13086, 1387, 'Peas', 'אפונה', 13, 3314),
(13087, 1387, 'Cream Cheese', 'גבינת שמנת', 13, 3315),
(13088, 1387, 'Hard-Boiled Egg', 'ביצה קשה', 13, 3316),
(13089, 1387, 'Roasted Eggplants', 'חציל קלוי', 13, 3317),
(13090, 1387, 'Low-Fat (5%) Cheese', 'גבינה לבנה רזה %5', 13, 3318),
(13091, 1387, '5% fat Bulgarian Cheese', 'גבינה בולגרית %5', 13, 3319),
(13092, 1387, 'Tofu', 'טופו', 13, 3320),
(13093, 1388, 'Roasted Mushrooms', 'פטריות צלויות', 16, 3321),
(13094, 1388, 'Chemed Cheese 5%', '5% גבינת חמד', 16, 3322),
(13095, 1388, 'Halloumi Cheese', 'גבינת חלומי', 16, 3323),
(13096, 1388, 'Hard Yellow Cheese', 'גבינה צהובה', 16, 3324),
(13097, 1388, 'Pasta', 'פסטה', 16, 3325),
(13098, 1388, 'Tuna', 'טונה', 16, 3326),
(13099, 1388, 'Chickpea Omelet', 'חביתת חומוס', 16, 3327),
(13100, 1388, 'Potato Slices', 'תפוח אדמה', 16, 3328),
(13101, 1388, 'Egg Salad', 'סלט ביצים', 16, 3329),
(13102, 1388, 'Bread & Butter', 'לחם & חמאה', 16, 3330),
(13103, 1389, 'Smoked Salmon (approx. 60 grams)', 'סלמון מעושן כ60 גרם', 20, 3331),
(13104, 1389, 'Sweet Potato Cubes (approx. 100 grams)', 'קוביות בטטה כ100 גרם', 20, 3332),
(13105, 1389, 'Quinoa mix', 'תערובת קינואה', 20, 3333),
(13106, 1389, 'Omelet (2 eggs)', 'חביתה - 2 ביצים', 20, 3334),
(13107, 1390, 'Baked Salmon (approx. 100 grams)', 'סלמון אפוי כ100 גרם', 25, 3335),
(13108, 1391, 'whole wheat', 'חיטה מלאה', 0, 3336),
(13109, 1391, 'light grain', 'דגנים קל', 0, 3337),
(13110, 1391, 'white', 'לבן', 0, 3338),
(13111, 1392, 'Half Sandwich', 'חצי כריך', 10, 3339),
(13112, 1392, 'Full Sandwich', 'כריך שלם', 18, 3340),
(13113, 1393, 'Pickled Lemon Spread', 'ממרח לימון כבוש', 0, 3341),
(13114, 1393, 'Tahini', 'טחינה', 0, 3342),
(13115, 1393, 'Pickles', 'חמוצים', 0, 3343),
(13116, 1393, 'Olives', 'זיתים', 0, 3344),
(13117, 1393, 'Croutons', 'קרוטונים', 0, 3345),
(13118, 1393, 'Pesto', 'פסטו', 0, 3346),
(13119, 1393, 'Spicy Pepper Spread', 'ממרח פלפל צ''ומה', 0, 3347),
(13120, 1394, 'Jala (a mix of roasted soybeans and seeds)', 'ג''עלה', 13, 3348),
(13121, 1394, 'Granola', 'גרנולה', 13, 3349),
(13122, 1394, 'Roasted Pepper', 'פלפל קלוי', 13, 3350),
(13123, 1394, 'Hot Chickpeas', 'גרגירי חומוס חם', 13, 3351),
(13124, 1394, 'Olive Tapenad', 'טפנד זיתים', 13, 3352),
(13125, 1394, 'Avocado Spread', 'ממרח אבוקדו', 13, 3353),
(13126, 1394, 'Peas', 'אפונה', 13, 3354),
(13127, 1394, 'Cream Cheese', 'גבינת שמנת', 13, 3355),
(13128, 1394, 'Hard-Boiled Egg', 'ביצה קשה', 13, 3356),
(13129, 1394, 'Roasted Eggplants', 'חציל קלוי', 13, 3357),
(13130, 1394, 'Low-Fat (5%) Cheese', 'גבינה לבנה רזה %5', 13, 3358),
(13131, 1394, '5% fat Bulgarian Cheese', 'גבינה בולגרית %5', 13, 3359),
(13132, 1394, 'Tofu', 'טופו', 13, 3360),
(13133, 1395, 'Roasted Mushrooms', 'פטריות צלויות', 16, 3361),
(13134, 1395, 'Chemed Cheese 5%', '5% גבינת חמד', 16, 3362),
(13135, 1395, 'Halloumi Cheese', 'גבינת חלומי', 16, 3363),
(13136, 1395, 'Hard Yellow Cheese', 'גבינה צהובה', 16, 3364),
(13137, 1395, 'Pasta', 'פסטה', 16, 3365),
(13138, 1395, 'Tuna', 'טונה', 16, 3366),
(13139, 1395, 'Chickpea Omelet', 'חביתת חומוס', 16, 3367),
(13140, 1395, 'Potato Slices', 'תפוח אדמה', 16, 3368),
(13141, 1395, 'Egg Salad', 'סלט ביצים', 16, 3369),
(13142, 1395, 'Bread & Butter', 'לחם & חמאה', 16, 3370),
(13143, 1396, 'Smoked Salmon (approx. 60 grams)', 'סלמון מעושן כ60 גרם', 20, 3371),
(13144, 1396, 'Sweet Potato Cubes (approx. 100 grams)', 'קוביות בטטה כ100 גרם', 20, 3372),
(13145, 1396, 'Quinoa mix', 'תערובת קינואה', 20, 3373),
(13146, 1396, 'Omelet (2 eggs)', 'חביתה - 2 ביצים', 20, 3374),
(13147, 1397, 'Baked Salmon (approx. 100 grams)', 'סלמון אפוי כ100 גרם', 25, 3375),
(13148, 1398, 'whole wheat', 'חיטה מלאה', 0, 3376),
(13149, 1398, 'light grain', 'דגנים קל', 0, 3377),
(13150, 1398, 'white', 'לבן', 0, 3378),
(13151, 1399, 'Half Sandwich', 'חצי כריך', 10, 3379),
(13152, 1399, 'Full Sandwich', 'כריך שלם', 18, 3380),
(13153, 1400, 'Pickled Lemon Spread', 'ממרח לימון כבוש', 0, 3381),
(13154, 1400, 'Tahini', 'טחינה', 0, 3382),
(13155, 1400, 'Pickles', 'חמוצים', 0, 3383),
(13156, 1400, 'Olives', 'זיתים', 0, 3384),
(13157, 1400, 'Croutons', 'קרוטונים', 0, 3385),
(13158, 1400, 'Pesto', 'פסטו', 0, 3386),
(13159, 1400, 'Spicy Pepper Spread', 'ממרח פלפל צ''ומה', 0, 3387),
(13160, 1401, 'Jala (a mix of roasted soybeans and seeds)', 'ג''עלה', 13, 3388),
(13161, 1401, 'Granola', 'גרנולה', 13, 3389),
(13162, 1401, 'Roasted Pepper', 'פלפל קלוי', 13, 3390),
(13163, 1401, 'Hot Chickpeas', 'גרגירי חומוס חם', 13, 3391),
(13164, 1401, 'Olive Tapenad', 'טפנד זיתים', 13, 3392),
(13165, 1401, 'Avocado Spread', 'ממרח אבוקדו', 13, 3393),
(13166, 1401, 'Peas', 'אפונה', 13, 3394),
(13167, 1401, 'Cream Cheese', 'גבינת שמנת', 13, 3395),
(13168, 1401, 'Hard-Boiled Egg', 'ביצה קשה', 13, 3396),
(13169, 1401, 'Roasted Eggplants', 'חציל קלוי', 13, 3397),
(13170, 1401, 'Low-Fat (5%) Cheese', 'גבינה לבנה רזה %5', 13, 3398),
(13171, 1401, '5% fat Bulgarian Cheese', 'גבינה בולגרית %5', 13, 3399),
(13172, 1401, 'Tofu', 'טופו', 13, 3400),
(13173, 1402, 'Roasted Mushrooms', 'פטריות צלויות', 16, 3401),
(13174, 1402, 'Chemed Cheese 5%', '5% גבינת חמד', 16, 3402),
(13175, 1402, 'Halloumi Cheese', 'גבינת חלומי', 16, 3403),
(13176, 1402, 'Hard Yellow Cheese', 'גבינה צהובה', 16, 3404),
(13177, 1402, 'Pasta', 'פסטה', 16, 3405),
(13178, 1402, 'Tuna', 'טונה', 16, 3406),
(13179, 1402, 'Chickpea Omelet', 'חביתת חומוס', 16, 3407),
(13180, 1402, 'Potato Slices', 'תפוח אדמה', 16, 3408),
(13181, 1402, 'Egg Salad', 'סלט ביצים', 16, 3409),
(13182, 1402, 'Bread & Butter', 'לחם & חמאה', 16, 3410),
(13183, 1403, 'Smoked Salmon (approx. 60 grams)', 'סלמון מעושן כ60 גרם', 20, 3411),
(13184, 1403, 'Sweet Potato Cubes (approx. 100 grams)', 'קוביות בטטה כ100 גרם', 20, 3412),
(13185, 1403, 'Quinoa mix', 'תערובת קינואה', 20, 3413),
(13186, 1403, 'Omelet (2 eggs)', 'חביתה - 2 ביצים', 20, 3414),
(13187, 1404, 'Baked Salmon (approx. 100 grams)', 'סלמון אפוי כ100 גרם', 25, 3415),
(13188, 1405, 'whole wheat', 'חיטה מלאה', 0, 3416),
(13189, 1405, 'light grain', 'דגנים קל', 0, 3417),
(13190, 1405, 'white', 'לבן', 0, 3418),
(13191, 1406, 'Half Sandwich', 'חצי כריך', 10, 3419),
(13192, 1406, 'Full Sandwich', 'כריך שלם', 18, 3420),
(13193, 1407, 'Pickled Lemon Spread', 'ממרח לימון כבוש', 0, 3421),
(13194, 1407, 'Tahini', 'טחינה', 0, 3422),
(13195, 1407, 'Pickles', 'חמוצים', 0, 3423),
(13196, 1407, 'Olives', 'זיתים', 0, 3424),
(13197, 1407, 'Croutons', 'קרוטונים', 0, 3425),
(13198, 1407, 'Pesto', 'פסטו', 0, 3426),
(13199, 1407, 'Spicy Pepper Spread', 'ממרח פלפל צ''ומה', 0, 3427),
(13200, 1408, 'Jala (a mix of roasted soybeans and seeds)', 'ג''עלה', 13, 3428),
(13201, 1408, 'Granola', 'גרנולה', 13, 3429),
(13202, 1408, 'Roasted Pepper', 'פלפל קלוי', 13, 3430),
(13203, 1408, 'Hot Chickpeas', 'גרגירי חומוס חם', 13, 3431),
(13204, 1408, 'Olive Tapenad', 'טפנד זיתים', 13, 3432),
(13205, 1408, 'Avocado Spread', 'ממרח אבוקדו', 13, 3433),
(13206, 1408, 'Peas', 'אפונה', 13, 3434),
(13207, 1408, 'Cream Cheese', 'גבינת שמנת', 13, 3435),
(13208, 1408, 'Hard-Boiled Egg', 'ביצה קשה', 13, 3436),
(13209, 1408, 'Roasted Eggplants', 'חציל קלוי', 13, 3437),
(13210, 1408, 'Low-Fat (5%) Cheese', 'גבינה לבנה רזה %5', 13, 3438),
(13211, 1408, '5% fat Bulgarian Cheese', 'גבינה בולגרית %5', 13, 3439),
(13212, 1408, 'Tofu', 'טופו', 13, 3440),
(13213, 1409, 'Roasted Mushrooms', 'פטריות צלויות', 16, 3441),
(13214, 1409, 'Chemed Cheese 5%', '5% גבינת חמד', 16, 3442),
(13215, 1409, 'Halloumi Cheese', 'גבינת חלומי', 16, 3443),
(13216, 1409, 'Hard Yellow Cheese', 'גבינה צהובה', 16, 3444),
(13217, 1409, 'Pasta', 'פסטה', 16, 3445),
(13218, 1409, 'Tuna', 'טונה', 16, 3446),
(13219, 1409, 'Chickpea Omelet', 'חביתת חומוס', 16, 3447),
(13220, 1409, 'Potato Slices', 'תפוח אדמה', 16, 3448),
(13221, 1409, 'Egg Salad', 'סלט ביצים', 16, 3449),
(13222, 1409, 'Bread & Butter', 'לחם & חמאה', 16, 3450),
(13223, 1410, 'Smoked Salmon (approx. 60 grams)', 'סלמון מעושן כ60 גרם', 20, 3451),
(13224, 1410, 'Sweet Potato Cubes (approx. 100 grams)', 'קוביות בטטה כ100 גרם', 20, 3452),
(13225, 1410, 'Quinoa mix', 'תערובת קינואה', 20, 3453),
(13226, 1410, 'Omelet (2 eggs)', 'חביתה - 2 ביצים', 20, 3454),
(13227, 1411, 'Baked Salmon (approx. 100 grams)', 'סלמון אפוי כ100 גרם', 25, 3455),
(13228, 1412, 'whole wheat', 'חיטה מלאה', 0, 3456),
(13229, 1412, 'light grain', 'דגנים קל', 0, 3457),
(13230, 1412, 'white', 'לבן', 0, 3458),
(13231, 1413, 'Individual', 'יחיד', 28, 3459),
(13232, 1413, 'Large', 'גדול', 36, 3460),
(13233, 1414, 'Pickled Lemon Spread', 'ממרח לימון כבוש', 0, 3461),
(13234, 1414, 'Tahini', 'טחינה', 0, 3462),
(13235, 1414, 'Pickles', 'חמוצים', 0, 3463),
(13236, 1414, 'Olives', 'זיתים', 0, 3464),
(13237, 1414, 'Croutons', 'קרוטונים', 0, 3465),
(13238, 1414, 'Pesto', 'פסטו', 0, 3466),
(13239, 1414, 'Spicy Pepper Spread', 'ממרח פלפל צ''ומה', 0, 3467),
(13240, 1415, 'Jala (a mix of roasted soybeans and seeds)', 'ג''עלה', 31, 3468),
(13241, 1415, 'Granola', 'גרנולה', 31, 3469),
(13242, 1415, 'Roasted Pepper', 'פלפל קלוי', 31, 3470),
(13243, 1415, 'Hot Chickpeas', 'גרגירי חומוס חם', 31, 3471),
(13244, 1415, 'Olive Tapenad', 'טפנד זיתים', 31, 3472),
(13245, 1415, 'Avocado Spread', 'ממרח אבוקדו', 31, 3473),
(13246, 1415, 'Peas', 'אפונה', 31, 3474),
(13247, 1415, 'Cream Cheese', 'גבינת שמנת', 31, 3475),
(13248, 1415, 'Hard-Boiled Egg', 'ביצה קשה', 31, 3476),
(13249, 1415, 'Roasted Eggplants', 'חציל קלוי', 31, 3477),
(13250, 1415, 'Low-Fat (5%) Cheese', 'גבינה לבנה רזה %5', 31, 3478),
(13251, 1415, '5% fat Bulgarian Cheese', 'גבינה בולגרית %5', 31, 3479),
(13252, 1415, 'Tofu', 'טופו', 31, 3480),
(13253, 1416, 'Roasted Mushrooms', 'פטריות צלויות', 34, 3481),
(13254, 1416, 'Chemed Cheese 5%', '5% גבינת חמד', 34, 3482),
(13255, 1416, 'Halloumi Cheese', 'גבינת חלומי', 34, 3483),
(13256, 1416, 'Hard Yellow Cheese', 'גבינה צהובה', 34, 3484),
(13257, 1416, 'Pasta', 'פסטה', 34, 3485),
(13258, 1416, 'Tuna', 'טונה', 34, 3486),
(13259, 1416, 'Chickpea Omelet', 'חביתת חומוס', 34, 3487),
(13260, 1416, 'Potato Slices', 'תפוח אדמה', 34, 3488),
(13261, 1416, 'Egg Salad', 'סלט ביצים', 34, 3489),
(13262, 1416, 'Bread & Butter', 'לחם & חמאה', 34, 3490),
(13263, 1417, 'Smoked Salmon (approx. 60 grams)', 'סלמון מעושן כ60 גרם', 38, 3491),
(13264, 1417, 'Sweet Potato Cubes (approx. 100 grams)', 'קוביות בטטה כ100 גרם', 38, 3492),
(13265, 1417, 'Quinoa mix', 'תערובת קינואה', 38, 3493),
(13266, 1417, 'Omelet (2 eggs)', 'חביתה - 2 ביצים', 38, 3494),
(13267, 1418, 'Baked Salmon (approx. 100 grams)', 'סלמון אפוי כ100 גרם', 43, 3495),
(14000, 2200, 'Pitta', 'פיתה', 26, 3496),
(14001, 2200, 'Laffa', 'לאפה', 30, 3497),
(14002, 2200, 'Baguette', 'בגט', 30, 3498),
(14003, 2200, 'Meat dish', 'סעדה', 25, 3499),
(14004, 2200, 'Business with 2 side dishes', 'עיסקית עם 2 תוספות', 46, 3500),
(14005, 2201, 'Pitta', 'פיתה', 26, 3501),
(14006, 2201, 'Laffa', 'לאפה', 30, 3502),
(14007, 2201, 'Baguette', 'בגט', 30, 3503),
(14008, 2201, 'Meat dish', 'סעדה', 25, 3504),
(14009, 2201, 'Business with 2 side dishes', 'עיסקית עם 2 תוספות', 46, 3505),
(14010, 2202, 'Pitta', 'פיתה', 26, 3506),
(14011, 2202, 'Laffa', 'לאפה', 30, 3507),
(14012, 2202, 'Baguette', 'בגט', 30, 3508),
(14013, 2202, 'Meat dish', 'סעדה', 25, 3509),
(14014, 2202, 'Business with 2 side dishes', 'עיסקית עם 2 תוספות', 46, 3510),
(14015, 2203, 'Pitta', 'פיתה', 26, 3511),
(14016, 2203, 'Laffa', 'לאפה', 30, 3512),
(14017, 2203, 'Baguette', 'בגט', 30, 3513),
(14018, 2203, 'Meat dish', 'סעדה', 25, 3514),
(14019, 2203, 'Business with 2 side dishes', 'עיסקית עם 2 תוספות', 46, 3515),
(14020, 2204, 'Pitta', 'פיתה', 30, 3516),
(14021, 2204, 'Laffa', 'לאפה', 36, 3517),
(14022, 2204, 'Baguette', 'בגט', 36, 3518),
(14023, 2204, 'Meat dish', 'סעדה', 38, 3519),
(14024, 2204, 'Business with 2 side dishes', 'עיסקית עם 2 תוספות', 50, 3520),
(14025, 2205, 'Pitta', 'פיתה', 30, 3521),
(14026, 2205, 'Laffa', 'לאפה', 36, 3522),
(14027, 2205, 'Baguette', 'בגט', 36, 3523),
(14028, 2205, 'Meat dish', 'סעדה', 38, 3524),
(14029, 2205, 'Business with 2 side dishes', 'עיסקית עם 2 תוספות', 50, 3525),
(14030, 2206, 'Meat dish', 'סעדה', 28, 3526),
(14031, 2206, 'Business with 2 side dishes', 'עיסקית עם 2 תוספות', 46, 3527),
(14032, 2207, 'Chickpeas, mincemeat, olive oil and parsley', 'גרגרים, בשר טחון, שמן זית ופטרוזיליה', 0, 3528),
(14033, 2207, 'Humous with chicken strips stirfried in onion', 'חומוס רצועות עוף מוקפץ בתוספת בצל', 0, 3529),
(14034, 2207, 'Home style humous', 'חומוס הבית מעורב מדליק', 0, 3530),
(14035, 2208, 'Egg', 'ביצה', 3, 3531);
INSERT INTO `subitems` (`id`, `extra_id`, `name_en`, `name_he`, `price`, `sort`) VALUES
(14036, 2208, 'Felafel', 'פלאפל', 3, 3532),
(14100, 2211, 'Garlic sauce', 'רוטב שום', 0, 3533),
(14101, 2211, 'Thousand Island', 'רוטב אלך האיים', 0, 3534),
(14102, 2211, 'Spicy house sauce', 'רוטב הבית - קצת חריף', 0, 3535),
(14103, 2212, 'Corn', 'תירס', 4, 3536),
(14104, 2212, 'Olives', 'זיתים', 4, 3537),
(14105, 2212, 'Tomato', 'עגבניות', 4, 3538),
(14106, 2212, 'Onion', 'בצל', 4, 3539),
(14107, 2212, 'Mushroom', 'פטריות', 4, 3540),
(14108, 2212, 'Red pepper', 'גמבה', 4, 3541),
(14109, 2213, 'Olive', 'זיתים', 12, 3542),
(14110, 2213, 'Tomato', 'עגבניות', 12, 3543),
(14111, 2213, 'Onion ', 'בצל', 12, 3544),
(14112, 2213, 'Mushroom ', 'פטריות', 12, 3545),
(14113, 2213, 'Red pepper', 'גמבה', 12, 3546),
(14114, 2213, 'Tuna ', 'טונה', 20, 3547),
(14115, 2213, 'Extra cheese', 'גבינה', 20, 3548),
(14116, 2214, 'Garlic sauce', 'רוטב שום', 0, 3549),
(14117, 2214, 'Thousand Island', 'רוטב אלך האיים', 0, 3550),
(14118, 2214, 'Spicy house sauce', 'רוטב הבית - קצת חריף', 0, 3551),
(14119, 2215, 'Corn', 'תירס', 8, 3552),
(14120, 2215, 'Olives', 'זיתים', 8, 3553),
(14121, 2215, 'Tomato', 'עגבניות', 8, 3554),
(14122, 2215, 'Onion', 'בצל', 8, 3555),
(14123, 2215, 'Mushroom', 'פטריות', 8, 3556),
(14124, 2215, 'Red pepper', 'גמבה', 8, 3557),
(14125, 2216, 'Garlic sauce', 'רוטב שום', 0, 3558),
(14126, 2216, 'Thousand Island', 'רוטב אלך האיים', 0, 3559),
(14127, 2216, 'Spicy house sauce', 'רוטב הבית - קצת חריף', 0, 3560),
(14128, 2217, 'Garlic sauce', 'רוטב שום', 0, 3561),
(14129, 2217, 'Thousand Island', 'רוטב אלך האיים', 0, 3562),
(14130, 2217, 'Spicy house sauce', 'רוטב הבית - קצת חריף', 0, 3563),
(14131, 2218, 'Corn', 'תירס', 4, 3564),
(14132, 2218, 'Olives', 'זיתים', 4, 3565),
(14133, 2218, 'Tomato', 'עגבניות', 4, 3566),
(14134, 2218, 'Onion', 'בצל', 4, 3567),
(14135, 2218, 'Mushroom', 'פטריות', 4, 3568),
(14136, 2218, 'Red pepper', 'גמבה', 4, 3569),
(14137, 2219, 'Small', 'צ''יפס קטן', 10, 3570),
(14138, 2219, 'Large', 'צ''יפס גדול', 18, 3571),
(14139, 2220, 'Garlic sauce', 'רוטב שום', 0, 3572),
(14140, 2220, 'Thousand Island', 'רוטב אלך האיים', 0, 3573),
(14141, 2220, 'Spicy house sauce', 'רוטב הבית - קצת חריף', 0, 3574),
(14142, 2221, 'Small', 'צ''יפס קטן', 10, 3575),
(14143, 2221, 'Large', 'צ''יפס גדול', 18, 3576),
(14144, 2222, 'Garlic sauce', 'רוטב שום', 0, 3577),
(14145, 2222, 'Thousand Island', 'רוטב אלך האיים', 0, 3578),
(14146, 2222, 'Spicy house sauce', 'רוטב הבית - קצת חריף', 0, 3579),
(14147, 2223, 'Coke', 'קוקה קולה', 1, 3580),
(14148, 2223, 'Coke Zero', ' קוקה קולה זירו', 1, 3581),
(14149, 2223, 'Apple cider', 'סיידר תפוחים', 0, 3582),
(14150, 2223, 'Pepsi', 'פפסי', 0, 3583),
(14151, 2223, 'Mirinda', 'מרינדה', 0, 3584),
(14152, 2224, 'Coca cola', 'קוקה קולה', 4, 3585),
(14153, 2224, 'Mineral water', 'מים מנרלים', 0, 3586),
(14154, 2224, 'Flavored water', 'מים בטעמים', 4, 3587),
(14155, 2224, 'Iced tea', '', 4, 3588),
(14156, 2224, 'Jump juice', 'מיצים ג''אמפ', 4, 3589),
(14157, 2225, 'Coke', 'קוקה קולה', 0, 3590),
(14158, 2225, 'Coke Zero', 'קוקה קולה זירו', 0, 3591),
(14159, 2225, 'Pepsi', 'פפסי', 0, 3592),
(14160, 2225, 'Mirinda', 'מרינדה', 0, 3593),
(14161, 2225, '7 Up', '7 אפ', 0, 3594),
(14162, 2225, 'Jump - Apple', 'ג''אמפ - תפוחים', 0, 3595),
(14163, 2225, 'Orange drink', 'תפוזים', 0, 3596),
(14164, 2225, 'Mango', 'מנגו', 0, 3597),
(14165, 2225, 'Mineral water', 'מים מנרלים', 0, 3598),
(14166, 2226, 'Spicy house sauce', 'רוטב הבית - קצת חריף', 0, 0),
(14167, 2226, 'Garlic sauce ', 'רוטב שום', 0, 0),
(14168, 2226, 'Thousand Island', 'רוטב אלף האיים', 0, 0),
(14169, 2227, 'Spicy house sauce', 'רוטב הבית - קצת חריף', 0, 0),
(14170, 2227, 'Garlic sauce ', 'רוטב שום', 0, 0),
(14171, 2227, 'Thousand Island', 'רוטב אלף האיים', 0, 0),
(15000, 2300, 'Onion', 'בצל', 3, 3599),
(15001, 2300, 'Mushroom', 'פטריות', 3, 3600),
(15002, 2300, 'Fried egg', 'ביצה עין', 3, 3601),
(15003, 2301, 'Onion rings', 'תוספת טבעות בצל בארוחה', 3, 3602),
(15004, 2301, 'Upgrade to beer', 'שדרוג בירה בארוחה', 6, 3603),
(15005, 2302, 'Lettuce', 'חסה', 0, 3604),
(15006, 2302, 'Tomato', 'עגבניה', 0, 3605),
(15007, 2302, 'Pickles', 'חמוצים        ', 0, 3606),
(15008, 2302, 'Onion', 'בצל', 0, 3607),
(15009, 2302, '1000 Island dressing', 'רוטב 1000 איים', 0, 3608),
(15010, 2303, 'Onion', 'בצל', 3, 3609),
(15011, 2303, 'Mushroom', 'פטריות', 3, 3610),
(15012, 2303, 'Fried egg', 'ביצה עין', 3, 3611),
(15013, 2304, 'Onion rings', 'תוספת טבעות בצל בארוחה', 3, 3612),
(15014, 2304, 'Upgrade to beer', 'שדרוג בירה בארוחה', 6, 3613),
(15015, 2305, 'Lettuce', 'חסה', 0, 3614),
(15016, 2305, 'Tomato', 'עגבניה', 0, 3615),
(15017, 2305, 'Pickles', 'חמוצים        ', 0, 3616),
(15018, 2305, 'Onion', 'בצל', 0, 3617),
(15019, 2305, '1000 Island dressing', 'רוטב 1000 איים', 0, 3618),
(15020, 2306, 'Onion', 'בצל', 3, 3619),
(15021, 2306, 'Mushroom', 'פטריות', 3, 3620),
(15022, 2306, 'Fried egg', 'ביצה עין', 3, 3621),
(15023, 2307, 'Onion rings', 'תוספת טבעות בצל בארוחה', 3, 3622),
(15024, 2307, 'Upgrade to beer', 'שדרוג בירה בארוחה', 6, 3623),
(15025, 2308, 'Lettuce', 'חסה', 0, 3624),
(15026, 2308, 'Tomato', 'עגבניה', 0, 3625),
(15027, 2308, 'Pickles', 'חמוצים        ', 0, 3626),
(15028, 2308, 'Onion', 'בצל', 0, 3627),
(15029, 2308, '1000 Island dressing', 'רוטב 1000 איים', 0, 3628),
(15030, 2309, 'Mushroom', 'פטריות', 3, 3629),
(15031, 2309, 'Fried egg', 'ביצה עין', 3, 3630),
(15032, 2310, 'Onion rings', 'תוספת טבעות בצל בארוחה', 3, 3631),
(15033, 2310, 'Upgrade to beer', 'שדרוג בירה בארוחה', 6, 3632),
(15034, 2311, 'Lettuce', 'חסה', 0, 3633),
(15035, 2311, 'Tomato', 'עגבניה', 0, 3634),
(15036, 2311, 'Pickles', 'חמוצים        ', 0, 3635),
(15037, 2311, 'Onion', 'בצל', 0, 3636),
(15038, 2311, '1000 Island dressing', 'רוטב 1000 איים', 0, 3637),
(15039, 2312, 'Mushroom', 'פטריות', 3, 3638),
(15040, 2312, 'Fried egg', 'ביצה עין', 3, 3639),
(15041, 2313, 'Onion rings', 'תוספת טבעות בצל בארוחה', 3, 3640),
(15042, 2313, 'Upgrade to beer', 'שדרוג בירה בארוחה', 6, 3641),
(15043, 2314, 'Lettuce', 'חסה', 0, 3642),
(15044, 2314, 'Tomato', 'עגבניה', 0, 3643),
(15045, 2314, 'Pickles', 'חמוצים        ', 0, 3644),
(15046, 2314, 'Onion', 'בצל', 0, 3645),
(15047, 2314, '1000 Island dressing', 'רוטב 1000 איים', 0, 3646),
(15048, 2315, 'Mushroom', 'פטריות', 3, 3647),
(15049, 2315, 'Fried egg', 'ביצה עין', 3, 3648),
(15050, 2316, 'Onion rings', 'תוספת טבעות בצל בארוחה', 3, 3649),
(15051, 2316, 'Upgrade to beer', 'שדרוג בירה בארוחה', 6, 3650),
(15052, 2317, 'Lettuce', 'חסה', 0, 3651),
(15053, 2317, 'Tomato', 'עגבניה', 0, 3652),
(15054, 2317, 'Pickles', 'חמוצים        ', 0, 3653),
(15055, 2317, 'Onion', 'בצל', 0, 3654),
(15056, 2317, '1000 Island dressing', 'רוטב 1000 איים', 0, 3655),
(15057, 2318, 'Mushroom', 'פטריות', 3, 3656),
(15058, 2318, 'Fried egg', 'ביצה עין', 3, 3657),
(15059, 2319, 'Onion rings', 'תוספת טבעות בצל בארוחה', 3, 3658),
(15060, 2319, 'Upgrade to beer', 'שדרוג בירה בארוחה', 6, 3659),
(15061, 2320, 'Lettuce', 'חסה', 0, 3660),
(15062, 2320, 'Tomato', 'עגבניה', 0, 3661),
(15063, 2320, 'Pickles', 'חמוצים        ', 0, 3662),
(15064, 2320, 'Onion', 'בצל', 0, 3663),
(15065, 2320, '1000 Island dressing', 'רוטב 1000 איים', 0, 3664),
(15066, 2321, 'Mushroom', 'פטריות', 3, 3665),
(15067, 2321, 'Fried egg', 'ביצה עין', 3, 3666),
(15068, 2322, 'Onion rings', 'תוספת טבעות בצל בארוחה', 3, 3667),
(15069, 2322, 'Upgrade to beer', 'שדרוג בירה בארוחה', 6, 3668),
(15070, 2323, 'Lettuce', 'חסה', 0, 3669),
(15071, 2323, 'Tomato', 'עגבניה', 0, 3670),
(15072, 2323, 'Pickles', 'חמוצים        ', 0, 3671),
(15073, 2323, 'Onion', 'בצל', 0, 3672),
(15074, 2323, '1000 Island dressing', 'רוטב 1000 איים', 0, 3673),
(15075, 2324, 'Mushroom', 'פטריות', 3, 3674),
(15076, 2324, 'Fried egg', 'ביצה עין', 3, 3675),
(15077, 2325, 'Onion rings', 'תוספת טבעות בצל בארוחה', 3, 3676),
(15078, 2325, 'Upgrade to beer', 'שדרוג בירה בארוחה', 6, 3677),
(15079, 2326, 'Lettuce', 'חסה', 0, 3678),
(15080, 2326, 'Tomato', 'עגבניה', 0, 3679),
(15081, 2326, 'Pickles', 'חמוצים        ', 0, 3680),
(15082, 2326, 'Onion', 'בצל', 0, 3681),
(15083, 2326, '1000 Island dressing', 'רוטב 1000 איים', 0, 3682),
(15084, 2327, 'Onion', 'בצל', 3, 3683),
(15085, 2327, 'Mushroom', 'פטריות', 3, 3684),
(15086, 2327, 'Fried egg', 'ביצה עין', 3, 3685),
(15087, 2328, 'Lettuce', 'חסה', 0, 3686),
(15088, 2328, 'Tomato', 'עגבניה', 0, 3687),
(15089, 2328, 'Pickles', 'חמוצים', 0, 3688),
(15090, 2328, 'Onion', 'בצל', 0, 3689),
(15091, 2328, '1000 Island dressing', 'רוטב 1000 איים', 0, 3690),
(15092, 2329, 'Onion', 'בצל', 3, 3691),
(15093, 2329, 'Mushroom', 'פטריות', 3, 3692),
(15094, 2329, 'Fried egg', 'ביצה עין', 3, 3693),
(15095, 2330, 'Lettuce', 'חסה', 0, 3694),
(15096, 2330, 'Tomato', 'עגבניה', 0, 3695),
(15097, 2330, 'Pickles', 'חמוצים', 0, 3696),
(15098, 2330, 'Onion', 'בצל', 0, 3697),
(15099, 2330, '1000 Island dressing', 'רוטב 1000 איים', 0, 3698),
(15100, 2331, 'Onion', 'בצל', 3, 3699),
(15101, 2331, 'Mushroom', 'פטריות', 3, 3700),
(15102, 2331, 'Fried egg', 'ביצה עין', 3, 3701),
(15103, 2332, 'Lettuce', 'חסה', 0, 3702),
(15104, 2332, 'Tomato', 'עגבניה', 0, 3703),
(15105, 2332, 'Pickles', 'חמוצים', 0, 3704),
(15106, 2332, 'Onion', 'בצל', 0, 3705),
(15107, 2332, '1000 Island dressing', 'רוטב 1000 איים', 0, 3706),
(15108, 2333, 'Onion', 'בצל', 3, 3707),
(15109, 2333, 'Mushroom', 'פטריות', 3, 3708),
(15110, 2333, 'Fried egg', 'ביצה עין', 3, 3709),
(15111, 2334, 'Lettuce', 'חסה', 0, 3710),
(15112, 2334, 'Tomato', 'עגבניה', 0, 3711),
(15113, 2334, 'Pickles', 'חמוצים', 0, 3712),
(15114, 2334, 'Onion', 'בצל', 0, 3713),
(15115, 2334, '1000 Island dressing', 'רוטב 1000 איים', 0, 3714),
(15116, 2335, 'Onion', 'בצל', 3, 3715),
(15117, 2335, 'Mushroom', 'פטריות', 3, 3716),
(15118, 2335, 'Fried egg', 'ביצה עין', 3, 3717),
(15119, 2336, 'Lettuce', 'חסה', 0, 3718),
(15120, 2336, 'Tomato', 'עגבניה', 0, 3719),
(15121, 2336, 'Pickles', 'חמוצים', 0, 3720),
(15122, 2336, 'Onion', 'בצל', 0, 3721),
(15123, 2336, '1000 Island dressing', 'רוטב 1000 איים', 0, 3722),
(15124, 2337, 'Onion', 'בצל', 3, 3723),
(15125, 2337, 'Mushroom', 'פטריות', 3, 3724),
(15126, 2337, 'Fried egg', 'ביצה עין', 3, 3725),
(15127, 2338, 'Lettuce', 'חסה', 0, 3726),
(15128, 2338, 'Tomato', 'עגבניה', 0, 3727),
(15129, 2338, 'Pickles', 'חמוצים', 0, 3728),
(15130, 2338, 'Onion', 'בצל', 0, 3729),
(15131, 2338, '1000 Island dressing', 'רוטב 1000 איים', 0, 3730),
(15132, 2339, 'Onion', 'בצל', 3, 3731),
(15133, 2339, 'Mushroom', 'פטריות', 3, 3732),
(15134, 2339, 'Fried egg', 'ביצה עין', 3, 3733),
(15135, 2340, 'Lettuce', 'חסה', 0, 3734),
(15136, 2340, 'Tomato', 'עגבניה', 0, 3735),
(15137, 2340, 'Pickles', 'חמוצים', 0, 3736),
(15138, 2340, 'Onion', 'בצל', 0, 3737),
(15139, 2340, '1000 Island dressing', 'רוטב 1000 איים', 0, 3738),
(15140, 2341, 'Onion', 'בצל', 3, 3739),
(15141, 2341, 'Mushroom', 'פטריות', 3, 3740),
(15142, 2341, 'Fried egg', 'ביצה עין', 3, 3741),
(15143, 2342, 'Lettuce', 'חסה', 0, 3742),
(15144, 2342, 'Tomato', 'עגבניה', 0, 3743),
(15145, 2342, 'Pickles', 'חמוצים', 0, 3744),
(15146, 2342, 'Onion', 'בצל', 0, 3745),
(15147, 2342, '1000 Island dressing', 'רוטב 1000 איים', 0, 3746),
(15148, 2343, 'Onion', 'בצל', 3, 3747),
(15149, 2343, 'Mushroom', 'פטריות', 3, 3748),
(15150, 2343, 'Fried egg', 'ביצה עין', 3, 3749),
(15151, 2344, 'Lettuce', 'חסה', 0, 3750),
(15152, 2344, 'Tomato', 'עגבניה', 0, 3751),
(15153, 2344, 'Pickles', 'חמוצים', 0, 3752),
(15154, 2344, 'Onion', 'בצל', 0, 3753),
(15155, 2344, '1000 Island dressing', 'רוטב 1000 איים', 0, 3754),
(15156, 2345, 'Regular', 'רגיל', 11, 3755),
(15157, 2345, 'Large', 'גדול', 14, 3756),
(15158, 2346, 'Regular', 'רגיל', 14, 3757),
(15159, 2346, 'Large', 'גדול', 17, 3758),
(15160, 2347, 'Mushrooms', 'פטריות שמפיניון', 3, 3759),
(15161, 2347, 'Chicken breast', 'חזה עןף', 9, 3760);

-- --------------------------------------------------------

--
-- Table structure for table `tags`
--

CREATE TABLE IF NOT EXISTS `tags` (
  `id` int(16) NOT NULL AUTO_INCREMENT,
  `name_en` varchar(255) NOT NULL,
  `name_he` varchar(255) NOT NULL,
  PRIMARY KEY (`id`)
) ENGINE=InnoDB  DEFAULT CHARSET=utf8 AUTO_INCREMENT=21 ;

--
-- Dumping data for table `tags`
--

INSERT INTO `tags` (`id`, `name_en`, `name_he`) VALUES
(2, 'Meat', 'בשר'),
(3, 'Burgers', 'המבורגרים'),
(4, 'Sandwiches', 'סנדוויצים'),
(5, 'Tortillas', 'טורטיות'),
(6, 'Grill', 'גריל'),
(7, 'Steak', 'סטייק'),
(8, 'Pizza', 'פיצה'),
(9, 'Sushi', 'סושי'),
(10, 'Asian', 'אסייתי'),
(11, 'Salad', 'סלט'),
(12, 'Toast', 'טוסט'),
(13, 'Asian Food', ' אוכל אסייתי'),
(14, 'Pastries', 'מאפים'),
(15, 'Pastas', 'פסטות'),
(16, 'Desserts', 'וקינוחים'),
(17, 'Dairy', 'מַחלָבָה'),
(18, 'Vegan', 'טִבעוֹנִי'),
(19, 'Schwarma', 'שווארמה'),
(20, 'Coffee, dairy cafe', 'בית קפה');

-- --------------------------------------------------------

--
-- Table structure for table `users`
--

CREATE TABLE IF NOT EXISTS `users` (
  `id` int(16) NOT NULL AUTO_INCREMENT,
  `smooch_id` varchar(255) DEFAULT NULL,
  `name` varchar(255) DEFAULT NULL,
  `user_name` varchar(255) NOT NULL,
  `password` varchar(255) NOT NULL,
  `discount` int(11) NOT NULL,
  `date` date NOT NULL,
  `contact` varchar(255) DEFAULT NULL,
  `address` varchar(255) DEFAULT NULL,
  `state` int(16) NOT NULL DEFAULT '0',
  `language` varchar(255) NOT NULL DEFAULT 'english',
  `payment_url` varchar(255) DEFAULT NULL,
  `extras` varchar(255) DEFAULT NULL,
  `restaurant_id` int(16) DEFAULT NULL,
  `role_id` int(11) DEFAULT NULL,
  `company_id` int(11) DEFAULT NULL,
  `voucherify_id` varchar(255) NOT NULL,
  PRIMARY KEY (`id`),
  KEY `restaurant_id` (`restaurant_id`),
  KEY `company_id` (`company_id`),
  KEY `role_id` (`role_id`)
) ENGINE=InnoDB  DEFAULT CHARSET=utf8 AUTO_INCREMENT=421 ;

--
-- Dumping data for table `users`
--

INSERT INTO `users` (`id`, `smooch_id`, `name`, `user_name`, `password`, `discount`, `date`, `contact`, `address`, `state`, `language`, `payment_url`, `extras`, `restaurant_id`, `role_id`, `company_id`, `voucherify_id`) VALUES
(255, 'ahmadworkspace@gmail.com', 'Muhammad', '', '', 0, '0000-00-00', '343434', '', 0, 'english', NULL, NULL, NULL, 2, 1, ''),
(260, 'test@gmail.com', 'test@gmail.com', '', '', 0, '0000-00-00', '3434', 'dsf', 0, 'english', NULL, NULL, NULL, NULL, NULL, 'cust_IjBLrqEudMhvhLQGfWs8gXNO'),
(261, 'dfgdfgdfg', 'Muhammad', '', '', 0, '2017-04-04', '454545', 'sdfsdf', 0, 'english', NULL, NULL, NULL, NULL, 1, ''),
(262, 'Tes@gmail.com', '', '', '', 0, '0000-00-00', NULL, NULL, 0, 'english', NULL, NULL, NULL, NULL, NULL, ''),
(263, 'test4444@gmail.com', '', '', '', 0, '0000-00-00', NULL, NULL, 0, 'english', NULL, NULL, NULL, NULL, NULL, ''),
(264, 'test43434@gmail.com', '', '', '', 0, '0000-00-00', NULL, NULL, 0, 'english', NULL, NULL, NULL, NULL, NULL, ''),
(265, 'test333@gmail.com', '', '', '', 0, '0000-00-00', NULL, NULL, 0, 'english', NULL, NULL, NULL, NULL, NULL, ''),
(266, 'testwwew@gmail.com', '', '', '', 0, '0000-00-00', NULL, NULL, 0, 'english', NULL, NULL, NULL, NULL, NULL, ''),
(267, 'eewe@gmail.com', '', '', '', 0, '0000-00-00', NULL, NULL, 0, 'english', NULL, NULL, NULL, NULL, NULL, ''),
(268, 'fdff@gmail.com', '', '', '', 0, '0000-00-00', NULL, NULL, 0, 'english', NULL, NULL, NULL, NULL, NULL, ''),
(269, 'nice@gmail.com', '', '', '', 0, '0000-00-00', NULL, NULL, 0, 'english', NULL, NULL, NULL, NULL, NULL, ''),
(270, 'ahmad69191@gmail.com', '', '', '', 0, '0000-00-00', NULL, NULL, 0, 'english', NULL, NULL, NULL, 2, 1, ''),
(271, 'Test111@gmail.com', '', '', '', 0, '0000-00-00', NULL, NULL, 0, 'english', NULL, NULL, NULL, NULL, NULL, ''),
(272, 'Klinger.micheal09@gmail.com', '', '', '', 0, '0000-00-00', NULL, NULL, 0, 'english', NULL, NULL, NULL, NULL, NULL, ''),
(273, 'rustom31122@gmail.com', 'Rustom', '', '', 0, '0000-00-00', '343444', '', 0, 'english', NULL, NULL, NULL, NULL, NULL, ''),
(274, 'avi@pushstartups.com', 'avi test', '', '', 0, '0000-00-00', '0000000', 'gad bet shemesh', 0, 'english', NULL, NULL, NULL, NULL, NULL, 'cust_1whzjgK8ux7TqSVd7SR2ciSp'),
(275, 'test@test.com', 'testing', '', '', 0, '0000-00-00', '456456465465', '', 0, 'english', NULL, NULL, NULL, NULL, NULL, ''),
(276, 'rael@pushstartups.com', 'rael test', '', '', 0, '0000-00-00', '000000', '', 0, 'english', NULL, NULL, NULL, 2, 1, ''),
(277, '47ae2bc6dec29ba24f07a3fe', NULL, '', '', 0, '0000-00-00', NULL, NULL, 1, 'english', NULL, NULL, NULL, NULL, NULL, ''),
(278, 'umair.khalid786@outlook.com', NULL, '', '', 0, '0000-00-00', NULL, NULL, 0, 'english', NULL, NULL, NULL, NULL, NULL, ''),
(279, 'Dvora@pushstartups.com', 'Dvora', '', '', 0, '0000-00-00', '0543047266', '', 0, 'english', NULL, NULL, NULL, NULL, NULL, ''),
(280, 'ahmadworkuuspace@gmail.com', NULL, '', '', 0, '0000-00-00', NULL, NULL, 0, 'english', NULL, NULL, NULL, NULL, NULL, ''),
(281, 'test@gmai.com', NULL, '', '', 0, '0000-00-00', NULL, NULL, 0, 'english', NULL, NULL, NULL, NULL, NULL, ''),
(282, 'Fdh@hdh.com', NULL, '', '', 0, '0000-00-00', NULL, NULL, 0, 'english', NULL, NULL, NULL, NULL, NULL, ''),
(283, 'Ch@hch.com', NULL, '', '', 0, '0000-00-00', NULL, NULL, 0, 'english', NULL, NULL, NULL, NULL, NULL, ''),
(284, 'asdf@asdf.com', 'asdf', '', '', 0, '0000-00-00', '123', '', 0, 'english', NULL, NULL, NULL, NULL, NULL, ''),
(285, 'josh@pushstartups.com', 'Josh Test 3', '', '', 0, '0000-00-00', '00000000', 'Shimon St', 0, 'english', NULL, NULL, NULL, NULL, NULL, ''),
(286, 'test3434@gmail.com', NULL, '', '', 0, '0000-00-00', NULL, NULL, 0, 'english', NULL, NULL, NULL, NULL, NULL, ''),
(287, 'test223@gmail.com', NULL, '', '', 0, '0000-00-00', NULL, NULL, 0, 'english', NULL, NULL, NULL, NULL, NULL, ''),
(288, 'test6565@gmail.com', 'Muhammad', '', '', 0, '0000-00-00', '454534545', '', 0, 'english', NULL, NULL, NULL, NULL, NULL, ''),
(289, 'test@gmailc.om', NULL, '', '', 0, '0000-00-00', NULL, NULL, 0, 'english', NULL, NULL, NULL, NULL, NULL, ''),
(290, 'test6666@gmail.com', NULL, '', '', 0, '0000-00-00', NULL, NULL, 0, 'english', NULL, NULL, NULL, NULL, NULL, ''),
(291, 'rael@pushstarups.com', 'RaEL;', '', '', 0, '0000-00-00', '05455155', '', 0, 'english', NULL, NULL, NULL, NULL, NULL, ''),
(292, 'fa@cd.vom', 'rlda32', '', '', 0, '0000-00-00', '05424501', '05', 0, 'english', NULL, NULL, NULL, NULL, NULL, ''),
(293, 'rad@dad.com', 'arra', '', '', 0, '0000-00-00', '041', '', 0, 'english', NULL, NULL, NULL, NULL, NULL, ''),
(294, 'rae@sda.com', 'rare', '', '', 0, '0000-00-00', '054', '', 0, 'english', NULL, NULL, NULL, NULL, NULL, ''),
(295, 'test10@gmail.com', NULL, '', '', 0, '0000-00-00', NULL, NULL, 0, 'english', NULL, NULL, NULL, NULL, NULL, ''),
(296, 'test1110@gmail.com', 'test', '', '', 0, '0000-00-00', '032289697998', 'lahore', 0, 'english', NULL, NULL, NULL, NULL, NULL, ''),
(297, 'test110@gmail.com', NULL, '', '', 0, '0000-00-00', NULL, NULL, 0, 'english', NULL, NULL, NULL, NULL, NULL, ''),
(298, 'shoaib@gmail.com', NULL, '', '', 0, '0000-00-00', NULL, NULL, 0, 'english', NULL, NULL, NULL, NULL, NULL, ''),
(299, 'roza@gmail.com', 'roza', '', '', 0, '0000-00-00', '3434344', '', 0, 'english', NULL, NULL, NULL, NULL, NULL, ''),
(300, 'japan@gmail.com', 'japan', '', '', 0, '0000-00-00', '3434344', '', 0, 'english', NULL, NULL, NULL, NULL, NULL, ''),
(301, 'shery@gmail.com', NULL, '', '', 0, '0000-00-00', NULL, NULL, 0, 'english', NULL, NULL, NULL, NULL, NULL, ''),
(302, 'sdfdsf@dfdf.com', NULL, '', '', 0, '0000-00-00', NULL, NULL, 0, 'english', NULL, NULL, NULL, NULL, NULL, ''),
(303, 'm@g.com', NULL, '', '', 0, '0000-00-00', NULL, NULL, 0, 'english', NULL, NULL, NULL, NULL, NULL, ''),
(304, 'sdf@dfdf.com', NULL, '', '', 0, '0000-00-00', NULL, NULL, 0, 'english', NULL, NULL, NULL, NULL, NULL, ''),
(305, 'dfd@df.com', NULL, '', '', 0, '0000-00-00', NULL, NULL, 0, 'english', NULL, NULL, NULL, NULL, NULL, ''),
(306, 'dfdf@fgfg.com', NULL, '', '', 0, '0000-00-00', NULL, NULL, 0, 'english', NULL, NULL, NULL, NULL, NULL, ''),
(307, 'testdf@gmaildf.com', NULL, '', '', 0, '0000-00-00', NULL, NULL, 0, 'english', NULL, NULL, NULL, NULL, NULL, ''),
(308, 'tefdf@fgfg.com', NULL, '', '', 0, '0000-00-00', NULL, NULL, 0, 'english', NULL, NULL, NULL, NULL, NULL, ''),
(309, 'dfdsf@hjhj.com', NULL, '', '', 0, '0000-00-00', NULL, NULL, 0, 'english', NULL, NULL, NULL, NULL, NULL, ''),
(310, 'dfdfdf@sdfsdfdsf.com', NULL, '', '', 0, '0000-00-00', NULL, NULL, 0, 'english', NULL, NULL, NULL, NULL, NULL, ''),
(311, 'testsdsdsd@gmail.com', NULL, '', '', 0, '0000-00-00', NULL, NULL, 0, 'english', NULL, NULL, NULL, NULL, NULL, ''),
(312, 'testasdf@gmail.com', NULL, '', '', 0, '0000-00-00', NULL, NULL, 0, 'english', NULL, NULL, NULL, NULL, NULL, ''),
(313, 'avi@psushstartups.com', NULL, '', '', 0, '0000-00-00', NULL, NULL, 0, 'english', NULL, NULL, NULL, NULL, NULL, ''),
(314, 'shoaib.it002@gmail.com', 'Shoaib', '', '', 0, '0000-00-00', '0306648193', '', 0, 'english', NULL, NULL, NULL, NULL, NULL, ''),
(315, 'shoaibasdfa@gmail.com', NULL, '', '', 0, '0000-00-00', NULL, NULL, 0, 'english', NULL, NULL, NULL, NULL, NULL, ''),
(316, 'rael@psu.com', 'Rael Olwyn', '', '', 0, '0000-00-00', '00000', '', 0, 'english', NULL, NULL, NULL, NULL, NULL, ''),
(317, 'ewrt@sdf.com', 'wert', '', '', 0, '0000-00-00', '23452345', '', 0, 'english', NULL, NULL, NULL, NULL, NULL, ''),
(318, 'fdgs@sd.com', 'ewrgw', '', '', 0, '0000-00-00', '1342345', '', 0, 'english', NULL, NULL, NULL, NULL, NULL, ''),
(319, 'sdfg@sdf.com', 'fsdg', '', '', 0, '0000-00-00', '345665', '', 0, 'english', NULL, NULL, NULL, NULL, NULL, ''),
(320, 'mark@pushstartups.com', 'Mark', '', '', 0, '0000-00-00', '0000000000', '', 0, 'english', NULL, NULL, NULL, NULL, NULL, ''),
(321, 'dsfdsf@gmail.com', NULL, '', '', 0, '0000-00-00', NULL, NULL, 0, 'english', NULL, NULL, NULL, NULL, NULL, ''),
(322, 'test@gmaik.com', 'Muhammad', '', '', 0, '0000-00-00', '343434', '', 0, 'english', NULL, NULL, NULL, NULL, NULL, ''),
(323, 'test233@gmail.com', 'Muhammad ', '', '', 0, '0000-00-00', '343434', 'sdfsdf', 0, 'english', NULL, NULL, NULL, NULL, NULL, ''),
(324, 'sdfsdf@fsdf.com', 'sdfsdf', '', '', 0, '0000-00-00', '13215643215', '', 0, 'english', NULL, NULL, NULL, NULL, NULL, ''),
(325, 'test@tester.com', 'test', '', '', 0, '0000-00-00', '0507665524', 'hahar street', 0, 'english', NULL, NULL, NULL, NULL, NULL, ''),
(326, 'muhammad.iftikhar.aftab@gmail.com', 'shoaib', 'shoaibtest', 'shoaibtest', 35, '2017-04-02', '0333258955', '', 0, 'english', NULL, NULL, NULL, NULL, 2, ''),
(327, 'shoaibcompany2@gmail.com', 'shoaib', 'shoaibcompany2', 'shoaibcompany2', 0, '0000-00-00', '03338134153', 'lahore', 0, 'english', NULL, NULL, NULL, NULL, 3, ''),
(328, 'dfdf@gmail.com', NULL, '', '', 0, '0000-00-00', NULL, NULL, 0, 'english', NULL, NULL, NULL, NULL, NULL, ''),
(329, 'dfsfd@dsfsdfdsfsd.com', NULL, '', '', 0, '0000-00-00', NULL, NULL, 0, 'english', NULL, NULL, NULL, NULL, NULL, ''),
(330, 'sdfsdf3434@sdfsdf.com', 'Muhammad', '', '', 0, '0000-00-00', '343434', 'afd', 0, 'english', NULL, NULL, NULL, NULL, NULL, ''),
(331, 'testsd@sdfgsdf.com', NULL, '', '', 0, '0000-00-00', NULL, NULL, 0, 'english', NULL, NULL, NULL, NULL, NULL, ''),
(332, 'wsdfsd@adsf.com', NULL, '', '', 0, '0000-00-00', NULL, NULL, 0, 'english', NULL, NULL, NULL, NULL, NULL, ''),
(333, 'wesdf@sdfds.com', NULL, '', '', 0, '0000-00-00', NULL, NULL, 0, 'english', NULL, NULL, NULL, NULL, NULL, ''),
(334, 'asdfdsaf@sadfsdf.com', NULL, '', '', 0, '0000-00-00', NULL, NULL, 0, 'english', NULL, NULL, NULL, NULL, NULL, ''),
(335, 'fgfdg@sfgsdfg.com', NULL, '', '', 0, '0000-00-00', NULL, NULL, 0, 'english', NULL, NULL, NULL, NULL, NULL, ''),
(336, 'asfd@dsaf.com', 'afr', '', '', 0, '0000-00-00', '3434', '', 0, 'english', NULL, NULL, NULL, NULL, NULL, ''),
(337, 'adf@sadf.com', 'adf', '', '', 0, '0000-00-00', '3434', 'sdf', 0, 'english', NULL, NULL, NULL, NULL, NULL, ''),
(338, 'sdf@sdfsdf.com', 'sdf', '', '', 0, '0000-00-00', '3434', '', 0, 'english', NULL, NULL, NULL, NULL, NULL, ''),
(339, 'sdf@zdf.com', 'sdgf', '', '', 0, '0000-00-00', '4545', '', 0, 'english', NULL, NULL, NULL, NULL, NULL, ''),
(340, 'dsf@dsf.com', 'sadfdf', '', '', 0, '0000-00-00', '334', '', 0, 'english', NULL, NULL, NULL, NULL, NULL, ''),
(341, 'sdfsd@dsfgs.com', 'sdf', '', '', 0, '0000-00-00', '34534', '', 0, 'english', NULL, NULL, NULL, NULL, NULL, ''),
(342, 'sdf@sdfgsfdg.com', 'sfdsf', '', '', 0, '0000-00-00', '34534', '', 0, 'english', NULL, NULL, NULL, NULL, NULL, ''),
(343, 'asfd@sadf.com', 'adfadf ', '', '', 0, '0000-00-00', '334', '', 0, 'english', NULL, NULL, NULL, NULL, NULL, ''),
(344, 'sedsdf@sdfsdf.com', 'sdf', '', '', 0, '0000-00-00', '3434', '', 0, 'english', NULL, NULL, NULL, NULL, NULL, ''),
(345, 'sdf@sdf.com', 'sdf', '', '', 0, '0000-00-00', '3434', 'ASD', 0, 'english', NULL, NULL, NULL, NULL, NULL, 'cust_8sjvqln6MsGsD5k2d8wYoWcb'),
(346, 'sdfdsf@sdfdsf.com', 'sdfsdf', '', '', 0, '0000-00-00', '3434', '', 0, 'english', NULL, NULL, NULL, NULL, NULL, ''),
(347, 'afd@adf.com', 'asfd', '', '', 0, '0000-00-00', '3434', '', 0, 'english', NULL, NULL, NULL, NULL, NULL, ''),
(348, 'dafdf@gasdfdf.com', 'dafdf', '', '', 0, '0000-00-00', '3434', 'sdfsdf', 0, 'english', NULL, NULL, NULL, NULL, NULL, ''),
(349, 'sdfsdf@sdfsdf.com', NULL, '', '', 0, '0000-00-00', NULL, NULL, 0, 'english', NULL, NULL, NULL, NULL, NULL, ''),
(350, 'testsdf@gmail.com', NULL, '', '', 0, '0000-00-00', NULL, NULL, 0, 'english', NULL, NULL, NULL, NULL, NULL, ''),
(351, 'dsf@gm.com', NULL, '', '', 0, '0000-00-00', NULL, NULL, 0, 'english', NULL, NULL, NULL, NULL, NULL, ''),
(352, 'dfg@gm.com', NULL, '', '', 0, '0000-00-00', NULL, NULL, 0, 'english', NULL, NULL, NULL, NULL, NULL, ''),
(353, 'sdf@sadf.com', NULL, '', '', 0, '0000-00-00', NULL, NULL, 0, 'english', NULL, NULL, NULL, NULL, NULL, 'cust_fNLEvIxCNi6mbygnVPZq8TWl'),
(354, 'dfgdsfg@fsadf.com', NULL, '', '', 0, '0000-00-00', NULL, NULL, 0, 'english', NULL, NULL, NULL, NULL, NULL, ''),
(355, 'xcv@sdf.com', NULL, '', '', 0, '0000-00-00', NULL, NULL, 0, 'english', NULL, NULL, NULL, NULL, NULL, ''),
(356, 'dsfgdsf@sdg.com', NULL, '', '', 0, '0000-00-00', NULL, NULL, 0, 'english', NULL, NULL, NULL, NULL, NULL, ''),
(357, 'dfgsdfg@sg.com', NULL, '', '', 0, '0000-00-00', NULL, NULL, 0, 'english', NULL, NULL, NULL, NULL, NULL, ''),
(358, 'sdfg@dfg.com', NULL, '', '', 0, '0000-00-00', NULL, NULL, 0, 'english', NULL, NULL, NULL, NULL, NULL, ''),
(359, 'sdfgdsfg@dfg.com', NULL, '', '', 0, '0000-00-00', NULL, NULL, 0, 'english', NULL, NULL, NULL, NULL, NULL, ''),
(360, 'dfgsdfg@sdf.com', NULL, '', '', 0, '0000-00-00', NULL, NULL, 0, 'english', NULL, NULL, NULL, NULL, NULL, ''),
(361, 'dfgsdf@gs.com', NULL, '', '', 0, '0000-00-00', NULL, NULL, 0, 'english', NULL, NULL, NULL, NULL, NULL, ''),
(362, 'dsfg@gdfg.com', NULL, '', '', 0, '0000-00-00', NULL, NULL, 0, 'english', NULL, NULL, NULL, NULL, NULL, ''),
(363, 'sdfg@dsfg.com', NULL, '', '', 0, '0000-00-00', NULL, NULL, 0, 'english', NULL, NULL, NULL, NULL, NULL, ''),
(364, 'dsaf@sdf.com', 'adsfdf', '', '', 0, '0000-00-00', '334', '', 0, 'english', NULL, NULL, NULL, NULL, NULL, ''),
(365, 'asd@adf.com', 'asd', '', '', 0, '0000-00-00', '3434', '', 0, 'english', NULL, NULL, NULL, NULL, NULL, ''),
(366, 'asdsad@adfadf.com', 'asdsad ', '', '', 0, '0000-00-00', '343434', '', 0, 'english', NULL, NULL, NULL, NULL, NULL, ''),
(367, 'sdf@dsfsdf.com', 'sadfdf', '', '', 0, '0000-00-00', '3434', '', 0, 'english', NULL, NULL, NULL, NULL, NULL, ''),
(368, 'dsfdsf@sdff.com', 'sdfdsf s', '', '', 0, '0000-00-00', '343434', '', 0, 'english', NULL, NULL, NULL, NULL, NULL, ''),
(369, 'sdfs@sfgsd.com', 'sdfdsf', '', '', 0, '0000-00-00', '3434', '', 0, 'english', NULL, NULL, NULL, NULL, NULL, ''),
(370, 'dsfdf@asdf.com', 'fasdfd', '', '', 0, '0000-00-00', '433434', '', 0, 'english', NULL, NULL, NULL, NULL, NULL, ''),
(371, 'sdf@adsf.com', 'dsfsdf', '', '', 0, '0000-00-00', '3434', '', 0, 'english', NULL, NULL, NULL, NULL, NULL, ''),
(372, 'sadasd@dafadf.com', 'asdasdsad', '', '', 0, '0000-00-00', '32434', '', 0, 'english', NULL, NULL, NULL, NULL, NULL, ''),
(373, 'muhammad@gmail.com', 'muhammad', '', '', 0, '0000-00-00', '343434', 'dsf', 0, 'english', NULL, NULL, NULL, NULL, NULL, ''),
(374, 'asd@gmail.com', 'asd', '', '', 0, '0000-00-00', '3434', '', 0, 'english', NULL, NULL, NULL, NULL, NULL, ''),
(375, 'sdf@gmail.com', 'sdf', '', '', 0, '0000-00-00', '334', '', 0, 'english', NULL, NULL, NULL, NULL, NULL, ''),
(376, 'dsf@dsaf.com', 'sdf', '', '', 0, '0000-00-00', '33434', 'fsdfsdf', 0, 'english', NULL, NULL, NULL, NULL, NULL, ''),
(377, 'sdf@dsaf.com', 'sdfsdf', '', '', 0, '0000-00-00', '3434', 'sdfsdfdsf', 0, 'english', NULL, NULL, NULL, NULL, NULL, ''),
(378, 'dsf@sdf.com', 'asdfdsf', '', '', 0, '0000-00-00', '34343', 'sdf', 0, 'english', NULL, NULL, NULL, NULL, NULL, ''),
(379, 'ahmad@gmail.com', 'Muhammad', '', '', 0, '0000-00-00', '3434', '', 0, 'english', NULL, NULL, NULL, NULL, NULL, ''),
(380, 'aaron@hunterztest.com', 'tester to telegram', '', '', 0, '0000-00-00', '4654654654', '', 0, 'english', NULL, NULL, NULL, NULL, NULL, ''),
(381, 'adsf@sadf.com', 'adf', '', '', 0, '0000-00-00', '3434', 'sdf', 0, 'english', NULL, NULL, NULL, NULL, NULL, ''),
(382, 'muhammad.iftikhar.aftab@gmaiil.com', 'Muhammad', '', '', 0, '0000-00-00', '3243434', 'test address', 0, 'english', NULL, NULL, NULL, NULL, NULL, ''),
(383, 'sdg@sf.lkj', 'sf', '', '', 0, '0000-00-00', '321321', 'dfg', 0, 'english', NULL, NULL, NULL, NULL, NULL, ''),
(384, 'dfg@dfg.lkjdf', 'dfg', '', '', 0, '0000-00-00', '321321', '', 0, 'english', NULL, NULL, NULL, NULL, NULL, ''),
(385, 'tasawarmahmood24@gmail.com', 'tasawar', '', '', 0, '0000-00-00', '321321', '', 0, 'english', NULL, NULL, NULL, NULL, NULL, ''),
(386, 'xyz@gmail.com', NULL, '', '', 0, '0000-00-00', NULL, NULL, 0, 'english', NULL, NULL, NULL, NULL, NULL, ''),
(389, 'xxx@gmail.com', 'xxx', '', '', 0, '0000-00-00', '3434', '', 0, 'english', NULL, NULL, NULL, NULL, NULL, ''),
(390, 'ddd@gmail.com', NULL, '', '', 0, '0000-00-00', NULL, NULL, 0, 'english', NULL, NULL, NULL, NULL, NULL, ''),
(391, 'ppp@gmail.com', NULL, '', '', 0, '0000-00-00', NULL, NULL, 0, 'english', NULL, NULL, NULL, NULL, NULL, ''),
(392, 'kpk@gmail.com', NULL, '', '', 0, '0000-00-00', NULL, NULL, 0, 'english', NULL, NULL, NULL, NULL, NULL, ''),
(393, 'bbb@gmail.com', NULL, '', '', 0, '0000-00-00', NULL, NULL, 0, 'english', NULL, NULL, NULL, NULL, NULL, 'cust_5LhVG80IT9ejTLal7hKZONZz'),
(394, 'teest@test.com', NULL, '', '', 0, '0000-00-00', NULL, NULL, 0, 'english', NULL, NULL, NULL, NULL, NULL, 'cust_fD6Yp8eaDrQcIBwGbVLDFPqD'),
(395, 'rockk@gmail.com', NULL, '', '', 0, '0000-00-00', NULL, NULL, 0, 'english', NULL, NULL, NULL, NULL, NULL, ''),
(396, 'rockkkkkk@gmail.com', NULL, '', '', 0, '0000-00-00', NULL, NULL, 0, 'english', NULL, NULL, NULL, NULL, NULL, ''),
(397, 'ggg@gmail.com', NULL, '', '', 0, '0000-00-00', NULL, NULL, 0, 'english', NULL, NULL, NULL, NULL, NULL, 'cust_bTWUCSRxT6tjYGiO7HCAQtoL'),
(398, 'fgf@gmail.com', NULL, '', '', 0, '0000-00-00', NULL, NULL, 0, 'english', NULL, NULL, NULL, NULL, NULL, ''),
(399, 'fgffff@gmail.com', NULL, '', '', 0, '0000-00-00', NULL, NULL, 0, 'english', NULL, NULL, NULL, NULL, NULL, 'cust_ist1ngUn6YvCClWvv0uETvg0'),
(400, 'fgffffdfdf@gmail.com', NULL, '', '', 0, '0000-00-00', NULL, NULL, 0, 'english', NULL, NULL, NULL, NULL, NULL, ''),
(401, 'a@a.com', 'testy', '', '', 0, '0000-00-00', '654654654', 'a', 0, 'english', NULL, NULL, NULL, NULL, NULL, 'cust_LUvYYRKZMITIEoLunfWy08vX'),
(402, 'asdf@adsf.com', NULL, '', '', 0, '0000-00-00', NULL, NULL, 0, 'english', NULL, NULL, NULL, NULL, NULL, ''),
(403, 'sdf@asdf.com', NULL, '', '', 0, '0000-00-00', NULL, NULL, 0, 'english', NULL, NULL, NULL, NULL, NULL, ''),
(404, 'af@sdfdsf.com', NULL, '', '', 0, '0000-00-00', NULL, NULL, 0, 'english', NULL, NULL, NULL, NULL, NULL, 'cust_QKNe8y1mjHqz93RadA9209KN'),
(405, 'cvc@gmail.com', NULL, '', '', 0, '0000-00-00', NULL, NULL, 0, 'english', NULL, NULL, NULL, NULL, NULL, 'cust_kD7VzxAelfWOJ5FwvpsO1yA8'),
(406, 'rael@ioda.com', NULL, '', '', 0, '0000-00-00', NULL, NULL, 0, 'english', NULL, NULL, NULL, NULL, NULL, ''),
(407, 'ral@ioad.com', NULL, '', '', 0, '0000-00-00', NULL, NULL, 0, 'english', NULL, NULL, NULL, NULL, NULL, ''),
(408, 'noam.lipsitz@gmail.com', 'noam', '', '', 0, '0000-00-00', '0525133739', 'asher street', 0, 'english', NULL, NULL, NULL, NULL, NULL, 'cust_xgLfz3nDMGzo0xnovuC8NDTk'),
(409, 'bbbfgf@hghg.com', 'gfghfhg', '', '', 0, '0000-00-00', '5665', '', 0, 'english', NULL, NULL, NULL, NULL, NULL, ''),
(410, 'ifti@gmail.com', 'test user', 'test1234', 'test1234', 22, '2017-04-03', '3232323', 'dsafdsfdsf', 0, 'english', NULL, NULL, NULL, NULL, 6, ''),
(411, 'aaa@gmail.com', 'aaa', 'aaa1234', 'aaa1234', 22, '2017-04-02', '23232323', 'sdfsdfsdf', 0, 'english', NULL, NULL, NULL, NULL, 6, ''),
(412, 'sf@sdf.com', NULL, '', '', 0, '0000-00-00', NULL, NULL, 0, 'english', NULL, NULL, NULL, NULL, NULL, ''),
(413, 'testg@gmail.com', NULL, '', '', 0, '0000-00-00', NULL, NULL, 0, 'english', NULL, NULL, NULL, NULL, NULL, 'cust_XFTNwKXouVExXlXam2PUQJ2g'),
(414, 'sdf@dfg.com', 'sdf', '', '', 0, '0000-00-00', '321321', '', 0, 'english', NULL, NULL, NULL, NULL, NULL, 'cust_oLMUnMb79zwa67HSTuDCtvoZ'),
(415, 'rale@psic.com', 'Rael test', '', '', 0, '0000-00-00', '00000', 'fafa', 0, 'english', NULL, NULL, NULL, NULL, NULL, 'cust_65N0etR1pWUSpQJ1G4AepoO9'),
(416, 'rale@pdal.copm', 'Rael', '', '', 0, '0000-00-00', '0000', 'gad', 0, 'english', NULL, NULL, NULL, NULL, NULL, 'cust_3N5hPcj6Q32o6DAxE1OKnO5z'),
(417, 'rael@push.com', 'Rael Test', '', '', 0, '0000-00-00', '0000', 'dadca', 0, 'english', NULL, NULL, NULL, NULL, NULL, 'cust_mXK2IMyq00r5kR9T2YaONPl9'),
(418, 'e@e.com', NULL, '', '', 0, '0000-00-00', NULL, NULL, 0, 'english', NULL, NULL, NULL, NULL, NULL, ''),
(419, 'sdfdsf@dsfsdfdsf.com', NULL, '', '', 0, '0000-00-00', NULL, NULL, 0, 'english', NULL, NULL, NULL, NULL, NULL, ''),
(420, 'wsdfdsf@dsfdsf.com', 'ASDASD', '', '', 0, '0000-00-00', '3434', 'sdf', 0, 'english', NULL, NULL, NULL, NULL, NULL, 'cust_IHxzNUuQIx1Qb06ZKn9Crm4o');

-- --------------------------------------------------------

--
-- Table structure for table `user_coupons`
--

CREATE TABLE IF NOT EXISTS `user_coupons` (
  `id` int(11) NOT NULL AUTO_INCREMENT,
  `user_id` int(11) DEFAULT NULL,
  `coupon_id` int(11) DEFAULT NULL,
  PRIMARY KEY (`id`),
  KEY `user_id` (`user_id`)
) ENGINE=InnoDB  DEFAULT CHARSET=latin1 AUTO_INCREMENT=67 ;

--
-- Dumping data for table `user_coupons`
--

INSERT INTO `user_coupons` (`id`, `user_id`, `coupon_id`) VALUES
(65, 274, NULL),
(66, 274, NULL);

-- --------------------------------------------------------

--
-- Table structure for table `user_orders`
--

CREATE TABLE IF NOT EXISTS `user_orders` (
  `id` int(11) NOT NULL AUTO_INCREMENT,
  `user_id` int(11) NOT NULL,
  `restaurant_id` int(11) NOT NULL,
  `total` int(11) NOT NULL,
  `coupon_discount` varchar(255) DEFAULT NULL,
  `discount_value` int(11) NOT NULL,
  `order_date` date NOT NULL,
  PRIMARY KEY (`id`),
  KEY `fk_user_order` (`user_id`),
  KEY `restaurant_id` (`restaurant_id`)
) ENGINE=InnoDB  DEFAULT CHARSET=utf8 AUTO_INCREMENT=397 ;

--
-- Dumping data for table `user_orders`
--

INSERT INTO `user_orders` (`id`, `user_id`, `restaurant_id`, `total`, `coupon_discount`, `discount_value`, `order_date`) VALUES
(92, 260, 2, 118, NULL, 0, '2017-02-15'),
(93, 260, 2, 118, NULL, 0, '2017-02-15'),
(94, 260, 2, 86, 'fixed percentage', 30, '2017-02-15'),
(95, 260, 1, 106, NULL, 0, '2017-02-15'),
(96, 261, 1, 118, NULL, 0, '2017-02-15'),
(97, 261, 1, 118, NULL, 0, '2017-02-15'),
(98, 261, 1, 129, 'fixed value', 50, '2017-02-15'),
(99, 261, 3, 144, NULL, 0, '2017-02-15'),
(100, 261, 1, 93, NULL, 0, '2017-02-15'),
(101, 261, 1, 157, NULL, 0, '2017-02-15'),
(102, 261, 2, 186, NULL, 0, '2017-02-15'),
(103, 260, 1, 93, NULL, 0, '2017-02-16'),
(104, 261, 3, 78, NULL, 0, '2017-02-19'),
(105, 261, 1, 157, NULL, 0, '2017-02-19'),
(106, 261, 3, 105, 'fixed percentage', 0, '2017-02-19'),
(107, 261, 3, 105, NULL, 0, '2017-02-19'),
(108, 261, 3, 101, NULL, 0, '2017-02-19'),
(109, 261, 3, 105, NULL, 0, '2017-02-19'),
(110, 261, 3, 99, NULL, 0, '2017-02-19'),
(111, 260, 3, 103, NULL, 0, '2017-02-19'),
(112, 260, 3, 101, NULL, 0, '2017-02-19'),
(113, 260, 3, 101, NULL, 0, '2017-02-19'),
(114, 260, 3, 101, NULL, 0, '2017-02-19'),
(115, 260, 3, 101, NULL, 0, '2017-02-19'),
(116, 260, 1, 157, NULL, 0, '2017-02-19'),
(117, 260, 1, 199, NULL, 0, '2017-02-19'),
(118, 260, 1, 181, NULL, 0, '2017-02-19'),
(119, 260, 1, 137, NULL, 0, '2017-02-19'),
(120, 260, 1, 199, NULL, 0, '2017-02-19'),
(121, 260, 1, 157, NULL, 0, '2017-02-19'),
(122, 260, 1, 157, NULL, 0, '2017-02-19'),
(123, 260, 1, 157, NULL, 0, '2017-02-19'),
(124, 260, 1, 137, NULL, 0, '2017-02-19'),
(125, 260, 1, 157, NULL, 0, '2017-02-19'),
(126, 260, 1, 157, NULL, 0, '2017-02-19'),
(127, 260, 1, 157, NULL, 0, '2017-02-19'),
(128, 261, 1, 199, NULL, 0, '2017-02-19'),
(129, 261, 1, 157, NULL, 0, '2017-02-19'),
(130, 261, 1, 199, 'fixed percentage', 0, '2017-02-19'),
(131, 261, 1, 295, NULL, 0, '2017-02-19'),
(132, 261, 1, 199, 'fixed percentage', 0, '2017-02-19'),
(133, 261, 1, 199, NULL, 0, '2017-02-19'),
(134, 260, 1, 186, NULL, 0, '2017-02-19'),
(135, 260, 1, 93, NULL, 0, '2017-02-19'),
(136, 261, 1, 126, NULL, 0, '2017-02-19'),
(137, 261, 1, 104, 'fixed percentage', 30, '2017-02-19'),
(138, 261, 1, 148, NULL, 0, '2017-02-19'),
(139, 261, 1, 93, NULL, 0, '2017-02-19'),
(140, 271, 1, 136, 'fixed value', 50, '2017-02-19'),
(141, 260, 3, 148, NULL, 0, '2017-02-19'),
(142, 260, 3, 105, NULL, 0, '2017-02-19'),
(143, 260, 3, 74, 'fixed percentage', 30, '2017-02-19'),
(144, 260, 1, 127, 'fixed value', 50, '2017-02-19'),
(145, 260, 1, 93, NULL, 0, '2017-02-19'),
(146, 260, 2, 132, NULL, 0, '2017-02-19'),
(147, 261, 1, 128, NULL, 0, '2017-02-19'),
(148, 260, 2, 160, NULL, 0, '2017-02-19'),
(149, 272, 5, 129, NULL, 0, '2017-02-20'),
(150, 261, 1, 157, NULL, 0, '2017-02-20'),
(151, 261, 1, 135, NULL, 0, '2017-02-20'),
(152, 260, 1, 93, NULL, 0, '2017-02-20'),
(153, 261, 1, 93, NULL, 0, '2017-02-20'),
(154, 261, 1, 84, NULL, 0, '2017-02-20'),
(155, 261, 1, 221, NULL, 0, '2017-02-20'),
(156, 273, 1, 65, 'fixed percentage', 30, '2017-02-20'),
(157, 274, 1, 74, NULL, 0, '2017-02-21'),
(158, 255, 1, 60, NULL, 0, '2017-02-22'),
(159, 260, 1, 68, NULL, 0, '2017-02-22'),
(160, 260, 1, 68, NULL, 0, '2017-02-22'),
(161, 260, 1, 64, NULL, 0, '2017-02-23'),
(162, 260, 1, 64, NULL, 0, '2017-02-23'),
(163, 260, 1, 68, NULL, 0, '2017-02-23'),
(164, 260, 1, 64, NULL, 0, '2017-02-23'),
(165, 260, 1, 128, NULL, 0, '2017-02-24'),
(166, 255, 1, 92, NULL, 0, '2017-02-25'),
(167, 275, 1, 157, NULL, 0, '2017-02-26'),
(168, 275, 1, 139, NULL, 0, '2017-02-27'),
(169, 274, 1, 64, NULL, 0, '2017-02-27'),
(170, 275, 6, 75, NULL, 0, '2017-02-28'),
(171, 275, 1, 128, NULL, 0, '2017-02-28'),
(172, 274, 1, 64, NULL, 0, '2017-02-28'),
(173, 279, 2, 280, NULL, 0, '2017-02-28'),
(174, 274, 1, 250, NULL, 0, '2017-02-28'),
(175, 274, 2, 56, NULL, 0, '2017-02-28'),
(176, 260, 1, 68, NULL, 0, '2017-03-01'),
(177, 274, 3, 66, NULL, 0, '2017-03-01'),
(178, 260, 1, 68, NULL, 0, '2017-03-01'),
(179, 260, 1, 68, NULL, 0, '2017-03-01'),
(180, 260, 1, 68, NULL, 0, '2017-03-01'),
(181, 260, 1, 161, NULL, 0, '2017-03-01'),
(182, 260, 1, 254, NULL, 0, '2017-03-01'),
(183, 260, 1, 177, NULL, 0, '2017-03-01'),
(184, 260, 1, 93, NULL, 0, '2017-03-01'),
(185, 260, 1, 64, NULL, 0, '2017-03-01'),
(186, 260, 1, 250, NULL, 0, '2017-03-01'),
(187, 260, 1, 64, NULL, 0, '2017-03-01'),
(188, 285, 1, 144, NULL, 0, '2017-03-01'),
(189, 260, 1, 93, NULL, 0, '2017-03-01'),
(190, 260, 1, 254, NULL, 0, '2017-03-01'),
(191, 260, 1, 68, NULL, 0, '2017-03-01'),
(192, 260, 1, 68, NULL, 0, '2017-03-01'),
(193, 261, 5, 136, NULL, 0, '2017-03-07'),
(194, 288, 1, 272, 'fixed value', 50, '2017-03-08'),
(195, 261, 1, 93, NULL, 0, '2017-03-08'),
(196, 260, 1, 186, NULL, 0, '2017-03-08'),
(197, 261, 1, 68, NULL, 0, '2017-03-08'),
(198, 260, 1, 93, NULL, 0, '2017-03-08'),
(199, 260, 1, 93, NULL, 0, '2017-03-08'),
(200, 260, 1, 157, NULL, 0, '2017-03-08'),
(201, 260, 1, 93, NULL, 0, '2017-03-08'),
(202, 260, 1, 186, NULL, 0, '2017-03-09'),
(203, 276, 3, 79, 'fixed percentage', 30, '2017-03-09'),
(204, 291, 3, 66, NULL, 0, '2017-03-09'),
(205, 276, 5, 75, NULL, 0, '2017-03-09'),
(206, 292, 6, 8, 'fixed value', 50, '2017-03-09'),
(207, 276, 9, 66, NULL, 0, '2017-03-09'),
(208, 293, 4, 66, NULL, 0, '2017-03-09'),
(209, 276, 4, 68, NULL, 0, '2017-03-09'),
(210, 260, 1, 93, NULL, 0, '2017-03-09'),
(211, 260, 1, 93, NULL, 0, '2017-03-09'),
(212, 260, 1, 84, NULL, 0, '2017-03-09'),
(213, 260, 1, 86, NULL, 0, '2017-03-09'),
(214, 276, 1, 52, NULL, 0, '2017-03-11'),
(215, 294, 1, 63, NULL, 0, '2017-03-15'),
(216, 260, 1, 88, NULL, 0, '2017-03-15'),
(217, 296, 2, 56, 'fixed value', 50, '2017-03-15'),
(218, 299, 1, 43, 'fixed value', 50, '2017-03-15'),
(219, 300, 1, 43, 'fixed value', 50, '2017-03-15'),
(220, 261, 1, 93, NULL, 0, '2017-03-15'),
(221, 261, 1, 93, NULL, 0, '2017-03-15'),
(222, 261, 1, 186, NULL, 0, '2017-03-18'),
(223, 261, 1, 93, NULL, 0, '2017-03-18'),
(224, 261, 1, 135, NULL, 0, '2017-03-18'),
(225, 260, 1, 93, NULL, 0, '2017-03-19'),
(226, 260, 6, 62, NULL, 0, '2017-03-19'),
(227, 274, 1, 108, 'fixed percentage', 10, '2017-03-19'),
(228, 274, 2, 667, NULL, 0, '2017-03-19'),
(229, 314, 1, 92, NULL, 0, '2017-03-20'),
(230, 260, 1, 93, NULL, 0, '2017-03-20'),
(231, 316, 1, 63, NULL, 0, '2017-03-21'),
(232, 275, 1, 216, NULL, 0, '2017-03-21'),
(233, 314, 1, 74, NULL, 0, '2017-03-21'),
(234, 314, 1, 74, NULL, 0, '2017-03-21'),
(235, 314, 1, 74, NULL, 0, '2017-03-21'),
(236, 314, 1, 74, NULL, 0, '2017-03-21'),
(237, 314, 1, 84, NULL, 0, '2017-03-21'),
(238, 260, 1, 93, NULL, 0, '2017-03-21'),
(239, 314, 2, 56, NULL, 0, '2017-03-21'),
(240, 317, 2, 61, NULL, 0, '2017-03-21'),
(241, 318, 2, 61, NULL, 0, '2017-03-21'),
(242, 275, 1, 83, NULL, 0, '2017-03-21'),
(243, 275, 1, 83, NULL, 0, '2017-03-21'),
(244, 275, 1, 83, NULL, 0, '2017-03-21'),
(245, 275, 1, 83, NULL, 0, '2017-03-21'),
(246, 275, 1, 83, NULL, 0, '2017-03-21'),
(247, 260, 1, 93, NULL, 0, '2017-03-21'),
(248, 319, 2, 61, NULL, 0, '2017-03-21'),
(249, 260, 1, 93, NULL, 0, '2017-03-21'),
(250, 261, 1, 93, NULL, 0, '2017-03-21'),
(251, 261, 1, 93, NULL, 0, '2017-03-21'),
(252, 261, 9, 56, 'fixed percentage', 20, '2017-03-21'),
(253, 320, 2, 108, NULL, 0, '2017-03-21'),
(254, 320, 2, 97, NULL, 0, '2017-03-21'),
(255, 260, 1, 74, 'fixed percentage', 20, '2017-03-22'),
(256, 322, 1, 161, NULL, 0, '2017-03-22'),
(257, 260, 2, 78, 'fixed percentage', 20, '2017-03-22'),
(258, 323, 1, 142, 'fixed percentage', 20, '2017-03-22'),
(259, 261, 9, 70, NULL, 0, '2017-03-22'),
(260, 261, 1, 93, NULL, 0, '2017-03-22'),
(261, 261, 1, 93, NULL, 0, '2017-03-22'),
(262, 261, 1, 93, NULL, 0, '2017-03-22'),
(263, 261, 1, 93, NULL, 0, '2017-03-22'),
(264, 260, 1, 157, NULL, 0, '2017-03-23'),
(265, 324, 3, 132, NULL, 0, '2017-03-23'),
(266, 285, 6, 50, 'fixed percentage', 20, '2017-03-23'),
(267, 284, 1, 148, NULL, 0, '2017-03-23'),
(268, 284, 7, 51, NULL, 0, '2017-03-23'),
(269, 325, 1, 92, NULL, 0, '2017-03-23'),
(270, 330, 9, 56, 'fixed percentage', 20, '2017-03-23'),
(271, 260, 1, 93, NULL, 0, '2017-03-23'),
(272, 336, 1, 50, NULL, 0, '2017-03-23'),
(273, 260, 1, 93, NULL, 0, '2017-03-23'),
(274, 260, 1, 93, NULL, 0, '2017-03-23'),
(275, 337, 1, 68, NULL, 0, '2017-03-23'),
(276, 338, 1, 93, NULL, 0, '2017-03-23'),
(277, 339, 1, 93, NULL, 0, '2017-03-23'),
(278, 340, 1, 93, NULL, 0, '2017-03-23'),
(279, 341, 1, 93, NULL, 0, '2017-03-23'),
(280, 342, 1, 93, NULL, 0, '2017-03-23'),
(281, 343, 1, 93, NULL, 0, '2017-03-23'),
(282, 344, 1, 93, NULL, 0, '2017-03-23'),
(283, 345, 1, 68, NULL, 0, '2017-03-23'),
(284, 346, 1, 68, NULL, 0, '2017-03-23'),
(285, 347, 1, 93, NULL, 0, '2017-03-23'),
(286, 348, 1, 74, 'fixed percentage', 20, '2017-03-23'),
(287, 261, 1, 157, NULL, 0, '2017-03-26'),
(288, 261, 1, 143, NULL, 0, '2017-03-26'),
(289, 261, 1, 215, NULL, 0, '2017-03-26'),
(290, 260, 1, 151, NULL, 0, '2017-03-26'),
(291, 261, 1, 143, NULL, 0, '2017-03-26'),
(292, 261, 1, 148, NULL, 0, '2017-03-26'),
(293, 261, 1, 145, NULL, 0, '2017-03-26'),
(294, 260, 1, 161, NULL, 0, '2017-03-26'),
(295, 261, 1, 115, NULL, 0, '2017-03-26'),
(296, 261, 1, 93, NULL, 0, '2017-03-27'),
(297, 260, 1, 93, NULL, 0, '2017-03-27'),
(298, 260, 1, 161, NULL, 0, '2017-03-27'),
(299, 261, 1, 93, NULL, 0, '2017-03-27'),
(300, 260, 1, 93, NULL, 0, '2017-03-27'),
(301, 260, 1, 93, NULL, 0, '2017-03-27'),
(302, 364, 1, 93, NULL, 0, '2017-03-27'),
(303, 365, 1, 93, NULL, 0, '2017-03-27'),
(304, 366, 1, 93, NULL, 0, '2017-03-27'),
(305, 343, 1, 93, NULL, 0, '2017-03-27'),
(306, 367, 1, 93, NULL, 0, '2017-03-27'),
(307, 368, 1, 93, NULL, 0, '2017-03-27'),
(308, 369, 1, 93, NULL, 0, '2017-03-27'),
(309, 340, 1, 93, NULL, 0, '2017-03-27'),
(310, 260, 1, 93, NULL, 0, '2017-03-27'),
(311, 370, 1, 93, NULL, 0, '2017-03-27'),
(312, 371, 1, 93, NULL, 0, '2017-03-27'),
(313, 372, 1, 93, NULL, 0, '2017-03-27'),
(314, 373, 1, 93, NULL, 0, '2017-03-27'),
(315, 260, 1, 93, NULL, 0, '2017-03-27'),
(316, 345, 1, 93, NULL, 0, '2017-03-27'),
(317, 260, 1, 93, NULL, 0, '2017-03-27'),
(318, 374, 1, 93, NULL, 0, '2017-03-27'),
(319, 260, 1, 93, NULL, 0, '2017-03-27'),
(320, 260, 1, 93, NULL, 0, '2017-03-27'),
(321, 260, 1, 93, NULL, 0, '2017-03-27'),
(322, 373, 1, 186, NULL, 0, '2017-03-27'),
(323, 375, 1, 93, NULL, 0, '2017-03-27'),
(324, 375, 1, 93, NULL, 0, '2017-03-27'),
(325, 261, 1, 93, NULL, 0, '2017-03-27'),
(326, 376, 1, 93, NULL, 0, '2017-03-27'),
(327, 377, 1, 93, NULL, 0, '2017-03-27'),
(328, 378, 1, 93, NULL, 0, '2017-03-27'),
(329, 261, 1, 93, NULL, 0, '2017-03-27'),
(330, 261, 1, 93, NULL, 0, '2017-03-27'),
(331, 261, 1, 93, NULL, 0, '2017-03-27'),
(332, 373, 1, 93, NULL, 0, '2017-03-27'),
(333, 261, 1, 93, NULL, 0, '2017-03-27'),
(334, 261, 1, 93, NULL, 0, '2017-03-27'),
(335, 261, 1, 93, NULL, 0, '2017-03-27'),
(336, 261, 1, 93, NULL, 0, '2017-03-27'),
(337, 261, 1, 93, NULL, 0, '2017-03-27'),
(338, 261, 1, 93, NULL, 0, '2017-03-27'),
(339, 261, 1, 93, NULL, 0, '2017-03-27'),
(340, 255, 6, 58, NULL, 0, '2017-03-27'),
(341, 260, 1, 93, NULL, 0, '2017-03-27'),
(342, 255, 1, 93, NULL, 0, '2017-03-27'),
(343, 255, 1, 93, NULL, 0, '2017-03-27'),
(344, 379, 1, 93, NULL, 0, '2017-03-27'),
(345, 379, 1, 93, NULL, 0, '2017-03-27'),
(346, 260, 1, 93, NULL, 0, '2017-03-27'),
(347, 255, 1, 93, NULL, 0, '2017-03-27'),
(348, 255, 1, 186, NULL, 0, '2017-03-27'),
(349, 380, 1, 61, NULL, 0, '2017-03-29'),
(350, 260, 1, 71, NULL, 0, '2017-03-29'),
(351, 260, 1, 71, NULL, 0, '2017-03-29'),
(352, 260, 1, 71, NULL, 0, '2017-03-29'),
(353, 260, 1, 71, NULL, 0, '2017-03-29'),
(354, 260, 1, 71, NULL, 0, '2017-03-29'),
(355, 260, 1, 229, NULL, 0, '2017-03-29'),
(356, 260, 1, 225, NULL, 0, '2017-03-29'),
(357, 260, 1, 222, NULL, 0, '2017-03-29'),
(358, 260, 1, 131, NULL, 0, '2017-03-29'),
(359, 260, 1, 96, NULL, 0, '2017-03-29'),
(360, 260, 1, 277, NULL, 0, '2017-03-29'),
(361, 275, 2, 64, NULL, 0, '2017-03-29'),
(362, 314, 1, 449, NULL, 0, '2017-03-29'),
(363, 381, 1, 96, NULL, 0, '2017-03-29'),
(364, 382, 1, 96, NULL, 0, '2017-03-29'),
(365, 261, 1, 115, NULL, 0, '2017-03-29'),
(366, 261, 1, 119, NULL, 0, '2017-03-29'),
(367, 383, 1, 238, NULL, 0, '2017-03-30'),
(368, 384, 1, 213, NULL, 0, '2017-03-30'),
(369, 274, 4, 97, NULL, 0, '2017-03-30'),
(370, 385, 1, 63, NULL, 0, '2017-03-30'),
(371, 389, 1, 90, NULL, 0, '2017-03-30'),
(372, 274, 1, 129, NULL, 0, '2017-03-30'),
(373, 274, 1, 151, 'fixed value', 20, '2017-03-30'),
(374, 274, 2, 125, 'fixed value', 20, '2017-03-30'),
(375, 274, 1, 160, NULL, 0, '2017-03-30'),
(376, 276, 1, 78, NULL, 0, '2017-03-30'),
(377, 408, 1, 122, 'fixed percentage', 15, '2017-03-30'),
(378, 409, 1, 499, NULL, 0, '2017-03-31'),
(379, 326, 2, 40, NULL, 0, '2017-04-01'),
(380, 276, 1, 88, NULL, 0, '2017-04-02'),
(381, 414, 1, 350, NULL, 0, '2017-04-03'),
(382, 276, 1, 52, NULL, 0, '2017-04-03'),
(383, 274, 1, 86, NULL, 0, '2017-04-03'),
(384, 415, 6, 66, 'fixed percentage', 15, '2017-04-03'),
(385, 416, 1, 69, 'fixed percentage', 15, '2017-04-03'),
(386, 274, 1, 76, 'fixed percentage', 15, '2017-04-03'),
(387, 345, 1, 56, 'fixed value', 40, '2017-04-03'),
(388, 417, 1, 37, 'fixed value', 40, '2017-04-03'),
(389, 274, 3, 51, 'fixed value', 40, '2017-04-03'),
(390, 417, 1, 27, 'fixed value', 40, '2017-04-03'),
(391, 378, 1, 115, NULL, 0, '2017-04-03'),
(392, 274, 1, 115, NULL, 0, '2017-04-03'),
(393, 401, 1, 113, NULL, 0, '2017-04-05'),
(394, 420, 1, 174, 'fixed percentage', 10, '2017-04-05'),
(395, 401, 1, 113, NULL, 0, '2017-04-05'),
(396, 401, 1, 104, 'fixed percentage', 10, '2017-04-05');

-- --------------------------------------------------------

--
-- Table structure for table `user_roles`
--

CREATE TABLE IF NOT EXISTS `user_roles` (
  `id` int(11) NOT NULL AUTO_INCREMENT,
  `name` varchar(80) NOT NULL,
  PRIMARY KEY (`id`)
) ENGINE=InnoDB  DEFAULT CHARSET=latin1 AUTO_INCREMENT=3 ;

--
-- Dumping data for table `user_roles`
--

INSERT INTO `user_roles` (`id`, `name`) VALUES
(1, 'normal'),
(2, 'b2b');

-- --------------------------------------------------------

--
-- Table structure for table `user_votes`
--

CREATE TABLE IF NOT EXISTS `user_votes` (
  `id` int(11) NOT NULL AUTO_INCREMENT,
  `user_id` int(11) NOT NULL,
  `restaurant_id` int(11) NOT NULL,
  `vote_timing_id` int(11) NOT NULL,
  PRIMARY KEY (`id`),
  KEY `user_id` (`user_id`),
  KEY `restaurant_id` (`restaurant_id`),
  KEY `vote_timing_id` (`vote_timing_id`)
) ENGINE=InnoDB  DEFAULT CHARSET=latin1 AUTO_INCREMENT=11 ;

--
-- Dumping data for table `user_votes`
--

INSERT INTO `user_votes` (`id`, `user_id`, `restaurant_id`, `vote_timing_id`) VALUES
(9, 255, 2, 1),
(10, 276, 1, 1);

-- --------------------------------------------------------

--
-- Table structure for table `vote_timings`
--

CREATE TABLE IF NOT EXISTS `vote_timings` (
  `id` int(11) NOT NULL AUTO_INCREMENT,
  `company_id` int(11) NOT NULL,
  `voting_start` varchar(255) NOT NULL,
  `voting_end` varchar(255) NOT NULL,
  `ordering_end` varchar(255) NOT NULL,
  PRIMARY KEY (`id`),
  KEY `company_id` (`company_id`)
) ENGINE=InnoDB  DEFAULT CHARSET=latin1 AUTO_INCREMENT=4 ;

--
-- Dumping data for table `vote_timings`
--

INSERT INTO `vote_timings` (`id`, `company_id`, `voting_start`, `voting_end`, `ordering_end`) VALUES
(1, 1, '09:57:00', '12:53:00', '12:59:00');

-- --------------------------------------------------------

--
-- Table structure for table `weekly_availibility`
--

CREATE TABLE IF NOT EXISTS `weekly_availibility` (
  `id` int(11) NOT NULL AUTO_INCREMENT,
  `restaurant_id` int(11) NOT NULL,
  `week_en` varchar(255) NOT NULL,
  `week_he` varchar(255) NOT NULL,
  `opening_time` varchar(255) NOT NULL,
  `opening_time_he` varchar(255) NOT NULL,
  `closing_time` varchar(255) NOT NULL,
  `closing_time_he` varchar(255) NOT NULL,
  PRIMARY KEY (`id`),
  KEY `restaurant_id` (`restaurant_id`)
) ENGINE=InnoDB  DEFAULT CHARSET=utf8 AUTO_INCREMENT=127 ;

--
-- Dumping data for table `weekly_availibility`
--

INSERT INTO `weekly_availibility` (`id`, `restaurant_id`, `week_en`, `week_he`, `opening_time`, `opening_time_he`, `closing_time`, `closing_time_he`) VALUES
(8, 1, 'Sunday', 'יום א', '11:00', '11:00', '22:00', '22:00'),
(9, 1, 'Monday', 'יום ב', '11:00', '11:00', '22:00', '22:00'),
(10, 1, 'Tuesday', 'יום ג', '11:00', '11:00', '22:00', '22:00'),
(11, 1, 'Wednesday', 'יום ד', '11:00', '11:00', '22:00', '22:00'),
(12, 1, 'Thursday', 'יום ה', '11:00', '11:00', '22:00', '22:00'),
(13, 1, 'Friday', 'ששי', 'Closed', 'סָגוּר', 'Closed', 'סָגוּר'),
(14, 1, 'Saturday', 'שבת', 'Closed', 'סָגוּר', 'Closed', 'סָגוּר'),
(15, 2, 'Sunday', 'יום א', '11:00', '11:00', '22:00', '22:00'),
(16, 2, 'Monday', 'יום ב', '11:00', '11:00', '22:00', '22:00'),
(17, 2, 'Tuesday', 'יום ג', '11:00', '11:00', '22:00', '22:00'),
(18, 2, 'Wednesday', 'יום ד', '11:00', '11:00', '22:00', '22:00'),
(19, 2, 'Thursday', 'יום ה', '11:00', '11:00', '22:00', '22:00'),
(20, 2, 'Friday', 'ששי', 'Closed', 'סָגוּר', 'Closed', 'סָגוּר'),
(21, 2, 'Saturday', 'שבת', 'Closed', 'סָגוּר', 'Closed', 'סָגוּר'),
(22, 3, 'Sunday', 'יום א', '11:00', '11:00', '22:00', '22:00'),
(23, 3, 'Monday', 'יום ב', '11:00', '11:00', '22:00', '22:00'),
(24, 3, 'Tuesday', 'יום ג', '11:00', '11:00', '22:00', '22:00'),
(25, 3, 'Wednesday', 'יום ד', '11:00', '11:00', '22:00', '22:00'),
(26, 3, 'Thursday', 'יום ה', '11:00', '11:00', '22:00', '22:00'),
(27, 3, 'Friday', 'ששי', 'Closed', 'סָגוּר', 'Closed', 'סָגוּר'),
(28, 3, 'Saturday', 'שבת', 'Closed', 'סָגוּר', 'Closed', 'סָגוּר'),
(36, 4, 'Sunday', 'יום א', '11:00', '11:00', '22:00', '22:00'),
(37, 4, 'Monday', 'יום ב', '11:00', '11:00', '22:00', '22:00'),
(38, 4, 'Tuesday', 'יום ג', '11:00', '11:00', '22:00', '22:00'),
(39, 4, 'Wednesday', 'יום ד', '11:00', '11:00', '22:00', '22:00'),
(40, 4, 'Thursday', 'יום ה', '11:00', '11:00', '22:00', '22:00'),
(41, 4, 'Friday', 'ששי', 'Closed', 'סָגוּר', 'Closed', 'סָגוּר'),
(42, 4, 'Saturday', 'שבת', 'Closed', 'סָגוּר', 'Closed', 'סָגוּר'),
(43, 5, 'Sunday', 'יום א', '11:00', '11:00', '22:00', '22:00'),
(44, 5, 'Monday', 'יום ב', '11:00', '11:00', '22:00', '22:00'),
(45, 5, 'Tuesday', 'יום ג', '11:00', '11:00', '22:00', '22:00'),
(46, 5, 'Wednesday', 'יום ד', '11:00', '11:00', '22:00', '22:00'),
(47, 5, 'Thursday', 'יום ה', '11:00', '11:00', '22:00', '22:00'),
(48, 5, 'Friday', 'ששי', 'Closed', 'סָגוּר', 'Closed', 'סָגוּר'),
(49, 5, 'Saturday', 'שבת', 'Closed', 'סָגוּר', 'Closed', 'סָגוּר'),
(50, 6, 'Sunday', 'יום א', '11:00', '11:00', '22:00', '22:00'),
(51, 6, 'Monday', 'יום ב', '11:00', '11:00', '22:00', '22:00'),
(52, 6, 'Tuesday', 'יום ג', '11:00', '11:00', '22:00', '22:00'),
(53, 6, 'Wednesday', 'יום ד', '11:00', '11:00', '22:00', '22:00'),
(54, 6, 'Thursday', 'יום ה', '11:00', '11:00', '22:00', '22:00'),
(55, 6, 'Friday', 'ששי', 'Closed', 'סָגוּר', 'Closed', 'סָגוּר'),
(56, 6, 'Saturday', 'שבת', 'Closed', 'סָגוּר', 'Closed', 'סָגוּר'),
(64, 9, 'Sunday', 'יום א', '11:00', '11:00', '22:00', '22:00'),
(65, 9, 'Monday', 'יום ב', '11:00', '11:00', '22:00', '22:00'),
(66, 9, 'Tuesday', 'יום ג', '11:00', '11:00', '22:00', '22:00'),
(67, 9, 'Wednesday', 'יום ד', '11:00', '11:00', '22:00', '22:00'),
(68, 9, 'Thursday', 'יום ה', '11:00', '11:00', '22:00', '22:00'),
(69, 9, 'Friday', 'ששי', 'Closed', 'סָגוּר', 'Closed', 'סָגוּר'),
(70, 9, 'Saturday', 'שבת', 'Closed', 'סָגוּר', 'Closed', 'סָגוּר'),
(71, 10, 'Sunday', 'יום א', '11:00', '11:00', '22:00', '22:00'),
(72, 10, 'Monday', 'יום ב', '11:00', '11:00', '22:00', '22:00'),
(73, 10, 'Tuesday', 'יום ג', '11:00', '11:00', '22:00', '22:00'),
(74, 10, 'Wednesday', 'יום ד', '11:00', '11:00', '22:00', '22:00'),
(75, 10, 'Thursday', 'יום ה', '11:00', '11:00', '22:00', '22:00'),
(76, 10, 'Friday', 'ששי', 'Closed', 'סָגוּר', 'Closed', 'סָגוּר'),
(77, 10, 'Saturday', 'שבת', 'Closed', 'סָגוּר', 'Closed', 'סָגוּר'),
(78, 11, 'Sunday', 'יום א', '11:00', '11:00', '22:00', '22:00'),
(79, 11, 'Monday', 'יום ב', '11:00', '11:00', '22:00', '22:00'),
(80, 11, 'Tuesday', 'יום ג', '11:00', '11:00', '22:00', '22:00'),
(81, 11, 'Wednesday', 'יום ד', '11:00', '11:00', '22:00', '22:00'),
(82, 11, 'Thursday', 'יום ה', '11:00', '11:00', '22:00', '22:00'),
(83, 11, 'Friday', 'ששי', 'Closed', 'סָגוּר', 'Closed', 'סָגוּר'),
(84, 11, 'Saturday', 'שבת', 'Closed', 'סָגוּר', 'Closed', 'סָגוּר'),
(85, 7, 'Sunday', 'יום א', '11:00', '11:00', '22:00', '22:00'),
(86, 7, 'Monday', 'יום ב', '11:00', '11:00', '22:00', '22:00'),
(87, 7, 'Tuesday', 'יום ג', '11:00', '11:00', '22:00', '22:00'),
(88, 7, 'Wednesday', 'יום ד', '11:00', '11:00', '22:00', '22:00'),
(89, 7, 'Thursday', 'יום ה', '11:00', '11:00', '22:00', '22:00'),
(90, 7, 'Friday', 'ששי', 'Closed', 'סָגוּר', 'Closed', 'סָגוּר'),
(91, 7, 'Saturday', 'שבת', 'Closed', 'סָגוּר', 'Closed', 'סָגוּר'),
(92, 12, 'Sunday', 'יום א', '11:00', '11:00', '22:00', '22:00'),
(93, 12, 'Monday', 'יום ב', '11:00', '11:00', '22:00', '22:00'),
(94, 12, 'Tuesday', 'יום ג', '11:00', '11:00', '22:00', '22:00'),
(95, 12, 'Wednesday', 'יום ד', '11:00', '11:00', '22:00', '22:00'),
(96, 12, 'Thursday', 'יום ה', '11:00', '11:00', '22:00', '22:00'),
(97, 12, 'Friday', 'ששי', 'Closed', 'סָגוּר', 'Closed', 'סָגוּר'),
(98, 12, 'Saturday', 'שבת', 'Closed', 'סָגוּר', 'Closed', 'סָגוּר'),
(99, 13, 'Sunday', 'יום א', '11:00', '11:00', '22:00', '22:00'),
(100, 13, 'Monday', 'יום ב\r\n', '11:00', '11:00', '22:00', '22:00'),
(101, 13, 'Tuesday', 'יום ג', '11:00', '11:00', '22:00', '22:00'),
(102, 13, 'Wednesday', 'יום ד', '11:00', '11:00', '22:00', '22:00'),
(103, 13, 'Thursday', 'יום ה', '11:00', '11:00', '22:00', '22:00'),
(104, 13, 'Friday', 'ששי', 'Closed', 'סגור', 'Closed', 'סגור'),
(105, 13, 'Saturday', 'שבת', 'Closed', 'סגור', 'Closed', 'סגור'),
(106, 14, 'Sunday', 'יום א', '11:00', '11:00', '22:00', '22:00'),
(107, 14, 'Monday', 'יום ב', '11:00', '11:00', '22:00', '22:00'),
(108, 14, 'Tuesday', 'יום ג', '11:00', '11:00', '22:00', '22:00'),
(109, 14, 'Wednesday', 'יום ד', '11:00', '11:00', '22:00', '22:00'),
(110, 14, 'Thursday', 'יום ה', '11:00', '11:00', '22:00', '22:00'),
(111, 14, 'Friday', 'ששי', 'Closed', 'סָגוּר', 'Closed', 'סָגוּר'),
(112, 14, 'Saturday', 'שבת', 'Closed', 'סָגוּר', 'Closed', 'סָגוּר'),
(113, 15, 'Sunday', 'יום א', '11:00', '11:00', '22:00', '22:00'),
(114, 15, 'Monday', 'יום ב', '11:00', '11:00', '22:00', '22:00'),
(115, 15, 'Tuesday', 'יום ג', '11:00', '11:00', '22:00', '22:00'),
(116, 15, 'Wednesday', 'יום ד', '11:00', '11:00', '22:00', '22:00'),
(117, 15, 'Thursday', 'יום ה', '11:00', '11:00', '22:00', '22:00'),
(118, 15, 'Friday', 'ששי', 'Closed', 'סָגוּר', 'Closed', 'סָגוּר'),
(119, 15, 'Saturday', 'שבת', 'Closed', 'סָגוּר', 'Closed', 'סָגוּר'),
(120, 8, 'Sunday', 'יום א', '11:00', '11:00', '22:00', '22:00'),
(121, 8, 'Monday', 'יום ב', '11:00', '11:00', '22:00', '22:00'),
(122, 8, 'Tuesday', 'יום ג', '11:00', '11:00', '22:00', '22:00'),
(123, 8, 'Wednesday', 'יום ד', '11:00', '11:00', '22:00', '22:00'),
(124, 8, 'Thursday', 'יום ה', '11:00', '11:00', '22:00', '22:00'),
(125, 8, 'Friday', 'ששי', 'Closed', 'סָגוּר', 'Closed', 'סָגוּר'),
(126, 8, 'Saturday', 'שבת', 'Closed', 'סָגוּר', 'Closed', 'סָגוּר');

--
-- Constraints for dumped tables
--

--
-- Constraints for table `b2b_orders`
--
ALTER TABLE `b2b_orders`
  ADD CONSTRAINT `b2b_orders_ibfk_1` FOREIGN KEY (`user_id`) REFERENCES `b2b_users` (`id`),
  ADD CONSTRAINT `b2b_orders_ibfk_2` FOREIGN KEY (`company_id`) REFERENCES `company` (`id`);

--
-- Constraints for table `b2b_order_detail`
--
ALTER TABLE `b2b_order_detail`
  ADD CONSTRAINT `b2b_order_detail_ibfk_1` FOREIGN KEY (`order_id`) REFERENCES `b2b_orders` (`id`);

--
-- Constraints for table `company_rest`
--
ALTER TABLE `company_rest`
  ADD CONSTRAINT `company_rest_ibfk_1` FOREIGN KEY (`company_id`) REFERENCES `company` (`id`),
  ADD CONSTRAINT `company_rest_ibfk_2` FOREIGN KEY (`rest_id`) REFERENCES `restaurants` (`id`);

--
-- Constraints for table `company_timing`
--
ALTER TABLE `company_timing`
  ADD CONSTRAINT `company_timing_ibfk_1` FOREIGN KEY (`company_id`) REFERENCES `company` (`id`);

--
-- Constraints for table `company_voting`
--
ALTER TABLE `company_voting`
  ADD CONSTRAINT `company_voting_ibfk_1` FOREIGN KEY (`vote_timing_id`) REFERENCES `vote_timings` (`id`);

--
-- Constraints for table `extras`
--
ALTER TABLE `extras`
  ADD CONSTRAINT `extras_ibfk_1` FOREIGN KEY (`item_id`) REFERENCES `items` (`id`);

--
-- Constraints for table `gloria_menus`
--
ALTER TABLE `gloria_menus`
  ADD CONSTRAINT `gloria_menus_ibfk_1` FOREIGN KEY (`restaurant_id`) REFERENCES `restaurants` (`id`);

--
-- Constraints for table `items`
--
ALTER TABLE `items`
  ADD CONSTRAINT `items_ibfk_1` FOREIGN KEY (`category_id`) REFERENCES `categories` (`id`);

--
-- Constraints for table `menus`
--
ALTER TABLE `menus`
  ADD CONSTRAINT `menus_ibfk_1` FOREIGN KEY (`restaurant_id`) REFERENCES `restaurants` (`id`);

--
-- Constraints for table `order_detail`
--
ALTER TABLE `order_detail`
  ADD CONSTRAINT `order_detail_ibfk_1` FOREIGN KEY (`order_id`) REFERENCES `user_orders` (`id`);

--
-- Constraints for table `restaurant_gallery`
--
ALTER TABLE `restaurant_gallery`
  ADD CONSTRAINT `restaurant_gallery_ibfk_1` FOREIGN KEY (`restaurant_id`) REFERENCES `restaurants` (`id`);

--
-- Constraints for table `restaurant_tags`
--
ALTER TABLE `restaurant_tags`
  ADD CONSTRAINT `restaurant_tags_ibfk_1` FOREIGN KEY (`restaurant_id`) REFERENCES `restaurants` (`id`),
  ADD CONSTRAINT `restaurant_tags_ibfk_2` FOREIGN KEY (`tag_id`) REFERENCES `tags` (`id`);

--
-- Constraints for table `subitems`
--
ALTER TABLE `subitems`
  ADD CONSTRAINT `subitems_ibfk_1` FOREIGN KEY (`extra_id`) REFERENCES `extras` (`id`);

--
-- Constraints for table `users`
--
ALTER TABLE `users`
  ADD CONSTRAINT `users_ibfk_1` FOREIGN KEY (`restaurant_id`) REFERENCES `restaurants` (`id`),
  ADD CONSTRAINT `users_ibfk_2` FOREIGN KEY (`company_id`) REFERENCES `company` (`id`),
  ADD CONSTRAINT `users_ibfk_3` FOREIGN KEY (`role_id`) REFERENCES `user_roles` (`id`);

--
-- Constraints for table `user_orders`
--
ALTER TABLE `user_orders`
  ADD CONSTRAINT `fk_user_order` FOREIGN KEY (`user_id`) REFERENCES `users` (`id`) ON DELETE CASCADE,
  ADD CONSTRAINT `user_orders_ibfk_1` FOREIGN KEY (`restaurant_id`) REFERENCES `restaurants` (`id`);

--
-- Constraints for table `user_votes`
--
ALTER TABLE `user_votes`
  ADD CONSTRAINT `user_votes_ibfk_1` FOREIGN KEY (`user_id`) REFERENCES `users` (`id`),
  ADD CONSTRAINT `user_votes_ibfk_2` FOREIGN KEY (`restaurant_id`) REFERENCES `restaurants` (`id`),
  ADD CONSTRAINT `user_votes_ibfk_3` FOREIGN KEY (`vote_timing_id`) REFERENCES `vote_timings` (`id`);

--
-- Constraints for table `vote_timings`
--
ALTER TABLE `vote_timings`
  ADD CONSTRAINT `vote_timings_ibfk_1` FOREIGN KEY (`company_id`) REFERENCES `company` (`id`);

--
-- Constraints for table `weekly_availibility`
--
ALTER TABLE `weekly_availibility`
  ADD CONSTRAINT `weekly_availibility_ibfk_1` FOREIGN KEY (`restaurant_id`) REFERENCES `restaurants` (`id`);

/*!40101 SET CHARACTER_SET_CLIENT=@OLD_CHARACTER_SET_CLIENT */;
/*!40101 SET CHARACTER_SET_RESULTS=@OLD_CHARACTER_SET_RESULTS */;
/*!40101 SET COLLATION_CONNECTION=@OLD_COLLATION_CONNECTION */;
