-- phpMyAdmin SQL Dump
-- version 4.0.10.19
-- https://www.phpmyadmin.net
--
-- Host: localhost
-- Generation Time: Jun 23, 2017 at 09:23 AM
-- Server version: 5.5.56
-- PHP Version: 5.6.30

SET SQL_MODE = "NO_AUTO_VALUE_ON_ZERO";
SET time_zone = "+00:00";


/*!40101 SET @OLD_CHARACTER_SET_CLIENT=@@CHARACTER_SET_CLIENT */;
/*!40101 SET @OLD_CHARACTER_SET_RESULTS=@@CHARACTER_SET_RESULTS */;
/*!40101 SET @OLD_COLLATION_CONNECTION=@@COLLATION_CONNECTION */;
/*!40101 SET NAMES utf8 */;

--
-- Database: `orderapp_user`
--

-- --------------------------------------------------------

--
-- Table structure for table `admin`
--

CREATE TABLE IF NOT EXISTS `admin` (
  `id` int(11) NOT NULL AUTO_INCREMENT,
  `email` varchar(99) NOT NULL,
  `password` varchar(99) NOT NULL,
  PRIMARY KEY (`id`)
) ENGINE=MyISAM  DEFAULT CHARSET=latin1 AUTO_INCREMENT=2 ;

--
-- Dumping data for table `admin`
--

INSERT INTO `admin` (`id`, `email`, `password`) VALUES
(1, 'admin@orderapp.com', 'order1234');

-- --------------------------------------------------------

--
-- Table structure for table `order_detail`
--

CREATE TABLE IF NOT EXISTS `order_detail` (
  `id` int(11) NOT NULL AUTO_INCREMENT,
  `order_id` int(11) NOT NULL,
  `qty` int(11) NOT NULL,
  `item` varchar(255) CHARACTER SET utf8 COLLATE utf8_unicode_ci NOT NULL,
  `sub_total` int(11) NOT NULL,
  `sub_items` varchar(255) CHARACTER SET utf8 COLLATE utf8_unicode_ci NOT NULL,
  PRIMARY KEY (`id`),
  KEY `order_id` (`order_id`)
) ENGINE=InnoDB  DEFAULT CHARSET=latin1 AUTO_INCREMENT=1439 ;

--
-- Dumping data for table `order_detail`
--

INSERT INTO `order_detail` (`id`, `order_id`, `qty`, `item`, `sub_total`, `sub_items`) VALUES
(616, 485, 3, 'Orange Breakfast', 36, 'Size:Normal, Pickled Lemon Spread, Tahini'),
(617, 485, 2, 'Cheese Bourekas', 14, ''),
(618, 486, 2, 'Chicken Salad', 86, '150 grams goose breast or entrecote (+18), 170 grams chicken breast (+18), Egg (+4), portobello mushroom (+4)'),
(619, 487, 2, 'Angus Salad', 84, '150 grams goose breast or entrecote (+18), 170 grams chicken breast (+18), Egg (+4), Ketchup'),
(620, 488, 1, 'Double Angus Sandwich', 93, '150 grams goose breast or entrecote (+19), 170 grams chicken breast (+18)'),
(621, 489, 1, 'Angus Salad', 80, '150 grams goose breast or entrecote (+18), 170 grams chicken breast (+18)'),
(622, 490, 1, 'Angus Salad', 62, '150 grams goose breast or entrecote (+18)'),
(623, 491, 1, 'Chicken Salad', 60, '170 grams chicken breast (+18)'),
(624, 492, 1, 'Chicken Salad', 60, '170 grams chicken breast (+18)'),
(625, 493, 2, 'Crispy Capricci', 35, 'Olives (+5), Tomatoes (+5)'),
(626, 494, 1, '??? ???', 60, '???????? (+18)'),
(627, 495, 1, 'Chicken Salad', 60, '170 grams chicken breast (+18)'),
(628, 496, 1, 'Angus Salad', 84, '150 grams goose breast or entrecote (+18), 170 grams chicken breast (+18), Egg (+4)'),
(629, 496, 1, 'Chicken Salad', 78, '150 grams goose breast or entrecote (+18), 170 grams chicken breast (+18)'),
(630, 496, 1, 'Angus Sandwich', 37, 'Bbq, Thousand Island, Garlic Mayo'),
(631, 497, 2, 'Angus Salad', 84, '150 grams goose breast or entrecote (+18), 170 grams chicken breast (+18), Egg (+4)'),
(632, 498, 2, '??????', 38, '????????, ??? (+5), ?????? (+5)'),
(633, 499, 1, 'Angus Salad', 80, '150 grams goose breast or entrecote (+18), 170 grams chicken breast (+18)'),
(634, 499, 1, 'Angus Burger', 40, 'Ketchup, Bbq, Sweet Chilli, Jalpeño'),
(635, 499, 1, 'Pargit Tortilla', 34, 'Bbq, Thousand Island, Garlic Mayo'),
(636, 499, 1, 'Chicken Tortilla', 32, 'Garlic Mayo, Sweet Chilli, Spicy Chilli, Jalpeño'),
(637, 499, 1, 'American Fries', 14, 'Garlic Mayo, Sweet Chilli, Jalpeño'),
(638, 499, 1, 'Mexican Nachos', 12, 'Sweet Chilli, Spicy Chilli, Jalpeño'),
(639, 500, 1, 'Angus Salad', 84, '150 grams goose breast or entrecote (+18), 170 grams chicken breast (+18), Egg (+4)'),
(640, 501, 1, 'Angus Salad', 88, '150 grams goose breast or entrecote (+18), 170 grams chicken breast (+18), Egg (+4), portobello mushroom (+4)'),
(641, 502, 1, 'Angus Salad', 80, '150 grams goose breast or entrecote (+18), 170 grams chicken breast (+18)'),
(642, 502, 1, 'Angus Burger', 40, 'Ketchup, Bbq, Sweet Chilli, Jalpeño'),
(643, 502, 1, 'Pargit Tortilla', 34, 'Bbq, Thousand Island, Garlic Mayo'),
(644, 502, 1, 'Chicken Tortilla', 32, 'Garlic Mayo, Sweet Chilli, Spicy Chilli, Jalpeño'),
(645, 502, 1, 'American Fries', 14, 'Garlic Mayo, Sweet Chilli, Jalpeño'),
(646, 502, 1, 'Mexican Nachos', 12, 'Sweet Chilli, Spicy Chilli, Jalpeño'),
(647, 503, 3, 'Malawach pizza with toppings ', 25, ''),
(648, 504, 2, 'Chicken breast in honey and mustard sauce', 34, 'Mushroom (+3), Lettuce'),
(649, 505, 1, '??? ??? ???', 55, ''),
(650, 506, 1, 'Angus Salad', 80, '150 grams goose breast or entrecote (+18), 170 grams chicken breast (+18), Jalpeño'),
(651, 507, 1, 'Angus Salad', 80, '150 grams goose breast or entrecote (+18), 170 grams chicken breast (+18), Jalpeño'),
(652, 508, 1, 'Angus Salad', 80, '150 grams goose breast or entrecote (+18), 170 grams chicken breast (+18)'),
(653, 509, 2, 'Som Tam', 28, ''),
(654, 510, 5, 'Angus Salad', 44, ''),
(655, 511, 5, 'Angus Salad', 44, ''),
(656, 512, 1, 'Angus Salad', 84, '150 grams goose breast or entrecote (+18), 170 grams chicken breast (+18), Egg (+4)'),
(657, 513, 2, 'Angus Salad', 88, '150 grams goose breast or entrecote (+18), 170 grams chicken breast (+18), Egg (+4), portobello mushroom (+4)'),
(658, 514, 2, 'Angus Burger', 40, ''),
(659, 515, 2, 'Angus Burger', 40, ''),
(660, 516, 1, 'XL + ??????', 75, '??????'),
(661, 517, 1, 'Xl + Toppings', 75, ''),
(662, 518, 1, 'Angus Tortilla', 36, 'Thousand Island, Garlic Mayo'),
(663, 518, 1, 'Pargit Tortilla', 34, 'Thousand Island, Garlic Mayo'),
(664, 519, 1, 'Shawarma', 39, '???:Laffa, Veal, French Fries, Fried Onions'),
(665, 519, 1, 'Super Spicy Bandora', 35, '???:Pita, Mix, French Fries, Fried Onions'),
(666, 520, 2, 'Classic burger', 45, 'Mushroom (+3), Fried egg (+3)'),
(667, 521, 2, '#88 Grilled Denis roll', 45, 'Soya, Teriyaki, Spicy Mayonnaise, Ginger, Wasabi'),
(668, 522, 1, 'Angus Burger', 66, 'Bbq, Thousand Island, Garlic Mayo, Onions, Pickles, Fried onions, 170 grams chicken breast (+18), Egg (+4), portobello mushroom (+4)'),
(669, 523, 1, 'Angus Salad', 62, '150 grams goose breast or entrecote (+18)'),
(670, 524, 1, 'Angus Burger', 62, '170 grams chicken breast (+18), Egg (+4)'),
(671, 525, 1, 'Angus Salad', 62, '150 grams goose breast or entrecote (+18)'),
(672, 526, 2, 'Angus Tortilla', 44, 'Thousand Island, Garlic Mayo, Sweet Chilli, Pickles, Fried onions, Egg (+4), portobello mushroom (+4)'),
(673, 527, 1, 'Angus Salad', 80, '150 grams goose breast or entrecote (+18), 170 grams chicken breast (+18)'),
(674, 528, 1, 'Angus Salad', 80, '150 grams goose breast or entrecote (+18), 170 grams chicken breast (+18)'),
(675, 529, 1, 'Angus Salad', 80, '150 grams goose breast or entrecote (+18), 170 grams chicken breast (+18)'),
(676, 530, 1, 'Angus Salad', 84, '150 grams goose breast or entrecote (+18), 170 grams chicken breast (+18), Egg (+4)'),
(677, 531, 1, 'Angus Burger', 58, 'Ketchup, Bbq, Pickled spicy pepper, Herb, 170 grams chicken breast (+18)'),
(678, 532, 2, 'Angus Burger', 40, 'Ketchup, Bbq, Tomato, Onions, Pickles'),
(679, 533, 1, 'אנגוס בורגר', 63, 'Ketchup, Sweet Chilli, 150 grams goose breast or entrecote (+19), Egg (+4)'),
(680, 534, 2, 'Angus Tortilla', 36, 'Ketchup, Bbq'),
(681, 535, 2, 'Angus Tortilla', 36, 'Thousand Island, Garlic Mayo'),
(682, 536, 2, 'Shawarma', 33, 'Bread Type:Pita, Veal, French Fries, Fried Onions'),
(683, 537, 1, 'Angus Salad', 80, '150 grams goose breast or entrecote (+18), 170 grams chicken breast (+18)'),
(684, 538, 2, 'Shawarma', 33, 'Bread Type:Pita, Veal, French Fries, Fried Onions'),
(685, 539, 2, 'Shawarma', 33, 'Bread Type:Pita, Veal, French Fries'),
(686, 540, 1, 'Angus Salad', 62, '150 grams goose breast or entrecote (+18)'),
(687, 541, 3, 'Family pie', 22, 'Thousand island (+1), Spicy dressing (+1)'),
(688, 542, 2, 'Shawarma', 33, 'לחם:Pita, Mix, French Fries, Fried Onions'),
(689, 543, 2, 'Shawarma', 33, 'Bread Type:Pita, Veal'),
(690, 544, 1, 'Shawarma', 33, 'Bread Type:Pita, Veal, French Fries, Fried Onions, Tomatoes, Roasted Peppers, Techina, Amba, Spicy, Babaghanoush'),
(691, 544, 1, 'Shawarma', 33, 'Bread Type:Pita, Veal, Techina, Chummus, Amba, Spicy, Babaghanoush'),
(692, 545, 2, 'Shawarma', 33, 'Bread Type:Pita, Veal'),
(693, 546, 1, 'Angus Salad', 84, '150 grams goose breast or entrecote (+18), 170 grams chicken breast (+18), Egg (+4)'),
(694, 547, 1, 'Angus Salad', 88, '150 grams goose breast or entrecote (+18), 170 grams chicken breast (+18), Egg (+4), portobello mushroom (+4)'),
(695, 548, 2, 'Chicken breast in honey and mustard sauce', 34, 'Mushroom (+3)'),
(696, 549, 3, 'Shawarma', 33, 'Bread Type:Pita, Veal'),
(697, 550, 1, 'Special offer - 3 Large Pizzas for 99 Shekel', 129, 'PIZZA 1 Onions (+5), PIZZA 1 Olives (+5), PIZZA 2 Tomatoes (+5), PIZZA 2 Mushrooms (+5), PIZZA 3 Onions (+5), PIZZA 3 Olives (+5)'),
(698, 551, 2, 'Aroma Salad', 39, 'Size:Individual, Pickled Lemon Spread, Tahini'),
(699, 552, 2, 'Tortilla Chicken Liver', 41, 'Pickles, Pickled Jalapeño, Pesto, Chimichurri'),
(700, 553, 2, 'Angus Tortilla', 36, 'Garlic Mayo, Sweet Chilli, Lettuce, Tomato'),
(701, 554, 2, 'Super Spicy Bandora', 39, 'Bread Type:Laffa, Veal, French Fries, Fried Onions, Chummus, Amba'),
(702, 555, 2, 'Super Spicy Bandora', 35, 'Bread Type:Pita, Veal, Tomatoes, Roasted Peppers, Techina, Chummus'),
(703, 556, 1, 'Special offer - 3 Large Pizzas for 99 Shekel', 99, ''),
(704, 557, 1, 'Special offer - 3 Large Pizzas for 99 Shekel', 99, ''),
(705, 558, 1, 'Special offer - 3 Large Pizzas for 99 Shekel', 99, ''),
(706, 559, 1, 'Special offer - 3 Large Pizzas for 99 Shekel', 114, 'PIZZA 1 Tomatoes (+5), PIZZA 1 Mushrooms (+5), PIZZA 1 Onions (+5)'),
(707, 560, 1, 'Special offer - 3 Large Pizzas for 99 Shekel', 99, ''),
(708, 560, 1, 'Fries', 18, ''),
(709, 561, 2, 'שווארמה', 39, 'לחם:לאפה, בשר עגל, Tomatoes, Chummus'),
(710, 562, 1, 'Happy Family - 65 pieces', 249, 'Soya, Teriyaki, Spicy Mayonnaise, Ginger, Wasabi'),
(711, 562, 1, '#7 Edamame', 18, 'Soya'),
(712, 562, 1, '#46 Gohan', 17, 'Teriyaki'),
(713, 562, 1, '#35 Beef Rice Noodles', 47, ''),
(714, 563, 2, 'Schnitzel nuggets', 29, ''),
(715, 563, 1, 'House burger 220 g meat', 38, 'Lettuce, Tomato, Pickles, Fried onion, Ketchup, Garlic mayonnaise, BBQ, Burger Bun'),
(716, 563, 1, 'House burger 220 g meat', 38, 'Lettuce, Tomato, Pickles, Ketchup, Garlic mayonnaise, Burger Bun'),
(717, 563, 1, 'House burger 220 g meat', 38, 'Pickles, BBQ, Burger Bun'),
(718, 563, 2, 'House burger 220 g meat', 38, 'Pickles'),
(719, 563, 2, 'Onion rings', 15, ''),
(720, 564, 1, 'Entrecote Skewer', 48, ''),
(721, 564, 1, 'Entrecote Skewer', 48, ''),
(722, 564, 1, 'Rosa Burger 220 Grams', 39, 'Lettuce, Pickles, Ketchup, Bbq'),
(723, 564, 1, 'American Fries', 17, ''),
(724, 564, 1, 'Beef Noodles', 48, ''),
(725, 565, 1, 'Xl Pie', 70, 'Mushrooms (+5)'),
(726, 566, 1, 'Greek Salad', 58, 'Mushrooms (+5), Olives (+5), Tomatoes (+5), Corn (+5), Vegan Cheese (+10)'),
(727, 567, 1, '#303 Spicy tuna, avocado and cucumber', 32, 'Teriyaki, Spicy Mayonnaise, Ginger'),
(728, 567, 1, '#130 Veggie Tempura Roll', 30, 'Teriyaki, Spicy Mayonnaise, Ginger'),
(729, 567, 1, '#303 Spicy tuna, avocado and cucumber', 32, 'Teriyaki, Spicy Mayonnaise, Ginger'),
(730, 567, 1, '#600 Chicken Schnitzelonim', 42, ' Mineral water, French fries'),
(731, 567, 1, '#2 Vietnamese Chicken Egg Roll 2 Pieces', 18, ''),
(732, 567, 1, '#2 Vietnamese Chicken Egg Roll 2 Pieces', 18, ''),
(733, 567, 1, '#302 Spicy salmon, avocado and green onion', 32, 'Teriyaki, Spicy Mayonnaise'),
(734, 567, 1, '#302 Spicy salmon, avocado and green onion', 32, 'Teriyaki, Spicy Mayonnaise, Ginger'),
(735, 567, 1, '#101 Taki Maki', 22, 'Teriyaki, Spicy Mayonnaise, Ginger'),
(736, 568, 1, 'Chicken steak salad', 46, 'BBQ'),
(737, 568, 1, 'Chicken salad', 40, 'Sweet Chili, Hot chili'),
(738, 568, 1, 'Entrecote salad', 48, 'Garlic mayonnaise, BBQ'),
(739, 568, 1, 'Burger 300 g meat', 44, 'Lettuce, Tomato, Pickles, Cucumber, Garlic mayonnaise, BBQ, Chimichurri'),
(740, 568, 1, 'House burger 220 g meat', 38, 'Lettuce, Tomato, Onion, Garlic mayonnaise, BBQ, Burger Bun'),
(741, 568, 1, 'Chicken breast in garlic chili and coriander sauce', 52, 'Salad, Chinese rice, Coca Cola Zero - small bottle, Whole Wheat Ciabatta'),
(742, 568, 1, 'Schnitzel nuggets', 29, 'BBQ, Hot chili, Baguette'),
(743, 569, 1, 'Penne pizza', 49, ''),
(744, 569, 1, 'Penne pizza', 49, ''),
(745, 570, 1, 'Fish & Chips', 69, ''),
(746, 571, 2, 'שווארמה', 39, 'לחם:לאפה, בשר עגל, Fried Onions, Tomatoes, Chummus, Amba'),
(747, 572, 2, 'Angus Burger', 44, 'Bbq, Thousand Island, Pickled spicy pepper, Herb, portobello mushroom (+4)'),
(748, 573, 1, 'Pizza', 46, ''),
(749, 573, 1, 'Ricotta spinach ravioli', 63, ''),
(750, 573, 1, 'Creamed Potatoes', 46, ''),
(751, 574, 1, 'Avocado Sandwich', 28, 'Pickles'),
(752, 574, 1, 'Ice Chocolate', 17, ''),
(753, 574, 1, 'Flavored Water', 9, 'Apple'),
(754, 575, 2, 'Shawarma', 33, 'Bread Type:Pita, Veal, French Fries'),
(755, 576, 1, '#302 Spicy salmon, avocado and green onion', 32, 'Spicy Mayonnaise, Wasabi'),
(756, 576, 1, '#18 Hot and Sour Soup', 16, ''),
(757, 576, 1, '#36 Chicken Pad Thai', 45, ''),
(758, 576, 1, '#35 Beef Rice Noodles', 47, ''),
(759, 576, 1, '#2 Vietnamese Chicken Egg Roll 2 Pieces', 18, ''),
(760, 577, 1, '#96 Spicy Veggie Rolll', 33, 'Teriyaki, Spicy Mayonnaise'),
(761, 577, 1, '#129 Build your own Maki Roll - choose three vegetables', 28, 'Teriyaki, Spicy Mayonnaise, Avocado , Tempura coated sweet potato'),
(762, 578, 1, 'French fries', 15, ''),
(763, 578, 1, 'French fries', 15, ''),
(764, 578, 1, 'French fries', 15, ''),
(765, 578, 1, 'Hot dogs', 29, ''),
(766, 578, 1, 'Egg roll', 8, ''),
(767, 578, 1, 'Egg roll', 8, ''),
(768, 578, 1, 'Egg roll', 8, ''),
(769, 578, 1, 'Egg roll', 8, ''),
(770, 578, 1, 'Egg roll', 8, ''),
(771, 578, 1, 'Egg roll', 8, ''),
(772, 578, 1, 'Schnitzel nuggets', 29, ''),
(773, 578, 1, 'Schnitzel nuggets', 29, ''),
(774, 578, 1, 'Schnitzel nuggets', 29, ''),
(775, 578, 1, 'Egg roll', 8, ''),
(776, 578, 1, 'Egg roll', 8, ''),
(777, 578, 1, 'House burger 220 g meat', 38, 'Ketchup'),
(778, 578, 1, 'Chicken breast in garlic chili and coriander sauce', 31, 'Lettuce, Pickles, Sweet Chili'),
(779, 578, 1, 'Onion rings', 15, ''),
(780, 579, 1, 'Burger salad', 40, 'Garlic mayonnaise'),
(781, 579, 1, 'Chicken salad', 40, 'Garlic mayonnaise'),
(782, 579, 1, 'House burger 220 g meat', 57, 'French fries, Onion rings, Diet Coke - can, Lettuce, Tomato, Onion, Fried onion, Ketchup, Mayonnaise'),
(783, 579, 1, 'Burger salad', 40, 'Garlic mayonnaise, Hot chili, Chimichurri'),
(784, 579, 2, 'Schnitzel nuggets', 29, ''),
(785, 579, 1, 'House burger 220 g meat', 38, 'Lettuce, Tomato, Pickles, Onion, Fried onion, Garlic mayonnaise, BBQ, Sweet Chili'),
(786, 579, 1, 'Sweet Chilli Wings', 35, ''),
(787, 579, 1, 'Chicken steak salad', 46, 'Eggplant in mayonnaise'),
(788, 580, 1, 'Tataki tuna salad', 45, ''),
(789, 580, 1, 'Sakamuri Tamaki', 27, 'Soya, Teriyaki, Spicy Mayonnaise'),
(790, 580, 1, 'Chicken chili (spicy)', 46, ''),
(791, 581, 1, 'Pad Kapao', 53, 'Antricot (+10)'),
(792, 582, 1, 'Fries', 11, 'Regular'),
(793, 582, 1, 'Classic burger', 29, 'Lettuce, Tomato, Pickles, Onion, 1000 Island dressing , BBQ sauce'),
(794, 582, 1, 'Classic burger', 39, 'Lettuce, Tomato, Pickles, Onion, 1000 Island dressing , BBQ sauce'),
(795, 582, 1, 'Fries', 11, 'Regular'),
(796, 583, 1, 'Salmon in Lemon', 84, ''),
(797, 584, 1, 'שווארמה', 38, 'Humous, Spicy sauce (charif), Pickles , Cucumber, Tomato , Spicy tomato with onion, White cabbage, Tehina'),
(798, 584, 1, 'שווארמה', 38, 'Humous, Spicy sauce (charif), Pickles , Cucumber, Tomato , Spicy tomato with onion, White cabbage, Fried onion, Parsley, Tehina, Amba'),
(799, 584, 1, 'שווארמה', 38, 'Humous, Cucumber, Tomato , Black olives, Tehina'),
(800, 585, 1, 'Special offer - 3 Large Pizzas for 99 Shekel', 99, ''),
(801, 586, 1, 'שווארמה', 35, 'גודל:לאפה, Amba, Techina, Hummus, Fried Onion, Turkish salad, White cabbage, Beetroot salad, Potato Chips, Pickles, Pickled Vegitables, Potato Chips, Fried Eggplant, Spicy Carrot , White cabbage, Pickles, Turkish salad, Tabule, Beetroot salad'),
(802, 586, 1, 'שווארמה', 32, 'גודל:פיתה, Techina, Hummus, Fried Onion, Turkish salad, White cabbage, Potato Chips, Pickles, Pickled Vegitables, Potato Chips, Turkish salad, Tabule, Beetroot salad'),
(803, 587, 1, 'Jerusalem mixed grill', 36, 'Size:Laffa'),
(804, 587, 1, 'Spring chicken', 38, 'Size:Meat dish'),
(805, 587, 1, 'Grilled spring chicken salad', 48, ''),
(806, 588, 1, 'Xl + Toppings', 75, 'Onions, Mushrooms'),
(807, 588, 1, 'Xl Pie', 65, ''),
(808, 588, 1, 'Tuna Salad', 33, 'Mushrooms (+5)'),
(809, 588, 1, 'Coca Cola', 10, ''),
(810, 588, 2, 'Diet Coke', 10, ''),
(811, 588, 2, 'Coca Cola Zero', 10, ''),
(812, 589, 1, 'Freeze strawberry', 24, 'Size:Medium'),
(813, 589, 1, 'Freeze orange', 24, 'Size:Medium'),
(814, 589, 1, 'Mango mix', 24, 'Size:Medium'),
(815, 590, 1, 'Kid''s burger', 40, 'White Rice, Mash Potatos, mayonnaise, Potato Chips, Fried Eggplant, Pickles, Egg Salad, Beetroot salad'),
(816, 590, 1, 'Spring chicken', 45, 'Size:Two skewers, Rice with Lentals, Stuffed Pepper, Amba, Techina, Hummus, Fried Eggplant, Spicy Carrot , Tabule, Beetroot salad'),
(817, 590, 1, 'Lamb Skewers', 65, 'Size:Two skewers, Rice with Beans, Vegetable Salad, Amba, Techina, Hummus, Fried Eggplant, Spicy Eggplant, Matbuha, Pickles, Turkish salad, Tabule'),
(818, 590, 1, 'Felafel Balls', 10, 'Size:10, Hummus, Fried Onion, Fried Eggplant, Eggplant in mayonnaise, Hot Mushrooms, Parsley, Potato Chips, Pickles'),
(819, 591, 1, 'Special offer - 3 Large Pizzas for 99 Shekel', 99, ''),
(820, 592, 1, 'Bandura Mixed Grill', 39, 'לחם:Baguette, Mix, Techina, Chummus'),
(821, 592, 1, 'Bandura Mixed Grill', 33, 'לחם:Pita, Mix, Techina, Chummus'),
(822, 593, 1, 'Family sized pizza', 25, 'Green olives (+5)'),
(823, 593, 1, 'Family sized pizza', 25, 'fresh mushrooms (+5)'),
(824, 593, 1, 'Family sized pizza', 25, 'bulgarian cheese (+5)'),
(825, 594, 1, 'Two entrecote skewers', 45, 'Type of Bread :Laffa, Techina, Spicy Schug, Hummus, Fried Onion, Fried Eggplant, Matbuha, Purple cabbage'),
(826, 594, 1, 'Two spring chicken skewers', 35, 'Type of Bread :Laffa, Fried Onion, Fried Eggplant, Purple cabbage'),
(827, 594, 1, 'Felafel Meal', 18, 'Size:Pita, Techina, Fried Onion'),
(828, 595, 1, 'Two entrecote skewers', 45, 'Type of Bread :Laffa, Techina, Spicy Schug, Hummus, Fried Onion, Fried Eggplant, Matbuha, Purple cabbage'),
(829, 595, 1, 'Two spring chicken skewers', 35, 'Type of Bread :Laffa, Fried Onion, Fried Eggplant, Purple cabbage'),
(830, 595, 1, 'Felafel Meal', 18, 'Size:Pita, Techina, Fried Onion'),
(831, 596, 1, 'Popia Gai', 25, ''),
(832, 596, 1, 'Popia Gai', 25, ''),
(833, 596, 1, 'Gang Masaman Gai', 65, ''),
(834, 596, 1, 'Gai Pad Mad Ma Mung', 45, 'chicken, Tofu'),
(835, 596, 1, 'Pad Kapao', 43, 'chicken, Tofu'),
(836, 597, 1, 'Shawarma', 45, 'Bread Type:Plate, Mix, French Fries, Fried Onions, Roasted Peppers, Techina, Chummus'),
(837, 597, 1, 'Chicken Skewers', 45, 'Bread Type:Plate, Spring Chicken, French Fries, Fried Onions, Roasted Peppers, Techina, Chummus'),
(838, 597, 1, 'Bandora Express', 42, 'French Fries, Fried Onions, Roasted Peppers, Techina, Chummus'),
(839, 597, 1, 'Amami Salad', 42, 'Mix, French Fries, Fried Onions, Roasted Peppers, Techina, Chummus'),
(840, 597, 1, 'Mixed Meat Chummus', 39, ''),
(841, 598, 1, 'Chicken breast with pesto and parsley sauce', 31, 'Tomato, Fried onion, BBQ, Sweet Chili, Whole Wheat Ciabatta'),
(842, 598, 1, 'Schnitzel nuggets', 29, 'Lettuce, Tomato, Pickles, Onion, Fried onion, Garlic mayonnaise, BBQ, Sweet Chili, Baguette'),
(843, 598, 1, 'Burger 150 g meat', 31, 'Lettuce, Tomato, Onion, Burger Bun'),
(844, 598, 1, 'Burger salad', 40, 'Garlic mayonnaise'),
(845, 598, 1, 'Chicken salad', 40, 'Garlic mayonnaise'),
(846, 598, 1, 'Chicken steak salad', 46, 'Garlic mayonnaise'),
(847, 598, 1, 'Chicken salad', 40, 'Garlic mayonnaise, Hot chili'),
(848, 598, 1, 'French fries', 15, ''),
(849, 599, 1, 'Chicken Nuggets', 35, ''),
(850, 599, 1, 'Onion Rings', 17, ''),
(851, 599, 1, 'Steak Sandwich', 45, 'Lettuce, Tomatoes, Pickles, Chimichurri, Dijon Mustard And Mayo Mix, Bbq'),
(852, 600, 1, 'Two entrecote skewers', 45, 'Type of Bread :Baguette, Amba, Techina, Sweet Chili, mayonnaise, Ketchup, Hummus, Spicy Carrot , Turkish salad, Matbuha, Purple cabbage, Tabule, Beetroot salad, Hot Mushrooms, Potato Chips'),
(853, 600, 1, 'Two spring chicken skewers', 35, 'Type of Bread :Pita, Techina, Sweet Chili, mayonnaise, Ketchup, Hummus, Potato Chips, Spicy Carrot , Purple cabbage, White cabbage, Pickles, Turkish salad, Tabule'),
(854, 601, 1, 'Pad Ki Mao', 45, 'chicken'),
(855, 601, 1, 'Popia Gai', 25, ''),
(856, 602, 1, 'Angus Sandwich', 41, 'Bbq, Thousand Island, Garlic Mayo, Lettuce, Tomato, Fried onions, Egg (+4)'),
(857, 602, 1, 'American Fries', 14, 'Ketchup, Thousand Island, Garlic Mayo'),
(858, 603, 1, 'Angus Sandwich', 41, 'Bbq, Thousand Island, Garlic Mayo, Lettuce, Tomato, Fried onions, Egg (+4)'),
(859, 603, 1, 'American Fries', 14, 'Ketchup, Thousand Island, Garlic Mayo'),
(860, 604, 1, 'French fries', 15, ''),
(861, 604, 1, 'Schnitzel nuggets', 24, ''),
(862, 604, 1, 'Burger 300 g meat', 44, 'Lettuce, Pickles, Ketchup, Burger Bun'),
(863, 605, 1, 'Creamed Potatoes', 46, ''),
(864, 605, 1, 'Sweet potato', 59, ''),
(865, 606, 1, 'Tortilla Entrecote', 46, 'Lettuce, Tomatoes, Dijon Mustard And Mayo Mix, Bbq'),
(866, 606, 1, 'Rosa Burger 220 Grams', 46, 'Lettuce, Tomatoes, Pickles, Bbq, Fried Egg (+7)'),
(867, 606, 1, 'Spring Chicken With Green Herbs', 58, ''),
(868, 606, 1, 'Satay Chicken Salad', 44, ''),
(869, 606, 1, 'Tortilla Kebab', 49, 'Lettuce, Hot Peppers Spread, Guacamole (+5)'),
(870, 606, 1, 'Green Salad', 34, 'Multi-Grain (+7)'),
(871, 607, 1, 'Pad Ki Mao', 55, 'Antricot (+10)'),
(872, 607, 1, 'Pad Ki Mao', 55, 'Antricot (+10)'),
(873, 608, 2, 'Shawarma', 33, 'Bread Type:Pita, Veal, Fried Onions, Tomatoes'),
(874, 609, 1, 'Chicken breast', 45, 'Rice with Lentals, Mash Potatos, Hummus, Potato Chips, Purple cabbage, White cabbage, Egg Salad'),
(875, 609, 1, '230 g burger', 49, 'Can - Coke'),
(876, 610, 1, 'Burger 150 g meat', 31, 'Tomato, Ketchup'),
(877, 610, 1, 'Burger 150 g meat', 31, 'Lettuce, Onion, Garlic mayonnaise'),
(878, 610, 1, 'Burger 150 g meat', 31, 'Lettuce, Tomato, Pickles, Onion, Garlic mayonnaise, BBQ'),
(879, 610, 1, 'Burger 150 g meat', 31, 'Lettuce, Tomato, Pickles, Onion, Garlic mayonnaise, BBQ'),
(880, 610, 1, 'Schnitzel nuggets', 29, 'Garlic mayonnaise'),
(881, 610, 2, 'French fries', 15, ''),
(882, 610, 2, 'Onion rings', 15, ''),
(883, 610, 1, 'Schnitzel nuggets', 24, ''),
(884, 611, 1, 'Pad Siu', 55, 'Antricot (+10)'),
(885, 611, 1, 'Pad Ki Mao', 45, 'chicken'),
(886, 611, 2, 'Popia Gai', 25, ''),
(887, 612, 1, 'Kao Pad Gai', 39, 'chicken, Tofu'),
(888, 612, 1, 'Pad Kapao', 43, 'chicken, Tofu'),
(889, 613, 1, 'Pad Thai', 53, 'chicken, Antricot (+10)'),
(890, 614, 1, 'Entrecote Skewer', 48, ''),
(891, 614, 1, 'Entrecote Skewer', 48, ''),
(892, 614, 1, 'Satay Chicken Salad', 44, ''),
(893, 614, 1, 'Tortilla Lamb', 44, 'Pickles, Pickled Jalapeño, Chimichurri, Salsa, Sweet Chili'),
(894, 614, 1, 'Entrecote Skewer', 48, ''),
(895, 615, 1, 'Spring chicken', 45, 'Size:Two skewers, Rice with Lentals, Stuffed Pepper, Techina, Potato Chips, Fried Eggplant, Purple cabbage, Pickles, Tabule, Egg Salad, Beetroot salad'),
(896, 615, 1, 'Entrecote skewers', 65, 'Size:Two skewers, Potatos Chips , Vegetable Salad, Spicy Schug, Sweet Chili, Hummus, Potato Chips, Matbuha, White cabbage, Turkish salad, Tabule'),
(897, 616, 1, '3 * Burger deal', 68, 'Onion rings (+3), Coke, Lettuce, Tomato, Pickles, Sauteed onion (+3), Mushroom (+3)'),
(898, 616, 1, 'Fries', 11, 'Regular'),
(899, 617, 1, '3 * Burger deal', 68, 'Onion rings (+3), Coke, Lettuce, Tomato, Pickles, Sauteed onion (+3), Mushroom (+3)'),
(900, 617, 1, 'Fries', 11, 'Regular'),
(901, 618, 1, 'Pad Ki Mao', 45, 'chicken'),
(902, 618, 1, 'Singha soda water', 7, ''),
(903, 619, 1, 'Happy family spicy', 75, 'Soya, Teriyaki, Spicy Mayonnaise, Wasabi'),
(904, 620, 1, 'Chicken Salad', 42, 'Garlic Mayo'),
(905, 620, 1, 'Vegetarian Sandwich', 33, 'Sweet Chilli'),
(906, 620, 1, 'Double Angus Sandwich', 56, 'Bbq, Garlic Mayo, Lettuce, Tomato, Onions, Pickles'),
(907, 621, 1, 'House burger 220 g meat', 43, 'Fried egg (+5), Lettuce, Tomato, Onion, Garlic mayonnaise, BBQ, Burger Bun'),
(908, 621, 1, 'Chicken steak salad', 46, 'Ketchup, BBQ'),
(909, 621, 1, 'Chicken steak salad', 46, 'Garlic mayonnaise, Sweet Chili, Chimichurri'),
(910, 621, 1, 'French fries', 15, ''),
(911, 621, 1, 'Burger 300 g meat', 44, 'Lettuce, Fried onion, Ketchup, Garlic mayonnaise, 1000 Island, Burger Bun'),
(912, 621, 1, 'Chicken salad', 40, 'Garlic mayonnaise, Hot chili'),
(913, 621, 1, 'Schnitzel nuggets', 29, 'Lettuce, Tomato, Pickles, Fried onion, Garlic mayonnaise, BBQ, Sweet Chili, Baguette'),
(914, 622, 1, 'Special offer - 3 Large Pizzas for 99 Shekel', 109, 'PIZZA 1 Mushrooms (+5), PIZZA 1 Onions (+5)'),
(915, 622, 1, 'Meshulashim Salad', 28, ''),
(916, 622, 1, 'Meshulashim Pasta', 28, ''),
(917, 623, 1, 'Fatoush', 57, ''),
(918, 623, 1, 'Burgul with lentils', 59, ''),
(919, 623, 1, 'Sweet potato', 59, ''),
(920, 624, 1, 'סלט יווני', 38, 'Olives (+5), Tomatoes (+5)'),
(921, 624, 1, 'XL + תוספות', 75, 'Olives'),
(922, 625, 1, 'Oshi Oshi', 78, 'Teriyaki'),
(923, 626, 2, 'Bandora Express', 42, ''),
(924, 627, 1, 'Large pie', 77, 'Olives (+12)'),
(925, 628, 1, 'Special offer - 3 Large Pizzas for 99 Shekel', 99, ''),
(926, 629, 1, '#89 Hot Denis roll', 36, ''),
(927, 629, 1, '#95 Saki Roll', 41, ''),
(928, 629, 1, '#100 Saki Maki', 22, ''),
(929, 629, 1, '#101 Taki Maki', 22, ''),
(930, 629, 1, '#109 Asparagus Maki', 16, ''),
(931, 629, 1, '#300 Salmon and avocado', 32, ''),
(932, 629, 1, '#305 Veggie roll: shiitake mushrooms, avocado, sweet potato in tempura and asparagus', 28, ''),
(933, 630, 1, 'Large pie', 65, 'Spicy house sauce, Garlic sauce '),
(934, 631, 2, 'Eggroll vegetable', 25, ''),
(935, 631, 1, 'Gyoza (vegetable)', 31, ''),
(936, 631, 1, 'Nigiri Salmon', 23, 'Soya, Spicy Mayonnaise'),
(937, 631, 1, 'Pad Thai', 45, ''),
(938, 631, 1, 'Mamma San (spicy)', 29, 'Spicy Mayonnaise'),
(939, 631, 1, 'Mamma San (spicy)', 29, 'Spicy Mayonnaise'),
(940, 631, 1, 'Charlie''s Angels (spicy)', 39, 'Spicy Mayonnaise'),
(941, 632, 1, 'Chicken breast in honey and mustard sauce', 52, 'French fries, Salad, Diet Coke - can, Lettuce, Fried onion, Humous, Schug, Garlic mayonnaise, Sweet Chili, Whole Wheat Ciabatta'),
(942, 633, 1, 'Burger 150 g meat', 52, 'French fries, Chinese rice, Diet Coke - can, Lettuce, Fried onion, Ketchup, Garlic mayonnaise, Sweet Chili, Burger Bun'),
(943, 634, 1, 'Burger salad', 40, 'Garlic mayonnaise'),
(944, 634, 1, 'Chicken steak salad', 46, 'Garlic mayonnaise'),
(945, 634, 1, 'Burger 150 g meat', 31, ''),
(946, 634, 2, 'Schnitzel nuggets', 24, ''),
(947, 634, 1, 'French fries', 15, ''),
(948, 634, 1, 'Burger salad', 40, 'Garlic mayonnaise, Hot chili'),
(949, 634, 1, 'Schnitzel nuggets salad', 40, 'BBQ, Sweet Chili, Chimichurri'),
(950, 634, 1, 'Chicken salad', 40, 'Garlic mayonnaise'),
(951, 634, 1, 'Schwarma', 31, 'Lettuce, Tomato, Onion, Garlic mayonnaise, BBQ, Sweet Chili, Baguette'),
(952, 635, 1, 'Kid''s Meal', 25, ''),
(953, 635, 1, 'Meshulashim Pie', 32, ''),
(954, 635, 1, 'Xl Pie', 65, ''),
(955, 635, 1, 'Meshulashim Toast', 25, ''),
(956, 636, 1, 'Xl Pie', 70, 'Olives (+5)'),
(957, 636, 1, 'Xl + Toppings', 75, 'Onions, Mushrooms, Tomatoes'),
(958, 636, 1, 'Home Fries', 28, ''),
(959, 636, 1, 'Fries', 18, ''),
(960, 637, 1, 'Jerusalem mixed grill', 40, 'Type of Bread :Baguette, Turkish salad, White cabbage, Pickles, White cabbage, Pickles, Beetroot salad'),
(961, 637, 1, 'Two entrecote skewers', 50, 'Type of Bread :Pita, Sweet Chili, Hummus, Fried Onion, Spicy Eggplant, White cabbage, Potato Chips, Pickles, Potato Chips, White cabbage, Pickles, Coca Cola (+5)'),
(962, 637, 1, 'Large bottle 1.5 litre', 13, 'Coca cola'),
(963, 637, 1, 'Chips (bag)', 15, 'Size:Small'),
(964, 637, 1, 'Felafel Balls', 5, 'Size:5'),
(965, 638, 1, 'Pad Siu', 55, 'Antricot (+10)'),
(966, 638, 1, 'Pad Ki Mao', 55, 'Antricot (+10)'),
(967, 639, 1, 'Double Angus Sandwich', 56, 'Garlic Mayo, Sweet Chilli, Lettuce, Tomato, Fried onions'),
(968, 639, 1, 'American Fries', 14, 'Ketchup'),
(969, 640, 1, 'שווארמה', 35, 'גודל:לאפה, Amba, Techina, Hummus, Fried Onion, Tabule, Beetroot salad, Potato Chips, Pickles, Pickled Vegitables, Potato Chips, Fried Eggplant, Spicy Eggplant, Fried Hot Pepper, Spicy Carrot , Matbuha, Purple cabbage, White cabbage, Pickles, Turkish salad'),
(970, 640, 1, 'שווארמה', 35, 'גודל:לאפה, Techina, Spicy Schug, Hummus, Raw Onion, Fried Onion, Beetroot salad, Potato Chips, Pickles, Pickled Vegitables, Potato Chips, Fried Eggplant, Spicy Eggplant, Fried Hot Pepper, Spicy Carrot , Matbuha, Purple cabbage, White cabbage, Pickles, Tur'),
(971, 640, 1, 'שווארמה', 35, 'גודל:לאפה, Potato Chips, Pickles, Pickled Vegitables, Potato Chips, Fried Eggplant, Spicy Eggplant, Spicy Carrot , Matbuha, Purple cabbage, White cabbage, Pickles, Turkish salad, Tabule, Egg Salad, Beetroot salad'),
(972, 641, 1, '#504 Double Tempura Combination - 20 pieces', 95, 'Teriyaki, Spicy Mayonnaise'),
(973, 642, 1, 'Sandwich Schnitzel Rosa', 41, 'Pickles'),
(974, 642, 1, 'Sandwich Chicken', 43, 'Lettuce, Ketchup'),
(975, 643, 1, 'Sandwich Schnitzel Rosa', 41, 'Pickles'),
(976, 643, 1, 'Sandwich Chicken', 43, 'Lettuce, Ketchup'),
(977, 644, 1, 'Sandwich Schnitzel Rosa', 41, 'Pickles'),
(978, 644, 1, 'Sandwich Chicken', 43, 'Lettuce, Ketchup'),
(979, 645, 1, '#505 Yo Tzai Combination 32 pieces', 99, 'Soya, Teriyaki, Spicy Mayonnaise, Ginger, Wasabi'),
(980, 646, 1, 'Pad Kapao', 53, 'Antricot (+10)'),
(981, 646, 1, 'Pepsi max - 500 ml ', 7, ''),
(982, 647, 1, 'Popia Gai', 25, ''),
(983, 647, 2, 'Pad Kapao', 53, 'Antricot (+10)'),
(984, 647, 1, 'Pepsi max - 500 ml ', 7, ''),
(985, 648, 1, '#13 Crispy Salmon Salad', 42, ''),
(986, 648, 1, '#36 Chicken Pad Thai', 45, ''),
(987, 648, 1, '#54 Beef and white mushrooms', 51, ''),
(988, 648, 1, '#301 Red tuna, avocado and cucumber', 32, 'Soya, Teriyaki, Spicy Mayonnaise, Ginger, Wasabi'),
(989, 648, 1, '#92 Rainbow Roll', 43, ''),
(990, 648, 1, '#7 Edamame', 18, 'Soya, Teriyaki'),
(991, 648, 1, '#303 Spicy tuna, avocado and cucumber', 32, 'Soya, Teriyaki, Spicy Mayonnaise'),
(992, 648, 1, '#300 Salmon and avocado', 32, ''),
(993, 648, 1, '#499 Natural Vegetarian Combination - 18 pieces', 44, 'Soya, Teriyaki, Spicy Mayonnaise, Ginger, Wasabi'),
(994, 649, 1, 'Lamb burger 300 g', 65, 'Salad, Onion rings, Diet Coke - can, Roasted peppers (+3), Lettuce, Tomato, Pickles, Onion, Fried onion, Cucumber, Ketchup, Garlic mayonnaise, Mustard, BBQ, Sweet Chili, Burger Bun'),
(995, 650, 1, 'Popia', 25, ''),
(996, 650, 1, 'Popia Gai', 25, ''),
(997, 650, 1, 'Gang Masaman Gai', 65, ''),
(998, 650, 1, 'Pad Kapao', 43, 'chicken'),
(999, 650, 1, 'Pad Thai', 43, 'chicken'),
(1000, 650, 1, 'Pad Thai', 43, ''),
(1001, 651, 1, 'House bread', 14, ''),
(1002, 651, 2, 'Smoked salmon and cream cheese croissant', 31, 'Cappuccino'),
(1003, 652, 1, 'Cafe In breakfast for two', 127, 'Sunny side up, Americano, Orange juice, Shakshuka, Espresso, Red grapefruit juice, parsly , mushrooms, parsly , yellow cheese  (+5), Morning focaccia (+12)'),
(1004, 653, 1, 'Family sized pizza', 35, 'onion (+5), bulgarian cheese (+5), fresh mushrooms (+5)'),
(1005, 653, 1, 'Family sized pizza', 25, 'sweetcorn (+5)'),
(1006, 653, 3, 'Family sized pizza', 20, ''),
(1007, 653, 3, 'Israeli salad', 15, ''),
(1008, 653, 1, 'Family sized pizza', 25, 'spicy felafel (+5)'),
(1009, 654, 2, 'replay (Cow''s yogurt)', 27, 'Size:Large'),
(1010, 654, 1, 'Mango mix', 27, 'Size:Large'),
(1011, 655, 1, 'Schnitzel nuggets', 29, 'Lettuce, Fried onion, Garlic mayonnaise'),
(1012, 655, 1, 'Schnitzel nuggets', 29, 'Garlic mayonnaise'),
(1013, 655, 1, 'Burger 150 g meat', 31, 'Tomato, Ketchup'),
(1014, 655, 1, 'Schnitzel nuggets', 24, ''),
(1015, 655, 2, 'Onion rings', 15, ''),
(1016, 655, 2, 'French fries', 15, ''),
(1017, 655, 2, 'Chicken breast in garlic chili and coriander sauce', 31, 'Lettuce, Tomato, Pickles, Onion, Garlic mayonnaise, BBQ'),
(1018, 655, 1, 'Chicken steak salad', 46, ''),
(1019, 655, 1, 'Chicken steak salad', 46, 'Garlic mayonnaise'),
(1020, 656, 1, 'Coke zero - 250 ml', 10, ''),
(1021, 656, 1, 'Pad Ki Mao', 45, 'chicken'),
(1022, 657, 1, 'Entrecote salad', 48, 'Garlic mayonnaise'),
(1023, 657, 1, 'House burger 220 g meat', 38, 'Lettuce, Tomato, Pickles, Fried onion, Garlic mayonnaise, Sweet Chili, Burger Bun'),
(1024, 658, 1, 'Spring Chicken Baguette', 37, 'Hummus, Red cabbage salad, White cabbage salad'),
(1025, 658, 1, 'Beef & Chicken Baguette', 37, 'Techina, Hummus, White cabbage salad, Eggplant spread, Fried Eggplant'),
(1026, 658, 1, 'House Beef kebab Baguette', 43, 'French fries (+9), Hummus, Turkish salad'),
(1027, 658, 1, 'House Beef kebab Baguette', 43, 'French fries (+9), Hummus'),
(1028, 658, 1, 'Schwarma Baguette ', 46, 'French fries (+9), Techina, Hummus, White cabbage salad'),
(1029, 659, 1, 'Spring Chicken Baguette', 37, 'Hummus, Red cabbage salad, White cabbage salad'),
(1030, 659, 1, 'Beef & Chicken Baguette', 37, 'Techina, Hummus, White cabbage salad, Eggplant spread, Fried Eggplant'),
(1031, 659, 1, 'House Beef kebab Baguette', 43, 'French fries (+9), Hummus, Turkish salad'),
(1032, 659, 1, 'House Beef kebab Baguette', 43, 'French fries (+9), Hummus'),
(1033, 659, 1, 'Schwarma Baguette ', 46, 'French fries (+9), Techina, Hummus, White cabbage salad'),
(1034, 660, 1, 'Burger salad', 40, 'Ketchup, Mayonnaise, BBQ'),
(1035, 660, 1, 'Chicken salad', 40, 'Garlic mayonnaise, Mustard'),
(1036, 661, 1, 'Classic burger', 49, 'Lettuce, Tomato, Pickles, BBQ sauce'),
(1037, 661, 1, 'Classic burger', 52, 'Lettuce, Onion, 1000 Island dressing , Fried egg (+3)'),
(1038, 662, 1, 'Tuna Sandwich', 29, 'whole wheat'),
(1039, 662, 1, 'Halloumi Cheese salad', 39, 'whole wheat'),
(1040, 662, 1, 'Mozzarella Cheese Toast', 39, 'whole wheat'),
(1041, 662, 1, 'Smoked Salmon Croissant Sandwich', 36, ''),
(1042, 662, 1, 'Yogurt Parfait', 24, ''),
(1043, 662, 1, 'Salmon Sandwich', 33, 'white'),
(1044, 662, 1, 'Root Vegetable Salad & Baked Salmon', 49, 'light grain'),
(1045, 662, 1, 'Root Vegetable Salad & Baked Salmon', 49, 'Croutons, light grain'),
(1046, 663, 1, 'Schnitzel Baguette', 43, 'Onion rings (+9), Hummus'),
(1047, 663, 1, 'Flavored water - peach', 9, ''),
(1048, 664, 1, 'מגש xl', 65, ''),
(1049, 664, 1, 'מגש xl', 70, 'Onions (+5)'),
(1050, 665, 1, 'Steak Sandwich', 45, 'Lettuce, Pickles, Chimichurri'),
(1051, 665, 1, 'Steak Sandwich', 45, 'Lettuce, Tomatoes, Pickles, Sweet Chili, Bbq'),
(1052, 665, 1, 'American Fries', 17, ''),
(1053, 665, 1, 'Wings', 28, ''),
(1054, 665, 1, 'Sweet Potato Fries With A Touch Of Maple', 18, ''),
(1055, 666, 1, '#130 Veggie Tempura Roll', 30, ''),
(1056, 666, 1, '#501 Veggie Combination - 18 pieces', 41, ''),
(1057, 666, 1, '#3 Asian Vegetable Egg Roll 2 Pieces', 15, ''),
(1058, 666, 1, '#2 Vietnamese Chicken Egg Roll 2 Pieces', 18, ''),
(1059, 666, 1, '#600 Chicken Schnitzelonim', 42, ' Peach Iced Tea (Nestea)'),
(1060, 666, 1, '#53 Szechuan beef / chicken', 51, ''),
(1061, 666, 1, '#46 Gohan', 17, ''),
(1062, 666, 1, '#129 Build your own Maki Roll - choose three vegetables', 28, 'Avocado , Cucumber, Asparagus, Carrots'),
(1063, 667, 1, 'Meat steak', 70, 'French fries, Onion rings, Ice tea, Fried egg (+5), Lettuce, Tomato, Fried onion, Cucumber, BBQ, Sweet Chili, Burger Bun'),
(1064, 667, 1, 'Meat steak', 65, 'French fries, Chinese rice, Ice tea, Ketchup, Mustard'),
(1065, 667, 1, 'House burger 220 g meat', 38, 'Lettuce, Tomato, Fried onion, Cucumber, Garlic mayonnaise, BBQ, Burger Bun'),
(1066, 667, 1, 'Schwarma', 31, 'Lettuce, Tomato, Pickles, Fried onion, Cucumber, Humous, Baguette'),
(1067, 668, 1, 'Meat steak', 70, 'French fries, Onion rings, Ice tea, Fried egg (+5), Lettuce, Tomato, Fried onion, Cucumber, BBQ, Sweet Chili, Burger Bun'),
(1068, 668, 1, 'Meat steak', 65, 'French fries, Chinese rice, Ice tea, Ketchup, Mustard'),
(1069, 668, 1, 'House burger 220 g meat', 38, 'Lettuce, Tomato, Fried onion, Cucumber, Garlic mayonnaise, BBQ, Burger Bun'),
(1070, 668, 1, 'Schwarma', 31, 'Lettuce, Tomato, Pickles, Fried onion, Cucumber, Humous, Baguette'),
(1071, 669, 1, 'Meat steak', 70, 'French fries, Onion rings, Ice tea, Fried egg (+5), Lettuce, Tomato, Fried onion, Cucumber, BBQ, Sweet Chili, Burger Bun'),
(1072, 669, 1, 'Meat steak', 65, 'French fries, Chinese rice, Ice tea, Ketchup, Mustard'),
(1073, 669, 1, 'House burger 220 g meat', 38, 'Lettuce, Tomato, Fried onion, Cucumber, Garlic mayonnaise, BBQ, Burger Bun'),
(1074, 669, 1, 'Schwarma', 31, 'Lettuce, Tomato, Pickles, Fried onion, Cucumber, Humous, Baguette'),
(1075, 670, 1, 'Meat steak', 70, 'French fries, Onion rings, Ice tea, Fried egg (+5), Lettuce, Tomato, Fried onion, Cucumber, BBQ, Sweet Chili, Burger Bun'),
(1076, 670, 1, 'Meat steak', 65, 'French fries, Chinese rice, Ice tea, Ketchup, Mustard'),
(1077, 670, 1, 'House burger 220 g meat', 38, 'Lettuce, Tomato, Fried onion, Cucumber, Garlic mayonnaise, BBQ, Burger Bun'),
(1078, 670, 1, 'Schwarma', 31, 'Lettuce, Tomato, Pickles, Fried onion, Cucumber, Humous, Baguette'),
(1079, 671, 1, 'House burger 220 g meat', 38, 'Lettuce, Fried onion, BBQ, Burger Bun'),
(1080, 671, 1, 'House burger 220 g meat', 38, 'Lettuce, Pickles, Fried onion, 1000 Island, Burger Bun'),
(1081, 671, 2, 'Schnitzel nuggets', 24, ''),
(1082, 671, 2, 'Coca Cola Zero - can', 8, ''),
(1083, 672, 1, 'Penne pizza', 49, ''),
(1084, 672, 1, 'Penne pizza', 49, ''),
(1085, 672, 1, 'Diet Coke', 13, ''),
(1086, 672, 1, 'Penne pizza', 49, ''),
(1087, 672, 1, 'Sprite', 13, ''),
(1088, 673, 1, 'Angus Salad', 66, '170 grams chicken breast (+18), portobello mushroom (+4)'),
(1089, 674, 2, 'Angus Tortilla', 36, 'Garlic Mayo'),
(1090, 675, 1, 'Rosa Burger 220 Grams', 39, 'Lettuce, Tomatoes, Pickles, Dijon Mustard And Mayo Mix, Bbq'),
(1091, 675, 1, 'Sandwich Schnitzel Rosa', 41, 'Lettuce, Tomatoes, Pickles, Pesto, Tehina, Salsa, Bbq'),
(1092, 675, 1, 'Sandwich Chicken', 43, 'Lettuce, Tomatoes, Dijon Mustard And Mayo Mix'),
(1093, 676, 5, 'Japanese pickles', 15, ''),
(1094, 677, 1, 'Pad ka prao - spicy', 49, ''),
(1095, 677, 1, 'Vegetarian combination - 16 pc', 43, ''),
(1096, 678, 1, 'Steak Sandwich', 45, 'Lettuce, Dijon Mustard And Mayo Mix'),
(1097, 678, 1, 'The House Burger 250G', 39, 'Lettuce, Tomatoes, Bbq'),
(1098, 678, 1, 'Sweet Potato Fries With A Touch Of Maple', 18, ''),
(1099, 679, 6, '#129 Build your own Maki Roll - choose three vegetables', 28, 'Soya, Spicy Mayonnaise, Wasabi, Avocado , Cucumber'),
(1100, 680, 1, 'Xl Pie', 65, ''),
(1101, 680, 2, 'Alfredo', 28, 'Penne'),
(1102, 680, 2, 'Pasta Roza', 28, 'Penne'),
(1103, 680, 1, 'Fries', 18, ''),
(1104, 681, 2, 'Large pie', 65, ''),
(1105, 682, 1, 'Gang Qiao Wen Gai', 55, ''),
(1106, 682, 1, 'Pad Ki Mao', 55, 'Antricot (+10)'),
(1107, 682, 1, 'Pad Thai', 53, 'Antricot (+10)'),
(1108, 682, 2, 'Popia Gai', 25, ''),
(1109, 683, 1, 'Pad Ki Mao', 45, 'chicken'),
(1110, 683, 1, 'Pad Ki Mao', 45, 'chicken'),
(1111, 683, 1, 'Pad Ki Mao', 45, 'chicken'),
(1112, 684, 1, 'סלט חלומי', 49, ''),
(1113, 684, 1, 'הום פרייז', 32, ''),
(1114, 684, 1, 'אלפרודיטה', 42, ''),
(1115, 684, 1, 'קפוצ''ינו (הפוך)', 10, 'קטן'),
(1116, 685, 1, 'Chicken bites', 25, ''),
(1117, 685, 1, 'Chicken eggroll', 24, ''),
(1118, 685, 1, 'Cauliflower in panko', 28, ''),
(1119, 685, 1, 'Beef szechuan', 49, ''),
(1120, 685, 1, 'Pad ka pao - spicy', 49, ''),
(1121, 686, 1, 'Chicken bites', 25, ''),
(1122, 686, 1, 'Chicken eggroll', 24, ''),
(1123, 686, 1, 'Cauliflower in panko', 28, ''),
(1124, 686, 1, 'Beef szechuan', 49, ''),
(1125, 686, 1, 'Pad ka pao - spicy', 49, ''),
(1126, 687, 1, 'Pad Kapao', 53, 'Antricot (+10)'),
(1127, 687, 1, 'Pad Kapao', 53, 'Antricot (+10)'),
(1128, 688, 1, '1* Burger deal - sirloin', 55, 'Onion rings (+3), Sprite, Lettuce, Tomato, Pickles, Sauteed onion (+3)'),
(1129, 688, 1, '2* Burger deal - sirloin', 74, 'Onion rings (+3), Sprite, Lettuce, Tomato, Sauteed onion (+3), Mushroom (+3)'),
(1130, 689, 1, 'Schwarma', 45, 'White Rice, Vegetable Salad, Techina, Hummus, Egg Salad'),
(1131, 689, 1, 'Schwarma', 35, 'Size:Laffa, Techina, Sweet Chili, Hummus, Fried Onion, Purple cabbage, Hot Mushrooms, Potato Chips, Pickled Vegitables, Potato Chips, Pickles, Egg Salad'),
(1132, 689, 1, '230 g burger', 49, 'Schweppes Fruit of the forest, Amba, mayonnaise, Ketchup'),
(1133, 689, 1, 'Spring chicken', 45, 'Size:Two skewers, Rice with Lentals, Vegetable Salad, Sweet Chili, Ketchup, White cabbage, Beetroot salad'),
(1134, 690, 1, 'Make your own Fish Sushi sandwich', 38, 'Fish:Spicy Salmon, Cucumber, Avocado'),
(1135, 690, 1, 'Make your own Fish Sushi sandwich', 38, 'Fish:Spicy Tuna, Cucumber, Avocado'),
(1136, 690, 1, 'Make your own Fish Sushi sandwich', 38, 'Fish:Salmon, Cucumber, Avocado'),
(1137, 690, 1, 'Make your own Fish Sushi sandwich', 38, 'Fish:Salmon, Cucumber, Avocado'),
(1138, 690, 1, 'Rock’n-Rol', 38, ''),
(1139, 691, 1, 'Chicken sandwich', 45, 'Lettuce, Onion, 1000 Island dressing , BBQ sauce, Sauteed onion (+3), Fried egg (+3)'),
(1140, 691, 1, 'Classic burger', 32, 'Lettuce, Pickles, Onion, 1000 Island dressing , Sunny side down (+3)'),
(1141, 691, 1, 'Chicken sandwich', 45, 'Tomato, Pickles, Onion, 1000 Island dressing , Sauteed onion (+3), Fried egg (+3)'),
(1142, 692, 1, '3 * Burger deal', 59, 'Fries, Coke, Lettuce, Tomato, Pickles, Onion, 1000 Island dressing'),
(1143, 692, 1, '3 * Burger deal', 59, 'Fries, Sprite'),
(1144, 692, 1, 'Classic burger', 39, 'Lettuce, Onion'),
(1145, 693, 1, 'Pad Ki Mao', 45, 'chicken'),
(1146, 693, 1, 'Pad Ki Mao', 45, 'chicken'),
(1147, 693, 1, 'Popia Gai', 25, ''),
(1148, 693, 1, 'Popia Gai', 25, ''),
(1149, 694, 1, 'Chicken Salad', 42, 'Garlic Mayo, Sweet Chilli, Spicy Chilli'),
(1150, 694, 1, 'Chicken Salad', 42, 'Bbq, Thousand Island, Sweet Chilli'),
(1151, 694, 1, 'Chicken Tortilla', 32, 'Thousand Island, Garlic Mayo, Sweet Chilli, Spicy Chilli, Jalpeño, Lettuce, Tomato, Onions, Pickles, Fried onions, Pickled spicy pepper, Herb'),
(1152, 695, 1, 'Xl Pie', 65, ''),
(1153, 696, 1, 'Schnitzel', 30, 'Size:Baguette'),
(1154, 696, 1, 'Humous with Meat', 35, 'Home style humous'),
(1155, 696, 1, 'Humous with Meat', 35, 'Humous with chicken strips stirfried in onion'),
(1156, 697, 1, 'Steak Baguette', 51, 'French fries (+9), Schug, Techina, Hummus, White cabbage salad, Fried Eggplant, Turkish salad'),
(1157, 697, 1, 'Schwarma Baguette ', 37, 'Hummus'),
(1158, 697, 1, 'Spicy sausege Baguette', 34, 'Hummus, Red cabbage salad, Eggplant spread, Fried Eggplant, Turkish salad'),
(1159, 698, 1, '1* Burger deal', 47, 'Fries, Coke, Lettuce, Tomato, Pickles, Onion, 1000 Island dressing, Mushroom (+3)'),
(1160, 698, 1, '2* Burger deal - sirloin', 68, 'Onion rings (+3), Fuze Tea, Tomato, Pickles'),
(1161, 699, 1, 'Bourekas Special', 19, ''),
(1162, 699, 1, 'Root Vegetable Salad & Baked Salmon', 49, 'Croutons, light grain'),
(1163, 700, 1, 'Stir fried chicken salad', 40, 'BBQ, Sweet Chili, Chimichurri'),
(1164, 700, 1, 'Chicken salad', 40, 'Garlic mayonnaise, Mustard, Sweet Chili, Hot chili, Chimichurri'),
(1165, 700, 1, 'Lamb burger 300 g', 44, 'Lettuce, Tomato, Pickles, Onion, Cucumber, Eggplant, Garlic mayonnaise, BBQ, 1000 Island, Burger Bun'),
(1166, 700, 1, 'House burger 220 g meat', 46, 'Fried egg (+5), Mushroom (+3), Lettuce, Fried onion, Garlic mayonnaise, BBQ, Hot chili, Burger Bun'),
(1167, 701, 1, 'replay (Cow''s yogurt)', 24, 'Size:Medium'),
(1168, 701, 1, 'refemme Cow''s yogurt ', 27, 'Size:Large'),
(1169, 701, 2, 'relax Cow''s yogurt', 27, 'Size:Large'),
(1170, 701, 1, 'replay (Cow''s yogurt)', 27, 'Size:Large'),
(1171, 702, 1, 'Mini pancakes', 39, ''),
(1172, 702, 1, 'Home Fries Salad', 61, ''),
(1173, 703, 1, 'Fries', 14, 'Large (+3)'),
(1174, 703, 1, 'Onion rings', 17, 'Large (+3)'),
(1175, 703, 1, '3 * Burger deal', 68, 'Onion rings (+3), Coke, Tomato, Onion, Sauteed onion (+3), Mushroom (+3)'),
(1176, 704, 1, 'Veggie burger (150g)', 32, 'Lettuce, Tomato, Pickles, Sauteed onion, Mushroom (+3)'),
(1177, 704, 1, 'Sirloin sandwich', 44, 'Lettuce, Tomato, Pickles, Onion, 1000 Island dressing , BBQ sauce, Sauteed onion (+3), Mushroom (+3), Fried egg (+3)'),
(1178, 704, 1, 'Chicken sandwich', 29, 'Tomato, Pickles, 1000 Island dressing '),
(1179, 705, 1, 'Veggie burger (150g)', 29, 'Lettuce, Tomato, Pickles, Onion, 1000 Island dressing , BBQ sauce'),
(1180, 705, 1, 'Veggie burger (150g)', 29, 'BBQ sauce'),
(1181, 705, 1, 'Sirloin sandwich', 35, 'Onion'),
(1182, 706, 1, 'Special offer - 3 Large Pizzas for 99 Shekel', 99, ''),
(1183, 707, 3, '#100 Saki Maki', 22, ''),
(1184, 707, 3, '#107 Avocado Maki', 16, ''),
(1185, 707, 2, '#129 Build your own Maki Roll - one type of fish and two vegetables', 32, 'Salmon, Cucumber'),
(1186, 707, 2, '#300 Salmon and avocado', 32, ''),
(1187, 708, 1, 'Mango mix', 27, 'Size:Large'),
(1188, 708, 1, 'Mango mix', 27, 'Size:Large'),
(1189, 708, 1, 'Freeze orange', 24, 'Size:Medium'),
(1190, 709, 1, 'Veggie Sunset', 42, 'Soya, Teriyaki, Spicy Mayonnaise, Wasabi'),
(1191, 709, 1, 'Veggie Combo', 77, 'Soya, Teriyaki, Spicy Mayonnaise, Ginger, Wasabi'),
(1192, 710, 1, 'The House Burger 250G', 39, 'Lettuce, Tomatoes, Sweet Chili, Bbq'),
(1193, 710, 1, 'The House Burger 250G', 62, 'Lettuce, Tomatoes, Pickles, Roza Deal : Upgrade To A Meal Including Chips Onion Rings And A Drink (+23)'),
(1194, 710, 1, 'House Burger 150G', 55, 'Tomatoes, Pickles, Roza Deal : Upgrade To A Meal Including Chips Onion Rings And A Drink (+23)'),
(1195, 710, 1, 'Tortilla Chicken', 42, 'Tomatoes, Chimichurri'),
(1196, 711, 1, 'House burger 220 g meat', 57, 'French fries, Onion rings, Bottled Water, Lettuce, Pickles, Fried onion, Garlic mayonnaise, Chimichurri, Burger Bun'),
(1197, 711, 1, 'Schnitzel nuggets', 55, 'French fries, Onion rings, Coca Cola Zero - can, Fried egg (+5), Lettuce, Pickles, Onion, Fried onion, Garlic mayonnaise, BBQ, Sweet Chili, Hot chili, Baguette'),
(1198, 711, 1, 'House burger 220 g meat', 62, 'French fries, Onion rings, Coca Cola Zero - small bottle, Fried egg (+5), Fried onion, Garlic mayonnaise, BBQ, Burger Bun'),
(1199, 711, 1, 'House burger 220 g meat', 57, 'French fries, Salad, Bottled Water, Lettuce, Tomato, Pickles, Onion, Garlic mayonnaise, BBQ, Burger Bun'),
(1200, 712, 1, '3 * Burger deal', 62, 'Fries, Coke, Lettuce, Tomato, Sauteed onion (+3)'),
(1201, 712, 1, 'Fries', 14, 'Large (+3)'),
(1202, 713, 1, 'Rusty', 39, 'Teriyaki, Spicy Mayonnaise, Wasabi'),
(1203, 713, 1, 'Veggie Sunset', 42, 'Teriyaki, Spicy Mayonnaise, Wasabi'),
(1204, 714, 1, 'Regular sausages', 25, 'Techina, Sweet Chili, Hummus, Spicy Carrot , White cabbage, Beetroot salad, Hot Mushrooms, Potato Chips, Pickles, Pickled Vegitables'),
(1205, 714, 1, 'Chicken breast', 45, 'Rice with Lentals, Stuffed Pepper, Techina, Sweet Chili, Ketchup, Hummus, Pickled Vegitables, Potato Chips, Fried Eggplant, Spicy Carrot , White cabbage, Pickles, Beetroot salad'),
(1206, 714, 1, 'Jerusalem mixed grill', 50, 'Rice with Lentals, Potatos Chips , Spicy Chilli, White cabbage'),
(1207, 714, 1, 'Bag of 10 pittot', 12, ''),
(1208, 714, 1, 'Schwarma', 45, 'Potatos Chips , Vegetable Salad, Techina, Spicy Schug, Spicy Carrot '),
(1209, 714, 1, 'Spring chicken', 45, 'Size:Two skewers, Rice with Lentals, Stuffed Pepper, Techina, Sweet Chili, Potato Chips'),
(1210, 715, 1, 'Chicken Salad', 42, 'Thousand Island, Garlic Mayo'),
(1211, 715, 1, 'Small Sweet Potato Fries', 14, 'Size:Small, Ketchup, Bbq, Garlic Mayo, Sweet Chilli'),
(1212, 716, 1, 'Steak Baguette', 51, 'French fries (+9), Hummus, Red cabbage salad, Matbucha'),
(1213, 716, 1, 'Chicken salad ', 39, ''),
(1214, 716, 1, 'Crispy salad', 48, 'Onion rings  (+9)'),
(1215, 717, 2, 'Shawarma', 39, 'Bread Type:Laffa, Mix, French Fries, Fried Onions, Chummus'),
(1216, 717, 1, 'Bandora Express', 42, 'Fried Onions, Roasted Peppers, Chummus, Amba, Spicy'),
(1217, 718, 1, 'Angus Salad', 66, '150 grams goose breast or entrecote (+18), Egg (+4)'),
(1218, 719, 2, 'Angus Burger', 40, 'Bbq, Thousand Island'),
(1219, 720, 1, 'Burger 150 g meat', 52, 'French fries, Onion rings, Coca Cola Zero - small bottle, Lettuce, Tomato, Pickles, Fried onion, Ketchup, Garlic mayonnaise, Sweet Chili, Burger Bun'),
(1220, 720, 1, 'Chicken breast in honey and mustard sauce', 31, 'Lettuce, Pickles, Fried onion, Garlic mayonnaise, Sweet Chili, Chimichurri, Whole Wheat Ciabatta'),
(1221, 720, 1, 'Chicken breast with pesto and parsley sauce', 31, 'Tomato, Pickles, Fried onion, Eggplant, Garlic mayonnaise, Sweet Chili, Whole Wheat Ciabatta'),
(1222, 720, 1, 'Chicken salad', 40, 'Garlic mayonnaise, Sweet Chili'),
(1223, 720, 1, 'French fries', 15, ''),
(1224, 721, 1, 'Schnitzel Baguette', 43, 'French fries (+9), Hummus, Potato salad'),
(1225, 721, 1, 'Fanta - bottle ', 9, ''),
(1226, 722, 1, 'Regular pie', 65, 'Zero'),
(1227, 723, 1, 'Classic Jordi schnitzel (On a plate)', 40, 'French fries, Onion rings'),
(1228, 723, 1, 'Pesto schnitzel salad', 30, 'Sweet chili, BBQ, Lettuce, Tomatoes, Cucumber, Onion, Fried onion'),
(1229, 724, 1, 'Beet, Apple, Carrot, Celery', 16, ''),
(1230, 724, 1, 'Avocado Sandwich', 28, ''),
(1231, 724, 4, 'Cheese Pastry', 12, ''),
(1232, 724, 1, 'Vegan Phyllo Apple Pastry', 10, ''),
(1233, 725, 1, '3 * Burger deal', 68, 'Onion rings (+3), Fanta, Lettuce, Onion, 1000 Island dressing, Mushroom (+3), Sunny side down (+3)'),
(1234, 725, 1, '1* Burger deal', 50, 'Fries, Sprite, Lettuce, Pickles, Onion, 1000 Island dressing, Mushroom (+3), Fried egg (+3)'),
(1235, 725, 1, 'Chicken sandwich', 32, 'Onion, 1000 Island dressing , Mushroom (+3)'),
(1236, 726, 1, '3 * Burger deal', 65, 'Onion rings (+3), Coke, Lettuce, Pickles, 1000 Island dressing, Mushroom (+3)'),
(1237, 726, 1, '2* Burger deal - sirloin', 71, 'Fries, Zero, Tomato, Pickles, 1000 Island dressing, Mushroom (+3), Fried egg (+3)'),
(1238, 726, 1, '1* Burger deal - sirloin', 55, 'Onion rings (+3), Sprite, Lettuce, Onion, 1000 Island dressing, Mushroom (+3)'),
(1239, 727, 1, 'Shawarma', 33, 'French Fries, Techina, Bread Type:Pita, Veal'),
(1240, 727, 1, 'Chicken Skewers', 45, 'French Fries, Techina, Chummus, Amba, Bread Type:Plate, Mix'),
(1241, 728, 1, 'House Burger 150G', 32, 'Lettuce, Tomatoes, Pickles'),
(1242, 728, 1, 'House Burger 150G', 32, 'Lettuce, Tomatoes, Pickles'),
(1243, 728, 1, 'Sandwich Chicken', 43, 'Lettuce, Tomatoes, Pickles'),
(1244, 728, 1, 'Rosa Burger 220 Grams', 39, 'Lettuce, Tomatoes, Pickles'),
(1245, 728, 1, 'Steak Sandwich', 45, 'Lettuce, Tomatoes, Pickles, Dijon Mustard And Mayo Mix'),
(1246, 728, 1, 'Onion Rings', 17, ''),
(1247, 728, 1, 'Wings', 28, ''),
(1248, 728, 1, 'The House Burger 250G', 39, 'Pickles, Bbq'),
(1249, 728, 1, 'American Fries', 17, ''),
(1250, 728, 1, 'House Burger 150G', 32, 'Tomatoes, Pickles'),
(1251, 729, 1, 'סביח מחוזק', 59, ''),
(1252, 729, 1, 'דאבל פלאפל בורגר', 49, ''),
(1253, 729, 1, 'לזניה רוטולו', 63, ''),
(1254, 729, 1, 'סמוסה הודית', 32, ''),
(1255, 729, 1, 'קינוחים ועוגות', 39, ''),
(1256, 729, 1, 'פנה פיצה', 49, ''),
(1257, 730, 1, 'Xl Pie', 70, 'Onions (+5)'),
(1258, 730, 3, 'Xl Pie', 65, ''),
(1259, 730, 2, 'Fries', 18, ''),
(1260, 731, 1, 'Happy family spicy', 75, 'Teriyaki, Spicy Mayonnaise'),
(1261, 732, 1, '#110 Shiitake Maki', 16, 'Teriyaki, Spicy Mayonnaise'),
(1262, 732, 1, '#129 Build your own Maki Roll - choose three vegetables', 28, 'Teriyaki, Spicy Mayonnaise, Avocado , Tempura coated sweet potato'),
(1263, 732, 1, ' Mineral water', 9, ''),
(1264, 733, 1, '#52 Sweet and sour lemon chicken', 51, ''),
(1265, 733, 2, '#3 Asian Vegetable Egg Roll 2 Pieces', 15, 'Soya, Teriyaki, Spicy Mayonnaise, Ginger, Wasabi'),
(1266, 733, 1, '#305 Veggie roll: shiitake mushrooms, avocado, sweet potato in tempura and asparagus', 28, 'Soya, Teriyaki, Spicy Mayonnaise, Ginger, Wasabi'),
(1267, 733, 1, '#307 Kinugushi roll: tofu in tempura, shiitake mushrooms, cucumber and sweet potato in tempura', 32, 'Soya, Teriyaki, Spicy Mayonnaise, Ginger, Wasabi'),
(1268, 734, 1, 'Sweet potato', 59, ''),
(1269, 735, 1, 'Toasts', 25, 'Onion, Tomato, Pesto'),
(1270, 735, 1, 'Regular pie', 65, 'Zero');
INSERT INTO `order_detail` (`id`, `order_id`, `qty`, `item`, `sub_total`, `sub_items`) VALUES
(1271, 736, 1, 'Shawarma', 33, 'French Fries, Fried Onions, Tomatoes, Techina, Babaghanoush, Bread Type:Pita, Veal'),
(1272, 736, 1, 'Super Spicy Bandora', 35, 'French Fries, Tomatoes, Babaghanoush, Bread Type:Pita, Veal'),
(1273, 737, 1, 'Shawarma', 39, 'Tomatoes, Techina, Bread Type:Laffa, Veal'),
(1274, 737, 1, 'Beef Kabab', 35, 'French Fries, Bread Type:Pita, Spring Chicken'),
(1275, 738, 1, 'Angus Salad', 88, '150 grams goose breast or entrecote (+18), 170 grams chicken breast (+18), Egg (+4), portobello mushroom (+4), Ketchup'),
(1276, 739, 2, 'Bandora Express', 42, 'Fried Onions, Tomatoes'),
(1277, 740, 2, 'Shawarma', 33, 'לחם:Pita, Spring Chicken, Fried Onions, Tomatoes'),
(1278, 741, 2, 'Shawarma', 33, 'לחם:Pita, Mix, Fried Onions, Tomatoes'),
(1279, 742, 2, 'Oshi Canape', 46, 'Spicy Mayonnaise, Ginger'),
(1280, 743, 2, 'Classic Jordi schnitzel (In a baguette)', 30, ''),
(1281, 744, 1, 'Special offer - 3 Large Pizzas for 99 Shekel', 104, 'PIZZA 1 Olives (+5)'),
(1282, 744, 1, 'Greek Salad', 28, ''),
(1283, 745, 1, 'Regular pie', 65, 'Garlic bread'),
(1284, 746, 1, 'Xl Pie', 65, ''),
(1285, 746, 1, 'Greek Salad', 43, 'Mushrooms (+5), Olives (+5), Tomatoes (+5)'),
(1286, 746, 1, 'Arrabiata', 28, 'Linguine'),
(1287, 747, 1, 'Burger 150 g meat', 31, 'Lettuce, Tomato, Pickles, Onion, Ketchup, Mayonnaise, Mustard, Burger Bun'),
(1288, 747, 1, 'Meat steak', 45, 'BBQ, Whole Wheat Ciabatta'),
(1289, 747, 1, 'Sweet Chilli Wings', 35, ''),
(1290, 747, 1, 'French fries', 15, ''),
(1291, 748, 1, 'Classic burger', 32, 'BBQ sauce, Sauteed onion (+3)'),
(1292, 748, 1, 'Classic burger', 32, 'Tomato, Pickles, 1000 Island dressing , Sauteed onion (+3)'),
(1293, 748, 1, 'Classic burger', 42, 'Lettuce, Pickles, Sauteed onion (+3)'),
(1294, 748, 1, 'Classic burger', 39, 'Lettuce, Tomato, Pickles, Onion, 1000 Island dressing , BBQ sauce'),
(1295, 749, 1, 'Balkan', 51, 'Rustic ciabatta, Green salad'),
(1296, 749, 1, 'Cold Chocolate Drink', 16, 'Size:Small'),
(1297, 750, 1, 'Margarita', 28, ''),
(1298, 750, 1, 'Sprite', 10, ''),
(1299, 750, 1, 'Fries', 18, ''),
(1300, 751, 1, 'Chicken salad ', 39, ''),
(1301, 751, 1, 'Steak Baguette', 51, 'French fries (+9), Red cabbage salad, Matbucha, Fried Eggplant'),
(1302, 751, 1, 'Crispy salad', 39, ''),
(1303, 752, 1, 'Schnitzel nuggets', 29, 'Baguette'),
(1304, 752, 1, 'Meat steak', 65, 'French fries, Salad, Ice tea, Ketchup, Whole Wheat Ciabatta'),
(1305, 752, 1, 'Onion rings', 15, ''),
(1306, 753, 2, 'House burger 220 g meat', 38, ''),
(1307, 754, 2, 'Chicken breast in honey and mustard sauce', 31, ''),
(1308, 755, 2, 'Shawarma', 33, 'French Fries, Fried Onions, Bread Type:Pita, Veal'),
(1309, 756, 2, '#87 Japan Roll', 43, 'Spicy Mayonnaise, Ginger, Wasabi'),
(1310, 757, 1, 'Chicken Breast', 45, 'Roasted Peppers, Bread Type:Plate, Spring Chicken'),
(1311, 757, 1, 'Fuze Tea', 10, ''),
(1312, 758, 3, 'Family pie', 21, 'House sauce (+1)'),
(1313, 759, 1, 'Chicken bites', 25, ''),
(1314, 759, 1, 'Rock’n-Rol', 38, ''),
(1315, 759, 1, 'Rock’n-Rol', 38, ''),
(1316, 759, 1, 'San pellegrino - 250 ml', 10, ''),
(1317, 760, 2, 'Family pie', 20, ''),
(1318, 760, 1, 'Tropit', 2, ''),
(1319, 760, 1, 'Large coke zero', 10, ''),
(1320, 761, 1, '2* Burger deal', 54, 'Pickles, Onion, 1000 Island dressing, Fries, Fuze Tea'),
(1321, 761, 1, '1* Burger deal', 44, 'Tomato, Pickles, Fries, Grape juice'),
(1322, 761, 1, '2* Burger deal', 57, 'Lettuce, 1000 Island dressing, Onion rings (+3), Fanta'),
(1323, 761, 1, 'Sirloin sandwich', 35, 'Lettuce, BBQ sauce'),
(1324, 762, 1, 'Hot dogs', 29, ''),
(1325, 762, 5, 'Burger 300 g meat', 44, ''),
(1326, 762, 1, 'Burger 150 g meat', 31, ''),
(1327, 762, 1, 'Chicken breast in garlic chili and coriander sauce', 31, 'Baguette'),
(1328, 763, 1, '#130 Veggie Tempura Roll', 30, 'Soya, Teriyaki, Spicy Mayonnaise'),
(1329, 763, 1, '#2 Vietnamese Chicken Egg Roll 2 Pieces', 18, ''),
(1330, 763, 1, '#36 Chicken Pad Thai', 45, ''),
(1331, 763, 1, '#132 Magoro Tempura Roll', 36, 'Soya, Teriyaki, Spicy Mayonnaise, Ginger, Wasabi'),
(1332, 764, 1, 'Mandarin cashew', 49, ''),
(1333, 764, 1, 'New Atza combination - 39 pc', 155, ''),
(1334, 765, 1, 'Sweet potato', 59, ''),
(1335, 765, 1, 'Burgul with lentils', 59, ''),
(1336, 766, 1, 'Fish combination - 18 pc', 65, ''),
(1337, 766, 1, 'Asian home fries', 25, ''),
(1338, 766, 1, 'Tartar salmon', 32, ''),
(1339, 767, 1, 'Meshulashim Pie', 32, ''),
(1340, 767, 1, 'Xl + Toppings', 75, 'Onions, Mushrooms, Olives'),
(1341, 768, 1, 'Burger 300 g meat', 44, 'Fried onion, Humous, BBQ, Sweet Chili, Burger Bun'),
(1342, 768, 2, 'Schnitzel nuggets', 29, 'Lettuce'),
(1343, 768, 1, 'House burger 220 g meat', 38, 'Lettuce, Tomato, Pickles, Fried onion, Humous, Ketchup, BBQ, Sweet Chili, Burger Bun'),
(1344, 768, 1, 'Schnitzel nuggets', 29, 'Lettuce, Mustard, Baguette'),
(1345, 768, 6, 'French fries', 15, ''),
(1346, 768, 1, 'Schnitzel nuggets', 29, 'Lettuce, BBQ, Sweet Chili, Baguette'),
(1347, 768, 1, 'Chicken steak (poulette)', 31, 'Lettuce, Fried onion, Humous, Garlic mayonnaise, BBQ, Baguette'),
(1348, 768, 1, 'Burger 300 g meat', 47, 'Mushroom (+3), Lettuce, Tomato, Pickles, Cucumber, 1000 Island, Burger Bun'),
(1349, 768, 1, 'Schnitzel nuggets', 24, ''),
(1350, 769, 1, 'Burger 150 g meat', 52, 'French fries, Fanta - can, Lettuce, Tomato, Pickles, Ketchup, Burger Bun'),
(1351, 769, 1, 'House burger 220 g meat', 38, 'Lettuce, Tomato, Pickles, Onion, Ketchup, Burger Bun'),
(1352, 769, 1, 'House burger 220 g meat', 38, 'Lettuce, Pickles, Ketchup, Burger Bun'),
(1353, 770, 1, 'Popia Gai', 25, ''),
(1354, 770, 1, 'Kao Pad Gai', 39, 'chicken'),
(1355, 771, 1, 'Sweet Chilli Wings', 35, 'Sweet Chili, Hot chili'),
(1356, 771, 1, 'Burger salad', 40, 'Garlic mayonnaise, 1000 Island, Sweet Chili'),
(1357, 772, 1, 'Salmon wrap', 38, ''),
(1358, 772, 1, 'Make your own Fish Sushi sandwich', 38, 'Fish:Salmon, Avocado, Tempora sweet potato'),
(1359, 772, 1, 'Tamaki fish in the assembly', 23, 'Fish:Salmon, Avocado, Tamago'),
(1360, 773, 1, 'Classic burger', 29, 'Lettuce, Pickles, Onion'),
(1361, 773, 1, 'Classic burger', 52, 'Lettuce, Tomato, Pickles, Sauteed onion (+3)'),
(1362, 773, 1, 'Fries', 11, 'Regular'),
(1363, 773, 1, 'Fries', 14, 'Large (+3)'),
(1364, 773, 1, 'Coke ', 11, ''),
(1365, 773, 1, 'Sparkling water', 11, ''),
(1366, 774, 2, 'Tartar salmon', 32, ''),
(1367, 775, 4, 'Japanese pickles', 15, ''),
(1368, 776, 7, 'Japanese pickles', 15, ''),
(1369, 777, 2, 'טרטר סלמון', 32, ''),
(1370, 778, 2, 'Tartar salmon', 32, ''),
(1371, 779, 2, 'Tatkai tuna', 36, ''),
(1372, 780, 2, 'Sashimi salmon', 34, ''),
(1373, 781, 2, 'Shawarma', 33, 'French Fries, Babaghanoush, Bread Type:Pita, Veal'),
(1374, 782, 5, 'Nigiri Denis', 21, ''),
(1375, 783, 2, 'Shawarma', 33, 'Fried Onions, Tomatoes, Amba, Spicy, Bread Type:Pita, Veal'),
(1376, 784, 2, 'Smoked roll', 38, ''),
(1377, 785, 1, 'Angus Burger', 62, 'Bbq, Thousand Island, Fried onions, Pickled spicy pepper, 170 grams chicken breast (+18), Egg (+4)'),
(1378, 786, 3, 'Alfredo', 18, 'Pasta penne, Creamy sauce (+3)'),
(1379, 787, 2, 'Meshulashim Toast', 40, 'Mushrooms (+5), Olives (+5), Tomatoes (+5)'),
(1380, 788, 1, 'Xl Pie', 70, 'Tomatoes (+5)'),
(1381, 788, 1, 'Xl + Toppings', 75, 'Olives, Tomatoes, Corn'),
(1382, 789, 1, 'Popia Gai', 25, ''),
(1383, 789, 1, 'Gai Pad Mad Ma Mung', 45, 'chicken'),
(1384, 790, 1, 'Gang Qiao Wen Gai', 55, ''),
(1385, 790, 1, 'Som Tam', 28, ''),
(1386, 790, 1, 'Popia', 25, ''),
(1387, 791, 1, 'Pad Ki Mao', 55, 'Antricot (+10)'),
(1388, 791, 1, 'Arizona iced tea pomegranate ', 12, ''),
(1389, 792, 1, 'Angus Salad', 88, '150 grams goose breast or entrecote (+18), 170 grams chicken breast (+18), Egg (+4), portobello mushroom (+4)'),
(1390, 793, 2, 'Bandora Express', 42, 'French Fries, Fried Onions, Techina, Chummus'),
(1391, 794, 1, 'Special offer - 3 Large Pizzas for 99 Shekel', 99, ''),
(1392, 795, 1, 'Entrecote salad', 48, 'Garlic mayonnaise, BBQ, 1000 Island, Sweet Chili'),
(1393, 795, 1, 'Chicken steak salad', 46, 'Garlic mayonnaise, BBQ, 1000 Island, Sweet Chili'),
(1394, 795, 1, 'French fries', 15, ''),
(1395, 795, 1, 'Onion rings', 15, ''),
(1396, 795, 1, 'Burger 150 g meat', 31, 'Tomato, Pickles, Onion, Ketchup, Mayonnaise, Mustard, BBQ, Burger Bun'),
(1397, 795, 1, 'Hot dogs', 29, 'Ketchup, Mustard, BBQ, Baguette'),
(1398, 795, 1, 'Schwarma', 31, 'Fried onion, Humous, Ketchup, Chimichurri, Baguette'),
(1399, 796, 1, 'Chicken breast with pesto and parsley sauce', 31, 'Lettuce, Tomato, Pickles, Cucumber, Ketchup, Garlic mayonnaise, Whole Wheat Ciabatta'),
(1400, 796, 1, 'Burger 300 g meat', 44, 'Lettuce, Tomato, Pickles, Fried onion, Eggplant, Schug, BBQ, Hot chili, Whole Wheat Ciabatta'),
(1401, 797, 3, '#17 Asian Vegetable Soup ', 16, ''),
(1402, 797, 1, '#52 Sweet and sour lemon chicken', 51, ''),
(1403, 798, 1, 'Chicken breast in honey and mustard sauce', 52, 'French fries, Chinese rice, Coca Cola Zero - small bottle'),
(1404, 798, 1, 'Burger 300 g meat', 62, 'Lettuce, Pickles, Fried onion, Eggplant, Garlic mayonnaise, Chimichurri'),
(1405, 798, 1, 'Hummus with meat', 35, ''),
(1406, 798, 2, 'Egg roll', 8, ''),
(1407, 798, 1, 'Stir fried chicken salad', 40, 'Garlic mayonnaise, Sweet Chili, Chimichurri'),
(1408, 798, 1, 'Sweet Chilli Wings', 50, 'French fries, Chinese rice, Coca Cola Zero - small bottle, Fried onion'),
(1409, 799, 1, 'שווארמה', 39, 'לחם:לאפה, בשר עגל, French Fries, Techina'),
(1410, 799, 1, 'שווארמה', 39, 'לחם:לאפה, מעורב, French Fries, Tomatoes, Chummus, Amba'),
(1411, 800, 1, 'שווארמה', 39, 'לחם:לאפה, בשר עגל, French Fries, Techina'),
(1412, 800, 1, 'שווארמה', 39, 'לחם:לאפה, מעורב, French Fries, Tomatoes, Chummus, Amba'),
(1413, 801, 1, 'Haloumi and mushroom', 63, ''),
(1414, 801, 1, 'Sweet potato ravioli ', 58, ''),
(1415, 802, 1, 'Large pie', 65, 'Garlic sauce , Thousand Island'),
(1416, 803, 1, 'Meat steak', 65, 'French fries, Salad, Fanta - can, Baguette'),
(1417, 803, 1, 'Schnitzel nuggets', 24, ''),
(1418, 803, 1, 'Egg roll', 8, ''),
(1419, 804, 2, 'Bandora Express', 42, 'French Fries, Fried Onions, Chummus, Amba'),
(1420, 805, 2, 'Shawarma', 39, 'French Fries, Fried Onions, Tomatoes, Bread Type:Baguette, Veal'),
(1421, 806, 1, 'Chicken breast in garlic chili and coriander sauce', 52, 'Salad, Chinese rice, Diet Coke - can, Lettuce, Tomato, Pickles, Onion, BBQ, Baguette'),
(1422, 807, 1, 'Chicken in tempura', 33, ''),
(1423, 807, 1, 'Fujiama', 97, 'Soya, Teriyaki, Spicy Mayonnaise'),
(1424, 808, 1, 'Xl Pie', 65, ''),
(1425, 808, 1, 'Greek Salad', 28, ''),
(1426, 809, 1, 'Xl Pie', 65, ''),
(1427, 809, 1, 'Alfredo', 28, 'Fettuccine'),
(1428, 810, 1, 'Family sized pizza', 25, 'Green olives (+5)'),
(1429, 810, 1, 'Family sized pizza', 25, 'onion (+5)'),
(1430, 810, 1, 'Family sized pizza', 25, 'bulgarian cheese (+5)'),
(1431, 810, 1, 'Garlic bread', 12, ''),
(1432, 811, 1, 'בורגול עדשים', 59, ''),
(1433, 811, 1, 'הממולאים של גרג', 64, ''),
(1434, 811, 1, 'בטטה', 59, ''),
(1435, 811, 1, 'קפה קפוא / לייט ', 16, ':קטן'),
(1436, 812, 2, 'Schnitzel nuggets', 24, ''),
(1437, 812, 1, 'Burger 150 g meat', 31, ''),
(1438, 812, 1, 'Chicken breast with pesto and parsley sauce', 52, 'French fries, Fanta - small bottle, Lettuce, Tomato, Pickles, Fried onion, Ketchup, Garlic mayonnaise, Sweet Chili');

-- --------------------------------------------------------

--
-- Table structure for table `refund`
--

CREATE TABLE IF NOT EXISTS `refund` (
  `id` int(11) NOT NULL AUTO_INCREMENT,
  `order_id` int(11) NOT NULL,
  `amount` int(11) NOT NULL,
  PRIMARY KEY (`id`)
) ENGINE=InnoDB  DEFAULT CHARSET=latin1 AUTO_INCREMENT=22 ;

--
-- Dumping data for table `refund`
--

INSERT INTO `refund` (`id`, `order_id`, `amount`) VALUES
(4, 481, 2),
(11, 479, 3),
(12, 479, 4),
(13, 530, 5),
(14, 530, 79),
(15, 535, 20),
(16, 531, 10),
(17, 538, 47),
(18, 535, 10),
(19, 535, 57),
(20, 539, 91),
(21, 84, 10);

-- --------------------------------------------------------

--
-- Table structure for table `users`
--

CREATE TABLE IF NOT EXISTS `users` (
  `id` int(16) NOT NULL AUTO_INCREMENT,
  `smooch_id` varchar(255) DEFAULT NULL,
  `name` varchar(255) DEFAULT NULL,
  `email` varchar(255) DEFAULT NULL,
  `user_name` varchar(255) NOT NULL,
  `password` varchar(255) NOT NULL,
  `discount` int(11) NOT NULL,
  `date` date NOT NULL,
  `contact` varchar(255) DEFAULT NULL,
  `address` varchar(255) DEFAULT NULL,
  `state` int(16) NOT NULL DEFAULT '0',
  `language` varchar(255) NOT NULL DEFAULT 'english',
  `payment_url` varchar(255) DEFAULT NULL,
  `extras` varchar(255) DEFAULT NULL,
  `restaurant_id` int(16) DEFAULT NULL,
  `role_id` int(11) DEFAULT NULL,
  `company_id` int(11) DEFAULT NULL,
  `voucherify_id` varchar(255) NOT NULL,
  `login_verification_hash` varchar(255) DEFAULT NULL,
  `is_signup` int(2) DEFAULT '0',
  PRIMARY KEY (`id`),
  KEY `restaurant_id` (`restaurant_id`),
  KEY `company_id` (`company_id`),
  KEY `role_id` (`role_id`)
) ENGINE=InnoDB  DEFAULT CHARSET=utf8 AUTO_INCREMENT=772 ;

--
-- Dumping data for table `users`
--

INSERT INTO `users` (`id`, `smooch_id`, `name`, `email`, `user_name`, `password`, `discount`, `date`, `contact`, `address`, `state`, `language`, `payment_url`, `extras`, `restaurant_id`, `role_id`, `company_id`, `voucherify_id`, `login_verification_hash`, `is_signup`) VALUES
(514, 'd@gmail.com', 'דבורה', NULL, '', '', 0, '0000-00-00', '0000000000', 'Gad ', 0, 'english', NULL, NULL, NULL, NULL, NULL, '', NULL, 0),
(515, 'avi@pushstartups.com', 'avi`', NULL, '', '', 0, '0000-00-00', '00000000', 'דרך יצחק רבין, בית שמש, ישראל', 0, 'english', NULL, NULL, NULL, NULL, NULL, 'cust_Lg0NdearFMFvIXbhjs8Mfr3C', NULL, 0),
(516, 'mark@pushstartups.com', 'test', NULL, '', '', 0, '0000-00-00', '0000000000', 'hahar', 0, 'english', NULL, NULL, NULL, NULL, NULL, '', NULL, 0),
(517, 'sdf@dsf.com', 'sdf', NULL, '', '', 0, '0000-00-00', '3434', '', 0, 'english', NULL, NULL, NULL, NULL, NULL, 'cust_REq8J85r2Vk3TJbuyTP5fD9h', NULL, 0),
(518, 'hdhd@fjfjkf.com', NULL, NULL, '', '', 0, '0000-00-00', NULL, NULL, 0, 'english', NULL, NULL, NULL, NULL, NULL, 'cust_QThfg69G5vDtrvA9QDjtMwch', NULL, 0),
(519, 'hdhd@jfkf.com', 'Hdbdh', NULL, '', '', 0, '0000-00-00', '3736463773', 'Xbbcbx', 0, 'english', NULL, NULL, NULL, NULL, NULL, 'cust_tnz9yfNdK17C62rvNWAbhtsi', NULL, 0),
(520, 'sdf@sadf.com', 'dsf', NULL, '', '', 0, '0000-00-00', '0000000', 'sdf', 0, 'english', NULL, NULL, NULL, NULL, NULL, '', NULL, 0),
(521, 'muhammad.iftikhdddar.aftab@gmail.com', 'Muhammad Iftikhar', NULL, '', '', 0, '0000-00-00', '343434', '', 0, 'english', NULL, NULL, NULL, NULL, NULL, 'cust_bBwqLOdGswtJgCN5QORyQNT5', NULL, 0),
(522, 'muhammad.iftikfffhar.aftab@gmail.com', NULL, NULL, '', '', 0, '0000-00-00', NULL, NULL, 0, 'english', NULL, NULL, NULL, NULL, NULL, 'cust_OfCzgvY3yxO2gBZQZF7l7zf4', NULL, 0),
(523, 'sdfsdfdsf', NULL, NULL, '', '', 0, '0000-00-00', NULL, NULL, 0, 'english', NULL, NULL, NULL, NULL, NULL, 'cust_e6BxxCr04ORr1l3wbP482bhV', NULL, 0),
(524, 'asd@asdfadf.com', NULL, NULL, '', '', 0, '0000-00-00', NULL, NULL, 0, 'english', NULL, NULL, NULL, NULL, NULL, 'cust_IBsxwtYJI6H9pTKE13nClmzF', NULL, 0),
(525, 'sdxxxf@sadf.com', NULL, NULL, '', '', 0, '0000-00-00', NULL, NULL, 0, 'english', NULL, NULL, NULL, NULL, NULL, 'cust_czLs8j7t7ixFKrjDINySy2NR', NULL, 0),
(526, 'xcxcxc@xcxcxc.com', NULL, NULL, '', '', 0, '0000-00-00', NULL, NULL, 0, 'english', NULL, NULL, NULL, NULL, NULL, 'cust_ZaBzzs6SlYBqWsdp3UQG9QQZ', NULL, 0),
(527, 'asf@asdf.com', 'a', NULL, '', '', 0, '0000-00-00', '345', 'sfa', 0, 'english', NULL, NULL, NULL, NULL, NULL, '', NULL, 0),
(528, 'sdg@dsf.asdf', 'sgfd', NULL, '', '', 0, '0000-00-00', '2345', 'eryt', 0, 'english', NULL, NULL, NULL, NULL, NULL, '', NULL, 0),
(529, 'sdf@sdf.com', 'sdf', NULL, '', '', 0, '0000-00-00', '0000', 'sdf', 0, 'english', NULL, NULL, NULL, NULL, NULL, 'cust_vjGejGcyBjVKinS74fUmb4ti', NULL, 0),
(530, 'afd@ad.sadf', 'asdf', NULL, '', '', 0, '0000-00-00', '456', 'dsg', 0, 'english', NULL, NULL, NULL, NULL, NULL, '', NULL, 0),
(531, 'a@a.com', NULL, NULL, '', '', 0, '0000-00-00', NULL, NULL, 0, 'english', NULL, NULL, NULL, NULL, NULL, 'cust_5VyXPgAWi88xD5ydfOXsGBAq', NULL, 0),
(532, 'adsf@saf.ds', NULL, NULL, '', '', 0, '0000-00-00', NULL, NULL, 0, 'english', NULL, NULL, NULL, NULL, NULL, 'cust_Dwl1latafZ9uOSLSIijtQxZS', NULL, 0),
(533, 'ac@ds.com', NULL, NULL, '', '', 0, '0000-00-00', NULL, NULL, 0, 'english', NULL, NULL, NULL, NULL, NULL, 'cust_uLMNY9NOxlBd02X4SRLuQzP8', NULL, 0),
(534, 'ssdg@sdg.dfg', NULL, NULL, '', '', 0, '0000-00-00', NULL, NULL, 0, 'english', NULL, NULL, NULL, NULL, NULL, 'cust_3NulSKGbm1f4m2Pf2TUCsbWB', NULL, 0),
(535, 'sdfsdf@sdffsdf.com', 'sdf', NULL, '', '', 0, '0000-00-00', '0000000', 'sdf', 0, 'english', NULL, NULL, NULL, NULL, NULL, '', NULL, 0),
(536, 'kjb@jkh.kh', 'khjfg', NULL, '', '', 0, '0000-00-00', '867', 'lkjh', 0, 'english', NULL, NULL, NULL, NULL, NULL, '', NULL, 0),
(537, 'sdf@sadf.asdf', 'asdfa', NULL, '', '', 0, '0000-00-00', '1234', 'wer', 0, 'english', NULL, NULL, NULL, NULL, NULL, '', NULL, 0),
(538, 'adf@asdf.cadas', 'asdf', NULL, '', '', 0, '0000-00-00', '12341', '1234', 0, 'english', NULL, NULL, NULL, NULL, NULL, '', NULL, 0),
(539, 'asdf@asf.com', 'asdf', NULL, '', '', 0, '0000-00-00', '1234', '12341', 0, 'english', NULL, NULL, NULL, NULL, NULL, '', NULL, 0),
(540, 'ssadasdf@asdf.adsff', 'dsafsd', NULL, '', '', 0, '0000-00-00', '1243', '123', 0, 'english', NULL, NULL, NULL, NULL, NULL, '', NULL, 0),
(541, 'tasawar@mahmood.com', 'tasawar', NULL, '', '', 0, '0000-00-00', '321', 'sdf', 0, 'english', NULL, NULL, NULL, NULL, NULL, '', NULL, 0),
(542, 'ts@ga.com', 'Tas', NULL, '', '', 0, '0000-00-00', '8765', 'Gav', 0, 'english', NULL, NULL, NULL, NULL, NULL, '', NULL, 0),
(543, 'adsf@dsf.com', 'dsf', NULL, '', '', 0, '0000-00-00', '345345', 'dsf', 0, 'english', NULL, NULL, NULL, NULL, NULL, 'cust_gSN7vBOv17247Zk1d6tp5k0d', NULL, 0),
(544, 'testmark@gmail.com', 'test', NULL, '', '', 0, '0000-00-00', '3453434', 'dfgdfg', 0, 'english', NULL, NULL, NULL, NULL, NULL, 'cust_xJAcAvDsMpnGfcmknZdQyKi9', NULL, 0),
(545, 'etst@gmail.com', NULL, NULL, '', '', 0, '0000-00-00', NULL, NULL, 0, 'english', NULL, NULL, NULL, NULL, NULL, 'cust_6bLDoK8iTMBNFBRyA1ASU679', NULL, 0),
(546, 'teste@gmail.com', NULL, NULL, '', '', 0, '0000-00-00', NULL, NULL, 0, 'english', NULL, NULL, NULL, NULL, NULL, 'cust_o3XtkVtoBaiaJELFMHFmMGDU', NULL, 0),
(547, 'f@f.com', 'Test', NULL, '', '', 0, '0000-00-00', '0000', 'F', 0, 'english', NULL, NULL, NULL, NULL, NULL, '', NULL, 0),
(548, 'asd@sadf.com', NULL, NULL, '', '', 0, '0000-00-00', NULL, NULL, 0, 'english', NULL, NULL, NULL, NULL, NULL, 'cust_XwoVqfliijF40Tm3ulJTkFq7', NULL, 0),
(549, 'sdfdff@dsfcvcvv.com', 'sdfffffdfdfdfd', NULL, '', '', 0, '0000-00-00', '343434', 'sdfsdf', 0, 'english', NULL, NULL, NULL, NULL, NULL, '', NULL, 0),
(550, 'ali_lums@gmail.com', 'Ali Shoail LUMS', NULL, '', '', 0, '0000-00-00', '343434', 'sdf', 0, 'english', NULL, NULL, NULL, NULL, NULL, '', NULL, 0),
(551, 'sfdg@dsf.com', 'sfv', NULL, '', '', 0, '0000-00-00', '34545', 'sgf', 0, 'english', NULL, NULL, NULL, NULL, NULL, '', NULL, 0),
(552, 'shaibii@gmail.com', 'shoaib', NULL, '', '', 0, '0000-00-00', '12342314', '1234', 0, 'english', NULL, NULL, NULL, NULL, NULL, '', NULL, 0),
(553, 'aaa@asdf.com', 'asdf', NULL, '', '', 0, '0000-00-00', '3142', 'asdf', 0, 'english', NULL, NULL, NULL, NULL, NULL, '', NULL, 0),
(554, 'asdf@asdef.casdf', 'asdf', NULL, '', '', 0, '0000-00-00', '234', '23', 0, 'english', NULL, NULL, NULL, NULL, NULL, '', NULL, 0),
(555, 'asdf@asdf.asdf', 'asdf', NULL, '', '', 0, '0000-00-00', '3453425', '345', 0, 'english', NULL, NULL, NULL, NULL, NULL, '', NULL, 0),
(556, 'iftikhar_yahoo@gmail.com', NULL, NULL, '', '', 0, '0000-00-00', NULL, NULL, 0, 'english', NULL, NULL, NULL, NULL, NULL, 'cust_l2gX0ueMyZZCInpwvLQQef1p', NULL, 0),
(557, 'ffff@ddddsss.com', NULL, NULL, '', '', 0, '0000-00-00', NULL, NULL, 0, 'english', NULL, NULL, NULL, NULL, NULL, 'cust_3489ZqDBucItKwlGT8kZdkpq', NULL, 0),
(558, 'sdf@df.com', NULL, NULL, '', '', 0, '0000-00-00', NULL, NULL, 0, 'english', NULL, NULL, NULL, NULL, NULL, 'cust_GNrQpD7CiEQ6LLD8YILTKhO5', NULL, 0),
(559, 'sdsssf@dkkkf.com', NULL, NULL, '', '', 0, '0000-00-00', NULL, NULL, 0, 'english', NULL, NULL, NULL, NULL, NULL, 'cust_CmRolzNhrGjzMQQUfrXimJ8T', NULL, 0),
(560, 'test@test.com', NULL, NULL, '', '', 0, '0000-00-00', NULL, NULL, 0, 'english', NULL, NULL, NULL, NULL, NULL, 'cust_J0BFjmWQulQ2mbv2iZZR0slr', NULL, 0),
(561, 's@ws.com', NULL, NULL, '', '', 0, '0000-00-00', NULL, NULL, 0, 'english', NULL, NULL, NULL, NULL, NULL, 'cust_2ubTe0V65XIURGE7k6xG06qJ', NULL, 0),
(562, 'd@d.com', NULL, NULL, '', '', 0, '0000-00-00', NULL, NULL, 0, 'english', NULL, NULL, NULL, NULL, NULL, 'cust_c88BWMHJ2qWhdGuHOH0NObIU', NULL, 0),
(563, 'sdffff@dfdfdf.com', NULL, NULL, '', '', 0, '0000-00-00', NULL, NULL, 0, 'english', NULL, NULL, NULL, NULL, NULL, 'cust_cAdeGZ798pu1W9BXsHHN7BQt', NULL, 0),
(564, 'vhmnbn@cbb.com', NULL, NULL, '', '', 0, '0000-00-00', NULL, NULL, 0, 'english', NULL, NULL, NULL, NULL, NULL, 'cust_DCXjtVVSrRblVKQ0a6SYXSHb', NULL, 0),
(565, 'iftikhaaar_yahoo@gmail.com', NULL, NULL, '', '', 0, '0000-00-00', NULL, NULL, 0, 'english', NULL, NULL, NULL, NULL, NULL, 'cust_ZMCzXP6HcR85HLKoA8S9zWv3', NULL, 0),
(566, 'iftikhadddaar_yahoo@gmail.com', NULL, NULL, '', '', 0, '0000-00-00', NULL, NULL, 0, 'english', NULL, NULL, NULL, NULL, NULL, 'cust_6dUuJlv7rAjdtJyLod2cV8RB', NULL, 0),
(567, 'iftikhadssdddaar_yahoo@gmail.com', NULL, NULL, '', '', 0, '0000-00-00', NULL, NULL, 0, 'english', NULL, NULL, NULL, NULL, NULL, 'cust_D4ihekw4yA8RSfjS1kKNXHOB', NULL, 0),
(568, 'iftdsdddaar_yahoo@gmail.com', NULL, NULL, '', '', 0, '0000-00-00', NULL, NULL, 0, 'english', NULL, NULL, NULL, NULL, NULL, 'cust_KyMRVWYVkDWk7POhTwGkIY51', NULL, 0),
(569, 'iftdsdddaar_yvvvahoo@gmail.com', NULL, NULL, '', '', 0, '0000-00-00', NULL, NULL, 0, 'english', NULL, NULL, NULL, NULL, NULL, 'cust_WkW8jaJ3PjKei1gIBruwI41x', NULL, 0),
(570, 'iftdsdddaar_yvvssdvahoo@gmail.com', NULL, NULL, '', '', 0, '0000-00-00', NULL, NULL, 0, 'english', NULL, NULL, NULL, NULL, NULL, 'cust_xFO0JqpJLoXkw0d01LNGuu1b', NULL, 0),
(571, 'iftdsssfdddaar_yvvssdvahoo@gmail.com', NULL, NULL, '', '', 0, '0000-00-00', NULL, NULL, 0, 'english', NULL, NULL, NULL, NULL, NULL, 'cust_xBdzg44uaAMrGWPlo259GmdF', NULL, 0),
(572, 'ahmad@gfmail.com', NULL, NULL, '', '', 0, '0000-00-00', NULL, NULL, 0, 'english', NULL, NULL, NULL, NULL, NULL, 'cust_6ViYS2iEKaZeBJ4YkJPLVI2h', NULL, 0),
(573, 'ahmasdfsdfd@gfmail.com', NULL, NULL, '', '', 0, '0000-00-00', NULL, NULL, 0, 'english', NULL, NULL, NULL, NULL, NULL, 'cust_i2yZJc3rNQAVzcNqV86SOHl7', NULL, 0),
(574, 'ahmasdfsdfsdfsdfd@gsdffmail.com', NULL, NULL, '', '', 0, '0000-00-00', NULL, NULL, 0, 'english', NULL, NULL, NULL, NULL, NULL, 'cust_Cyu4SpzM5U33g90u8658wnZd', NULL, 0),
(575, 'ahmadfgsdfsdfsdfsdfd@gsdffmail.com', NULL, NULL, '', '', 0, '0000-00-00', NULL, NULL, 0, 'english', NULL, NULL, NULL, NULL, NULL, 'cust_IfuUOzijy5rRnUJh36cNqkD3', NULL, 0),
(576, 'ahmadfgsdfsdfsdfsdfd@gsdffmdfgail.com', NULL, NULL, '', '', 0, '0000-00-00', NULL, NULL, 0, 'english', NULL, NULL, NULL, NULL, NULL, 'cust_efQxMWNI25PYkkptBALM2c8J', NULL, 0),
(577, 'ahmadfgsdfsdfsdfsdfd@gsdffmdfgsdfail.com', NULL, NULL, '', '', 0, '0000-00-00', NULL, NULL, 0, 'english', NULL, NULL, NULL, NULL, NULL, 'cust_H8Dr8E0IxSUhWzwSmOBX60NW', NULL, 0),
(578, 'ahmadfgsdfsdfsdfsdfd@gsdffmdsfdfgsdfail.com', NULL, NULL, '', '', 0, '0000-00-00', NULL, NULL, 0, 'english', NULL, NULL, NULL, NULL, NULL, 'cust_fFTuws12Q3O1hz68gJMpCaW4', NULL, 0),
(579, 'ahmfsdfsdfd@gsdffmdsfdfgsdfail.com', NULL, NULL, '', '', 0, '0000-00-00', NULL, NULL, 0, 'english', NULL, NULL, NULL, NULL, NULL, 'cust_f026L8JHPIVtSF5quMPGODmN', NULL, 0),
(580, 'ahmfsdfsdfd@gsfgsdfail.com', NULL, NULL, '', '', 0, '0000-00-00', NULL, NULL, 0, 'english', NULL, NULL, NULL, NULL, NULL, 'cust_uwFS2zLFSesHUJecKEFeC5U7', NULL, 0),
(581, 'rrr@abcdgmail.com', NULL, NULL, '', '', 0, '0000-00-00', NULL, NULL, 0, 'english', NULL, NULL, NULL, NULL, NULL, 'cust_8tDBIOiY98K4VoVJ7skalHF8', NULL, 0),
(582, 'sdf@sd.com', NULL, NULL, '', '', 0, '0000-00-00', NULL, NULL, 0, 'english', NULL, NULL, NULL, NULL, NULL, 'cust_ZGiB4wBprVQePmGOolxiJX00', NULL, 0),
(583, 'gmgjh@rtrt.com', NULL, NULL, '', '', 0, '0000-00-00', NULL, NULL, 0, 'english', NULL, NULL, NULL, NULL, NULL, 'cust_de1y6GYOBGhST1cUTWoGqgOA', NULL, 0),
(584, 'dsf@dsf.com', NULL, NULL, '', '', 0, '0000-00-00', NULL, NULL, 0, 'english', NULL, NULL, NULL, NULL, NULL, 'cust_kPszysYTGXTLbcBBMsWBftT4', NULL, 0),
(585, 'erer@rtrt.com', NULL, NULL, '', '', 0, '0000-00-00', NULL, NULL, 0, 'english', NULL, NULL, NULL, NULL, NULL, 'cust_FLSE3uT32RnZ5JRpPgb4FDuI', NULL, 0),
(586, 'erer@sdfgfg.vom', NULL, NULL, '', '', 0, '0000-00-00', NULL, NULL, 0, 'english', NULL, NULL, NULL, NULL, NULL, 'cust_FAxWBKALnFA1s2GT0CR2BjKa', NULL, 0),
(587, 'rrr@rrr.com', NULL, NULL, '', '', 0, '0000-00-00', NULL, NULL, 0, 'english', NULL, NULL, NULL, NULL, NULL, 'cust_LQqJw9tRhoxwrZpn3tmYJX7b', NULL, 0),
(588, 'cvcvcv@mvmvmv.com', NULL, NULL, '', '', 0, '0000-00-00', NULL, NULL, 0, 'english', NULL, NULL, NULL, NULL, NULL, 'cust_SUVnakXVHPSDYRB0uRNOzACw', NULL, 0),
(589, 'cvcv@xcvcv.com', NULL, NULL, '', '', 0, '0000-00-00', NULL, NULL, 0, 'english', NULL, NULL, NULL, NULL, NULL, 'cust_sU3PaGkDDARMAsDQaECoOsYb', NULL, 0),
(590, 'sdfsdf@dsfsdf.com', NULL, NULL, '', '', 0, '0000-00-00', NULL, NULL, 0, 'english', NULL, NULL, NULL, NULL, NULL, 'cust_yX7k25gmd9XI74Iglf7yO7bg', NULL, 0),
(591, 'asdasd@dsfdf.com', NULL, NULL, '', '', 0, '0000-00-00', NULL, NULL, 0, 'english', NULL, NULL, NULL, NULL, NULL, 'cust_AGcamoHHf4kmmwm8nP36GG4N', NULL, 0),
(592, 'sdfsdf@dfdf.com', NULL, NULL, '', '', 0, '0000-00-00', NULL, NULL, 0, 'english', NULL, NULL, NULL, NULL, NULL, 'cust_ZZ0tO1xkjZetRcCwZveotFUh', NULL, 0),
(593, 'svcxvwf@yuyu.com', NULL, NULL, '', '', 0, '0000-00-00', NULL, NULL, 0, 'english', NULL, NULL, NULL, NULL, NULL, 'cust_1ZkCgcnwNFjYBYMC8AizQrjT', NULL, 0),
(594, 'shoaib.it002@gmail.com', 'shoaib akram', NULL, '', '', 0, '0000-00-00', '090078601', '12', 0, 'english', NULL, NULL, NULL, NULL, NULL, 'cust_jp36Z1zsMbkyvW7Z4CXbtPfq', NULL, 0),
(595, 'sadf@dsf.com', NULL, NULL, '', '', 0, '0000-00-00', NULL, NULL, 0, 'english', NULL, NULL, NULL, NULL, NULL, '', NULL, 0),
(596, 'sdfdsf@ds.com', NULL, NULL, '', '', 0, '0000-00-00', NULL, NULL, 0, 'english', NULL, NULL, NULL, NULL, NULL, '', NULL, 0),
(597, 'sadf@df.com', NULL, NULL, '', '', 0, '0000-00-00', NULL, NULL, 0, 'english', NULL, NULL, NULL, NULL, NULL, '', NULL, 0),
(598, 'sfd@dsf.com', NULL, NULL, '', '', 0, '0000-00-00', NULL, NULL, 0, 'english', NULL, NULL, NULL, NULL, NULL, '', NULL, 0),
(599, 'asd@df.com', 'asdf', NULL, '', '', 0, '0000-00-00', '2334', '', 0, 'english', NULL, NULL, NULL, NULL, NULL, '', NULL, 0),
(600, 'asd@f.com', NULL, NULL, '', '', 0, '0000-00-00', NULL, NULL, 0, 'english', NULL, NULL, NULL, NULL, NULL, '', NULL, 0),
(601, 'asdf@df.com', 'asd', NULL, '', '', 0, '0000-00-00', '3434', '', 0, 'english', NULL, NULL, NULL, NULL, NULL, '', NULL, 0),
(602, 'sdaf@sf.com', NULL, NULL, '', '', 0, '0000-00-00', NULL, NULL, 0, 'english', NULL, NULL, NULL, NULL, NULL, '', NULL, 0),
(603, 'jgfjh@sdfg.com', 'fjg', NULL, '', '', 0, '0000-00-00', '0000', '', 0, 'english', NULL, NULL, NULL, NULL, NULL, '', NULL, 0),
(604, 'dafs@sadf.com', 'adsf', NULL, '', '', 0, '0000-00-00', '0000', '', 0, 'english', NULL, NULL, NULL, NULL, NULL, '', NULL, 0),
(605, 'ahmadworkspace@gmail.com', 'testing', 'ahmadworkspace@gmail.com', '', '', 0, '0000-00-00', '000000', 'Monte Testaccio, Rome, Metropolitan City of Rome, Italy', 0, 'english', NULL, NULL, NULL, NULL, NULL, '', NULL, 0),
(606, 'Testing@Testing.com', 'Testing', NULL, '', '', 0, '0000-00-00', '000000', 'Testing', 0, 'english', NULL, NULL, NULL, NULL, NULL, '', NULL, 0),
(607, 'kpk@gmail.com', '', NULL, 'kpk@gmail.com', '1234', 0, '0000-00-00', NULL, NULL, 0, 'english', NULL, NULL, NULL, NULL, NULL, '', NULL, 0),
(608, 'kpk2@gmail.com', '', NULL, 'kpk2@gmail.com', '1234', 0, '0000-00-00', NULL, NULL, 0, 'english', NULL, NULL, NULL, NULL, NULL, '', NULL, 0),
(609, 'kpk3@gmail.com', '', NULL, 'kpk3@gmail.com', 'kpk1234', 0, '0000-00-00', NULL, NULL, 0, 'english', NULL, NULL, NULL, NULL, NULL, '', NULL, 0),
(610, 'kok@gmail.com', '', NULL, 'kok@gmail.com', '3434', 0, '0000-00-00', NULL, NULL, 0, 'english', NULL, NULL, NULL, NULL, NULL, '', NULL, 0),
(611, 'kok2@gmail.com', '', NULL, 'kok2@gmail.com', '1234', 0, '0000-00-00', NULL, NULL, 0, 'english', NULL, NULL, NULL, NULL, NULL, '', NULL, 0),
(612, 'kok3@gmail.com', '', NULL, 'kok3@gmail.com', '1234', 0, '0000-00-00', NULL, NULL, 0, 'english', NULL, NULL, NULL, NULL, NULL, '', NULL, 0),
(613, 'kok4@gmail.com', '', NULL, 'kok4@gmail.com', '1234', 0, '0000-00-00', NULL, NULL, 0, 'english', NULL, NULL, NULL, NULL, NULL, '', NULL, 0),
(614, 'test@gmail.com', 'test', 'test@gmail.com', 'test@gmail.com', '1234', 0, '0000-00-00', '000000', 'test', 0, 'english', NULL, NULL, NULL, NULL, NULL, 'cust_XIXwxjRM3I6wWbDbhOzVK1JK', NULL, 0),
(615, 'cool@gmail.com', '', NULL, 'cool@gmail.com', 'cool1234', 0, '0000-00-00', NULL, NULL, 0, 'english', NULL, NULL, NULL, NULL, NULL, '', NULL, 0),
(616, 'jkj@gmailc.com', '', NULL, 'jkj@gmailc.com', '1234', 0, '0000-00-00', NULL, NULL, 0, 'english', NULL, NULL, NULL, NULL, NULL, '', NULL, 0),
(617, 'rael@pushstartups.com', '', NULL, 'rael@pushstartups.com', 'rael', 0, '0000-00-00', NULL, NULL, 0, 'english', NULL, NULL, NULL, NULL, NULL, '', 'success', 0),
(618, 'adb@ancn.com', '', NULL, 'adb@ancn.com', 'rael', 0, '0000-00-00', NULL, NULL, 0, 'english', NULL, NULL, NULL, NULL, NULL, '', NULL, 0),
(619, 'ddsfas@afa.com', '', NULL, 'ddsfas@afa.com', 'zev', 0, '0000-00-00', NULL, NULL, 0, 'english', NULL, NULL, NULL, NULL, NULL, '', NULL, 0),
(620, 'gujg@fghh.com', '', NULL, 'gujg@fghh.com', 'h', 0, '0000-00-00', NULL, NULL, 0, 'english', NULL, NULL, NULL, NULL, NULL, '', NULL, 0),
(621, 'kpk10@gmail.com', '', NULL, 'kpk10@gmail.com', '1234', 0, '0000-00-00', NULL, NULL, 0, 'english', NULL, NULL, NULL, NULL, NULL, '', NULL, 0),
(627, 'avi@puahstartups.com', 'TEST TEST', NULL, '', '', 0, '0000-00-00', '000000000', 'דרך יצחק רבין 23, בית שמש, ישראל', 0, 'english', NULL, NULL, NULL, NULL, NULL, '', NULL, 0),
(628, 'test@orderapp.com', 'test', 'test@orderapp.com', '', '', 0, '0000-00-00', '000000', 'Gad 14, Bet Shemesh, Israel', 0, 'english', NULL, NULL, NULL, NULL, NULL, 'cust_hMsEIdA4Vvpmt8p8FBrj4Xcs', NULL, 0),
(629, 'tasawarmahmood24@gmail.com', 'test', NULL, 'tasawarmahmood24@gmail.com', '123', 0, '0000-00-00', '000000', 'SDF, Terminal Drive, Louisville, KY, United States', 0, 'english', NULL, NULL, NULL, NULL, NULL, '', '34609bdc08a07ace4e1526bbb1777673', 0),
(631, 'muhammad.iftikhar.aftab@gmail.com', 'Test', 'muhammad.iftikhar.aftab@gmail.com', 'muhammad.iftikhar.aftab@gmail.com', '1234', 0, '0000-00-00', '000000', 'test', 0, 'english', NULL, NULL, NULL, NULL, NULL, '', 'success', 0),
(632, 'dvora@pushstartups.com', '', NULL, 'dvora@pushstartups.com', '025832037', 0, '0000-00-00', NULL, NULL, 0, 'english', NULL, NULL, NULL, NULL, NULL, '', 'success', 0),
(633, 'asdfhjjsdjksher@a.com', NULL, NULL, '', '', 0, '0000-00-00', NULL, NULL, 0, 'english', NULL, NULL, NULL, NULL, NULL, 'cust_wQxbHwTV7O85zmo21NPOw84c', NULL, 0),
(634, 'DODO@pushstartups.com', NULL, NULL, '', '', 0, '0000-00-00', NULL, NULL, 0, 'english', NULL, NULL, NULL, NULL, NULL, 'cust_00w4vq3BCg73gh6oWK8oC0yz', NULL, 0),
(635, 'test@orderapp.con', 'Test', NULL, '', '', 0, '0000-00-00', '000000', '13', 0, 'english', NULL, NULL, NULL, NULL, NULL, 'cust_uIeUC6e2L4t4hP83V1QIcpRA', NULL, 0),
(636, 'shoshkramer@gmail.com', 'Shoshana goldman', NULL, '', '', 0, '0000-00-00', '0586630027', 'Upstairs', 0, 'english', NULL, NULL, NULL, NULL, NULL, '', NULL, 0),
(637, 'jmaslow1@gmail.com', 'Jacob maslow', NULL, '', '', 0, '0000-00-00', '0587977994', 'Corner house.  ', 0, 'english', NULL, NULL, NULL, NULL, NULL, '', NULL, 0),
(638, 'natan.edelman@gmail.com', 'Natan Edelman', NULL, '', '', 0, '0000-00-00', '0586000377', 'Gad 9', 0, 'english', NULL, NULL, NULL, NULL, NULL, '', NULL, 0),
(639, 'lesley.lipsitz@gmail.com', 'Lesley Lipsitz', 'lesley.lipsitz@gmail.com', '', '', 0, '0000-00-00', '0547773289', '14 Gad', 0, 'english', NULL, NULL, NULL, NULL, NULL, '', NULL, 0),
(640, 'lylehrfeld@gmail.com', 'Lehrfeld', NULL, '', '', 0, '0000-00-00', '0549431504', 'Floor -2', 0, 'english', NULL, NULL, NULL, NULL, NULL, '', NULL, 0),
(641, 'steinfamily01@gmail.com', 'Tzvi Stein', NULL, '', '', 0, '0000-00-00', '0532736366', 'כניסה א. דירה 6', 0, 'english', NULL, NULL, NULL, NULL, NULL, 'cust_EEvJTatkh3Blpdu8nZdhAoLI', NULL, 0),
(642, 'pearlpeller@gmail.com', NULL, NULL, '', '', 0, '0000-00-00', NULL, NULL, 0, 'english', NULL, NULL, NULL, NULL, NULL, '', NULL, 0),
(643, 'yziegler17@gmail.com', 'Yisroel Ziegler ', NULL, '', '', 0, '0000-00-00', '0532594726', 'Front ', 0, 'english', NULL, NULL, NULL, NULL, NULL, 'cust_90nyr4fbzch2PzhsqLK4zgui', NULL, 0),
(644, 'rachelle@pushstartups.com', 'Push Startups', NULL, '', '', 0, '0000-00-00', '0545996761', 'Hahar 2', 0, 'english', NULL, NULL, NULL, NULL, NULL, '', NULL, 0),
(645, 'te@gmail.com', 'test2', NULL, '', '', 0, '0000-00-00', '00000', 'Yigael Yadin 9, Modi''in-Maccabim-Re''ut, Israel', 0, 'english', NULL, NULL, NULL, NULL, NULL, 'cust_Y4ZfhPr9Xptp4Kry86dZ2GN3', NULL, 0),
(646, 'jeremy.moldovan@gmail.com', 'Jeremy moldovan', NULL, '', '', 0, '0000-00-00', '0532207504', 'Main gate', 0, 'english', NULL, NULL, NULL, NULL, NULL, 'cust_YH1Dz4eCKgno0ubiMx2clqrm', NULL, 0),
(647, 'est@orderapp.com', 'Test', NULL, '', '', 0, '0000-00-00', '000000', '23', 0, 'english', NULL, NULL, NULL, NULL, NULL, 'cust_QgJ6QrzMqM9qIW9MyZX4R7cv', NULL, 0),
(648, 'jasonroskind@aol.com', 'Jason Roskind', NULL, '', '', 0, '0000-00-00', '0526042001', 'Apt 38 floor 10', 0, 'english', NULL, NULL, NULL, NULL, NULL, 'cust_DOVa4S1qVhWRKrmuV3fBcPhI', NULL, 0),
(649, 'yehudahr36@gmail.com', 'Yehudah rephen', 'yehudahr36@gmail.com', '', '', 0, '0000-00-00', '0539353371', 'Front', 0, 'english', NULL, NULL, NULL, NULL, NULL, 'cust_Q5Wb1OAJbIwmH9TWyH6S2teg', NULL, 0),
(650, 'gm@h.com', NULL, NULL, '', '', 0, '0000-00-00', NULL, NULL, 0, 'english', NULL, NULL, NULL, NULL, NULL, 'cust_uxTVJxsYQgulJZXQAYqvIKMl', NULL, 0),
(651, 'brachahaber123@gmail.com', NULL, NULL, '', '', 0, '0000-00-00', NULL, NULL, 0, 'english', NULL, NULL, NULL, NULL, NULL, 'cust_FNQInN0TC7ZRmArMBrV0Hkx6', NULL, 0),
(652, 'bjelena106@gmail.com', 'Bj weiss', NULL, '', '', 0, '0000-00-00', '0584221194', 'Building code 2015 bottom floor apartment on the right', 0, 'english', NULL, NULL, NULL, NULL, NULL, '', NULL, 0),
(653, 'leorarocs98@gmail.com', 'Leora mehlman ', NULL, '', '', 0, '0000-00-00', '0507092506', 'Midrasha ', 0, 'english', NULL, NULL, NULL, NULL, NULL, '', NULL, 0),
(654, 'me@gmail.com', 'סולטן', NULL, '', '', 0, '0000-00-00', '0527699766', 'נהר הירדן 122', 0, 'english', NULL, NULL, NULL, NULL, NULL, '', NULL, 0),
(655, 'etanadee@gmail.com', 'Etana Hecht', 'etanadee@gmail.com', '', '', 0, '0000-00-00', '0586288568', 'Asher 14, Bet Shemesh, Israel', 0, 'english', NULL, NULL, NULL, NULL, NULL, '', NULL, 0),
(656, 'alexandmaddy@gmail.com', 'Madelaine Drucker', NULL, '', '', 0, '0000-00-00', '0584012165', 'Apartment 5, 2nd floor', 0, 'english', NULL, NULL, NULL, NULL, NULL, '', NULL, 0),
(657, 'zac198@aol.com', 'Zac Cohen ', NULL, '', '', 0, '0000-00-00', '0532207102', 'Front ', 0, 'english', NULL, NULL, NULL, NULL, NULL, '', NULL, 0),
(658, 'rivkalevitz@gmail.com', 'Rivka', NULL, '', '', 0, '0000-00-00', '0545900598', '6a', 0, 'english', NULL, NULL, NULL, NULL, NULL, '', NULL, 0),
(659, 'baysamter@gmail.com', NULL, NULL, '', '', 0, '0000-00-00', NULL, NULL, 0, 'english', NULL, NULL, NULL, NULL, NULL, 'cust_fvEqavlGrULbyzAWke5J4vXZ', NULL, 0),
(660, 'abrln36@gmail.com', 'Amanda ', NULL, '', '', 0, '0000-00-00', '0534263923', 'Tiferet Seminary', 0, 'english', NULL, NULL, NULL, NULL, NULL, '', NULL, 0),
(661, 'yehonatan1009@gmail.com', 'רוזנפלד יהונתן ', NULL, '', '', 0, '0000-00-00', '0504082513', '61', 0, 'english', NULL, NULL, NULL, NULL, NULL, '', NULL, 0),
(662, 'jalter@012.net.il', 'Lisa Alter', NULL, '', '', 0, '0000-00-00', '0547381893', 'Private house ', 0, 'english', NULL, NULL, NULL, NULL, NULL, '', NULL, 0),
(663, 'white.amir@gmail.com', 'Amir White', NULL, '', '', 0, '0000-00-00', '0544640877', 'תרד במדרגות בצד שמאל של הביניין', 0, 'english', NULL, NULL, NULL, NULL, NULL, '', NULL, 0),
(664, 'mjmike28@aim.com', 'Michael ', NULL, '', '', 0, '0000-00-00', '0539353371', 'Front entrance ', 0, 'english', NULL, NULL, NULL, NULL, NULL, 'cust_cCWI1WX9kQQgVjbRvniLXZkU', NULL, 0),
(665, 'sarahpritzker@gmail.com', 'Sarah Pritzker', NULL, '', '', 0, '0000-00-00', '0542237586', 'Yigael Yadin 47, Modi''in-Maccabim-Re''ut, Israel', 0, 'english', NULL, NULL, NULL, NULL, NULL, '', NULL, 0),
(666, 'iamher@gmail.com', 'אנה', NULL, '', '', 0, '0000-00-00', '0644824392', 'רחוב הנרקיס 142', 0, 'english', NULL, NULL, NULL, NULL, NULL, '', NULL, 0),
(667, 'mrgoldwag@gmail.com', 'Rachel Goldwag', 'mrgoldwag@Gmail.com', '', '', 0, '0000-00-00', '0506810630', '', 0, 'english', NULL, NULL, NULL, NULL, NULL, 'cust_04mYbO2mbSsyuACqro9Oqa6d', NULL, 0),
(668, 'melinda.matkowsky@yahoo.com', 'Melinda matkowsky', NULL, '', '', 0, '0000-00-00', '0543485535', 'Floor -2, apartment 1, enter between building # 9 and 11 ', 0, 'english', NULL, NULL, NULL, NULL, NULL, '', NULL, 0),
(669, 'yosigolb@gmail.com', 'Yosef Golberstein', NULL, '', '', 0, '0000-00-00', '0507105515', '7/10 (דירה 10 היא כניסה פרטי בצד שמאל של הבנין (', 0, 'english', NULL, NULL, NULL, NULL, NULL, '', NULL, 0),
(670, 'tziona.summer@gmail.com', 'ציונה ', NULL, '', '', 0, '0000-00-00', '0543540881', 'קומה 4', 0, 'english', NULL, NULL, NULL, NULL, NULL, '', NULL, 0),
(671, 'zakjeffay@gmail.com', 'Zak Jeffay ', NULL, '', '', 0, '0000-00-00', '0527969953', 'First floor', 0, 'english', NULL, NULL, NULL, NULL, NULL, '', NULL, 0),
(672, 'sruliguttman@gmail.con', 'Sruli', NULL, '', '', 0, '0000-00-00', '0507050514', 'Beit shemesh', 0, 'english', NULL, NULL, NULL, NULL, NULL, '', NULL, 0),
(673, 'amuller2016@yula.org', 'Adam Muller', NULL, '', '', 0, '0000-00-00', '0507090052', '', 0, 'english', NULL, NULL, NULL, NULL, NULL, '', NULL, 0),
(674, 'Elyallen@aol.com', 'Ely Allen', 'Elyallen@aol.com', '', '', 0, '0000-00-00', '0584028538', '0', 0, 'english', NULL, NULL, NULL, NULL, NULL, 'cust_jMxJ0WaR8RPCBuzSAExFjnwN', NULL, 0),
(675, 'ariella.caplan@gmail.com', 'Ariella Mendlowitz', NULL, '', '', 0, '0000-00-00', '0548829115', '34/17 Nahal Ein Gedi Street, Bet Shemesh, Israel', 0, 'english', NULL, NULL, NULL, NULL, NULL, 'cust_h7jAPYkfQMiU1FywdeJKVTcS', NULL, 0),
(676, 'tews@gmail.com', NULL, NULL, '', '', 0, '0000-00-00', NULL, NULL, 0, 'english', NULL, NULL, NULL, NULL, NULL, 'cust_u3J3Ojf9QBMEP2QwgNNn9cEY', NULL, 0),
(677, 'rubinseligson@gmail.com', 'Rebecca seligson', NULL, '', '', 0, '0000-00-00', '0584021403', 'דירה 2- כניסה בקרקע, מאחורה מהמדריגות בצד ימין', 0, 'english', NULL, NULL, NULL, NULL, NULL, '', NULL, 0),
(678, 'dtrubel@yahoo.com', 'Tova Rubel', NULL, '', '', 0, '0000-00-00', '0546488392', 'Sitvanit Street, Bet Shemesh, Israel', 0, 'english', NULL, NULL, NULL, NULL, NULL, '', NULL, 0),
(679, 'shimonmds@gmail.com', 'Shimon Simpson', NULL, '', '', 0, '0000-00-00', '0532418922', '1st Floor', 0, 'english', NULL, NULL, NULL, NULL, NULL, '', NULL, 0),
(680, 'dayey1@gmail.com', 'אביעזר ליפשיץ', NULL, '', '', 0, '0000-00-00', '0528428767', 'שבטי ישראל 5, בית שמש, ישראל', 0, 'english', NULL, NULL, NULL, NULL, NULL, '', NULL, 0),
(681, 'rmoller4@gmail.com', 'Raphael Moller ', NULL, '', '', 0, '0000-00-00', '0587968747', 'bottom entrance ', 0, 'english', NULL, NULL, NULL, NULL, NULL, '', NULL, 0),
(682, 'ilanaschurder@gmail.com', 'Ilana Schurder', NULL, '', '', 0, '0000-00-00', '0544926038', '6', 0, 'english', NULL, NULL, NULL, NULL, NULL, '', NULL, 0),
(683, 'lauren.levy@hotmail.co.uk', 'Lauren levy ', NULL, '', '', 0, '0000-00-00', '0543185048', 'Floor 1', 0, 'english', NULL, NULL, NULL, NULL, NULL, '', NULL, 0),
(684, 'xanderk100@gmail.com', 'Alex Klein ', NULL, '', '', 0, '0000-00-00', '0532594726', 'Yeshivat reishit ', 0, 'english', NULL, NULL, NULL, NULL, NULL, 'cust_fR0m5jwxbcpa4dJYLaXKsOgn', NULL, 0),
(685, 'ALPYUDIN@GMAIL.COM', 'RUTHIE YUDIN', NULL, '', '', 0, '0000-00-00', '0544248161', 'Naftali 1, Beit Shemesh, Israel', 0, 'english', NULL, NULL, NULL, NULL, NULL, 'cust_bJ9ZU2pwDDs2cPAadcdidVbN', NULL, 0),
(686, 'sarah.dray@gmail.com', 'Sarah Dray', NULL, '', '', 0, '0000-00-00', '0526916761', 'Leshem 71, Modi''in-Maccabim-Re''ut, Israel', 0, 'english', NULL, NULL, NULL, NULL, NULL, 'cust_HWy0hx8UUCQemKkWhUvSlUc5', NULL, 0),
(687, 'tes@gmail.com', NULL, NULL, '', '', 0, '0000-00-00', NULL, NULL, 0, 'english', NULL, NULL, NULL, NULL, NULL, 'cust_viYB6LPGe3de6pLscSBhoCeO', NULL, 0),
(688, 'ets@g.com', NULL, NULL, '', '', 0, '0000-00-00', NULL, NULL, 0, 'english', NULL, NULL, NULL, NULL, NULL, 'cust_ULDH9eWhqwA9u5ONTxBnw720', NULL, 0),
(689, 'test@gmai.com', NULL, NULL, '', '', 0, '0000-00-00', NULL, NULL, 0, 'english', NULL, NULL, NULL, NULL, NULL, 'cust_yHv5mVCAijHK3TLJI3BLzOvs', NULL, 0),
(690, 'tes@gma.com', NULL, NULL, '', '', 0, '0000-00-00', NULL, NULL, 0, 'english', NULL, NULL, NULL, NULL, NULL, 'cust_JwucLUXVJGwD92zpYHCsVb33', NULL, 0),
(691, 'oded@orderapp.com', 'or shalom', NULL, '', '', 0, '0000-00-00', '7188013080', 'hahar 2 ', 0, 'english', NULL, NULL, NULL, NULL, NULL, '', NULL, 0),
(692, 'Natilove@860gemil.com', 'אלסה ברהנו', NULL, '', '', 0, '0000-00-00', '0549953337', ' קומה 3 מספר דירה 6', 0, 'english', NULL, NULL, NULL, NULL, NULL, '', NULL, 0),
(693, 'deborahfinkelstein@gmail.com', 'Deborah Finkelstein', NULL, '', '', 0, '0000-00-00', '0547459614', 'Rachel Imenu Street, Modi''in-Maccabim-Re''ut, Israel', 0, 'english', NULL, NULL, NULL, NULL, NULL, '', NULL, 0),
(694, 'lorienbalofsky@gmail.com', 'Lorien Balofsky', NULL, '', '', 0, '0000-00-00', '0524577209', 'HaShita 513, Bet Shemesh, Israel', 0, 'english', NULL, NULL, NULL, NULL, NULL, '', NULL, 0),
(695, 'dcoren40@gmail.com', 'Debralee goldman', NULL, '', '', 0, '0000-00-00', '0545512190', 'Private house ', 0, 'english', NULL, NULL, NULL, NULL, NULL, '', NULL, 0),
(696, 'dinabg@aol.com', 'Dina Galimidi ', NULL, '', '', 0, '0000-00-00', '0535311062', '24/4', 0, 'english', NULL, NULL, NULL, NULL, NULL, 'cust_ZSsholFdXkd7wkYqtwrzAwPK', NULL, 0),
(697, 'musicgirlcali@gmail.com', 'Melinda ', NULL, '', '', 0, '0000-00-00', '0543485535', '- 2, entrance between building 9 and 11. Stairs in parking lot . Between two buildings. ', 0, 'english', NULL, NULL, NULL, NULL, NULL, '', NULL, 0),
(698, 'emily.m.rohan@gmail.com', 'Emily Rohan', NULL, '', '', 0, '0000-00-00', '0507093424', 'Nahal Zavitan Street 14, Bet Shemesh, Israel', 0, 'english', NULL, NULL, NULL, NULL, NULL, 'cust_wZDjIG7p4wfemjXRBL8zO3Sc', NULL, 0),
(699, 'irhiller@gmail.com', 'Ilana Hiller', NULL, '', '', 0, '0000-00-00', '0584478353', 'Beit Shemesh, Israel Nachal Dolev 7 ', 0, 'english', NULL, NULL, NULL, NULL, NULL, '', NULL, 0),
(700, 'shondzee@gmail.com', 'Raice', NULL, '', '', 0, '0000-00-00', '0587176034', '3rd floor, right side', 0, 'english', NULL, NULL, NULL, NULL, NULL, 'cust_Bzm3xvwTgWHkVCT6DipXFXes', NULL, 0),
(701, 'r.n.lipkin@gmail.com', 'רענן ליפקין', NULL, '', '', 0, '0000-00-00', '0543968469', '14/6 3rd floor', 0, 'english', NULL, NULL, NULL, NULL, NULL, 'cust_yQNfDEEYInKXyY0967JdRE7p', NULL, 0),
(702, 'msladowsky@gmail.com', 'Moshe Sladowsky', 'msladowsky@gmail.com', '', '', 0, '0000-00-00', '0543005137', 'HaUman Street 5, Bet Shemesh, Israel', 0, 'english', NULL, NULL, NULL, NULL, NULL, '', NULL, 0),
(703, 'schillereitan@gmail.com', 'Eitan schiller', NULL, '', '', 0, '0000-00-00', '0584310057', 'Gate', 0, 'english', NULL, NULL, NULL, NULL, NULL, '', NULL, 0),
(704, 'emily.eisman@aol.com', 'Tamara Elefant', NULL, '', '', 0, '0000-00-00', '0507095426', 'Front gate', 0, 'english', NULL, NULL, NULL, NULL, NULL, '', NULL, 0),
(705, 'levigreenman@gmail.com', 'Levi Greenman ', NULL, '', '', 0, '0000-00-00', '0586389551', '', 0, 'english', NULL, NULL, NULL, NULL, NULL, '', NULL, 0),
(706, 'aviya.shevin@gmail.com', 'Aviya shevin', NULL, '', '', 0, '0000-00-00', '0586928491', 'קרקה', 0, 'english', NULL, NULL, NULL, NULL, NULL, '', NULL, 0),
(707, 'bcheirif@gmail.com', 'Benzion Cheirif', NULL, '', '', 0, '0000-00-00', '0525521961', '13/1', 0, 'english', NULL, NULL, NULL, NULL, NULL, '', NULL, 0),
(708, 'joeyaron@rocketmail.com', 'Joey Aron', NULL, '', '', 0, '0000-00-00', '0544823218', 'Rashi', 0, 'english', NULL, NULL, NULL, NULL, NULL, 'cust_qrADHyPa1zf7p5vDFKEojE6V', NULL, 0),
(709, 'sruliguttman@gmail.com', 'Sruli guttman', NULL, '', '', 0, '0000-00-00', '0507050514', 'Kiryat kinuch (yeshivat Ashreinu)', 0, 'english', NULL, NULL, NULL, NULL, NULL, '', NULL, 0),
(710, 'bukin86@gmail.com', 'Yitzchak Bukingolts', NULL, '', '', 0, '0000-00-00', '0584796695', 'Yona Ben Amiti Street 17, Bet Shemesh, Israel', 0, 'english', NULL, NULL, NULL, NULL, NULL, 'cust_Th8zVSAAgHxRPlSrg6BIAq0G', NULL, 0),
(711, 'daliaart@gmail.com', 'Dalia finkelstein ', NULL, '', '', 0, '0000-00-00', '0543008268', '8/1 ', 0, 'english', NULL, NULL, NULL, NULL, NULL, '', NULL, 0),
(712, 'aaron@sellsidemedia.com', 'Aaron Friedman', NULL, '', '', 0, '0000-00-00', '0505114481', 'Derech Yitshak Rabin 2, Beit Shemesh, Israel', 0, 'english', NULL, NULL, NULL, NULL, NULL, '', NULL, 0),
(713, 'Karenbarron10@gmail.com', 'קרן בראון', NULL, '', '', 0, '0000-00-00', '0587089308', '2/7', 0, 'english', NULL, NULL, NULL, NULL, NULL, '', NULL, 0),
(714, 'rinarapoport01@gmail.com', 'רפופורט', NULL, '', '', 0, '0000-00-00', '0527498960', '', 0, 'english', NULL, NULL, NULL, NULL, NULL, '', NULL, 0),
(715, 'i8thelamb@yahoo.com', 'Klein ', NULL, '', '', 0, '0000-00-00', '0587610645', '3rd floor ', 0, 'english', NULL, NULL, NULL, NULL, NULL, '', NULL, 0),
(716, 'yakirakolom@gmail.com', 'Yakira kolom', NULL, '', '', 0, '0000-00-00', '0507093321', 'Tiferet center ', 0, 'english', NULL, NULL, NULL, NULL, NULL, 'cust_xkZQlh58XO4wy9XhkjSGQDut', NULL, 0),
(717, 'zev@zdhconsulting.com', 'Zeev Hecht', NULL, '', '', 0, '0000-00-00', '0586288567', 'HaHar 2', 0, 'english', NULL, NULL, NULL, NULL, NULL, '', NULL, 0),
(718, 'joshuagoldstein1@gmail.com', 'Joshua Goldstein', NULL, '', '', 0, '0000-00-00', '0585251183', 'רבי ינאי, בית שמש, ישראל', 0, 'english', NULL, NULL, NULL, NULL, NULL, '', NULL, 0),
(719, 'lindi18277@yahoo.com', 'Lindi bar chaim', NULL, '', '', 0, '0000-00-00', '0526882227', 'Up the stairs', 0, 'english', NULL, NULL, NULL, NULL, NULL, '', NULL, 0),
(720, 'joshuaneerkin1@gmail.com', 'Josh', NULL, '', '', 0, '0000-00-00', '0587400132', 'Rashi', 0, 'english', NULL, NULL, NULL, NULL, NULL, '', NULL, 0),
(721, 'devorahedelman@gmail.com', 'Devorah Edelman', 'devorahedelman@gmail.com', '', '', 0, '0000-00-00', '0586000366', 'Ground floor', 0, 'english', NULL, NULL, NULL, NULL, NULL, 'cust_RqUsKBB4DdNAgzWhfVVx7fzk', NULL, 0),
(722, 'binyamin18@yahoo.com', 'Rachel harbor', NULL, '', '', 0, '0000-00-00', '0585555346', 'Second floor', 0, 'english', NULL, NULL, NULL, NULL, NULL, '', NULL, 0),
(723, 'shermanjonathan88@gmail.com', 'Jonathan Sherman', NULL, '', '', 0, '0000-00-00', '0533402248', 'אודם 6/6, מודיעין מכבים רעות, ישראל', 0, 'english', NULL, NULL, NULL, NULL, NULL, 'cust_FRBaqgZlIC1CAcczGDCLbgTd', NULL, 0),
(724, 'alexdg97@aol.com', 'Alex ', NULL, '', '', 0, '0000-00-00', '0532809375', 'Bottom ', 0, 'english', NULL, NULL, NULL, NULL, NULL, '', NULL, 0),
(725, 'zevorder@zdhconsulting.com', 'Zev hecht', NULL, '', '', 0, '0000-00-00', '0586288567', 'Asher 14', 0, 'english', NULL, NULL, NULL, NULL, NULL, 'cust_CyJKqZ8sbRYL1UaOMLQRXdC0', NULL, 0),
(726, 'soclofjordan@gmail.com', 'Jordan soclof', NULL, '', '', 0, '0000-00-00', '0532364356', 'Bottom', 0, 'english', NULL, NULL, NULL, NULL, NULL, '', NULL, 0),
(727, 'arikdalfen@gmail.com', 'ariella', NULL, '', '', 0, '0000-00-00', '00000000000', '550 Glengrove Avenue West, North York, ON, Canada', 0, 'english', NULL, NULL, NULL, NULL, NULL, '', NULL, 0),
(728, 'lnstark@aol.com', 'Leba schneider', NULL, '', '', 0, '0000-00-00', '0528016662', 'Private entrance', 0, 'english', NULL, NULL, NULL, NULL, NULL, '', NULL, 0),
(729, 'naomieastman1@gmail.com', 'Naomi eastman', NULL, '', '', 0, '0000-00-00', '0545468084', 'Hativat Harel Street 26, Modi''in-Maccabim-Re''ut, Israel', 0, 'english', NULL, NULL, NULL, NULL, NULL, 'cust_VGZKhLPcXwFsn6k5wTDFXJGu', NULL, 0),
(730, 'sara.mor2@gmail.com', 'sara mor', NULL, '', '', 0, '0000-00-00', '0506960995', 'hachatzav 8', 0, 'english', NULL, NULL, NULL, NULL, NULL, '', NULL, 0),
(731, 'avim22@aol.com', 'Avi Margolin', NULL, '', '', 0, '0000-00-00', '0584193615', 'Call when at the gate', 0, 'english', NULL, NULL, NULL, NULL, NULL, '', NULL, 0),
(732, 'ayeletkoolyk@gmail.com', 'Ayelet Wexler', NULL, '', '', 0, '0000-00-00', '0544994227', 'Yigael Yadin Street 47, Modi''in-Maccabim-Re''ut, Israel', 0, 'english', NULL, NULL, NULL, NULL, NULL, '', NULL, 0),
(733, 'corinesarah@gmail.com', 'Corine dahan', 'corinesarah@gmail.com', '', '', 0, '0000-00-00', '0537128154', 'Call when here', 0, 'english', NULL, NULL, NULL, NULL, NULL, 'cust_ysd0c417UiB0ciG4iQFT4pYv', NULL, 0),
(734, 'huvsa23@gmail.com', 'Miriam', NULL, '', '', 0, '0000-00-00', '0533060597', '', 0, 'english', NULL, NULL, NULL, NULL, NULL, '', NULL, 0),
(735, 'marcustwin13@yahoo.com', 'Josh ', NULL, '', '', 0, '0000-00-00', '0507488212', 'At front grate ', 0, 'english', NULL, NULL, NULL, NULL, NULL, '', NULL, 0),
(736, 'mslipkin@gmail.com', 'Michael Lipkin', NULL, '', '', 0, '0000-00-00', '029923933', 'Rechov Gad 4', 0, 'english', NULL, NULL, NULL, NULL, NULL, '', NULL, 0),
(737, 'Meredith.ickowicz@gmail.com', 'אווה ווייסבורד', NULL, '', '', 0, '0000-00-00', '0584045469', '', 0, 'english', NULL, NULL, NULL, NULL, NULL, '', NULL, 0),
(738, 'Aynatp1@gmail.com', 'עינת גולדמן', NULL, '', '', 0, '0000-00-00', '0537303242', '16 דירה 4', 0, 'english', NULL, NULL, NULL, NULL, NULL, '', NULL, 0),
(739, 'bonniegerbitz@aol.com', 'gerbitz', NULL, '', '', 0, '0000-00-00', '0546149990', 'Shvil HaGihon 9/1, Bet Shemesh, Israel', 0, 'english', NULL, NULL, NULL, NULL, NULL, '', NULL, 0),
(740, 'zvirapps@gmail.com', 'Zvi Rapps', NULL, '', '', 0, '0000-00-00', '0546698945', 'Tchelet 71, Modi''in-Maccabim-Re''ut, Israel', 0, 'english', NULL, NULL, NULL, NULL, NULL, 'cust_QmtS3L0mbcupeIKDEySLevQo', NULL, 0),
(741, 's@s.com', NULL, NULL, '', '', 0, '0000-00-00', NULL, NULL, 0, 'english', NULL, NULL, NULL, NULL, NULL, 'cust_9OvKYMYZeBvNGCeryyT7Htn5', NULL, 0),
(742, 'leoraroxs98@gmail.com', 'Leora mehlman ', NULL, '', '', 0, '0000-00-00', '0507092506', 'Midrasha', 0, 'english', NULL, NULL, NULL, NULL, NULL, '', NULL, 0),
(743, 'dov.carpe@gmail.com', 'Dov Carpe', NULL, '', '', 0, '0000-00-00', '0586889251', 'נחל דולב 39א/5, בית שמש, ישראל', 0, 'english', NULL, NULL, NULL, NULL, NULL, '', NULL, 0),
(744, 'joshuaguedalia@gmail.com', 'Rina Guedalia', NULL, '', '', 0, '0000-00-00', '0542264666', 'Sderot Yitshak Rabin 31, Modi''in-Maccabim-Re''ut, Israel', 0, 'english', NULL, NULL, NULL, NULL, NULL, '', NULL, 0),
(745, 'zimberg.r@gmail.com', 'Zimberg', NULL, '', '', 0, '0000-00-00', '0545437775', 'HaShita 13, Beit Shemesh, Israel', 0, 'english', NULL, NULL, NULL, NULL, NULL, '', NULL, 0),
(746, 'Lgrodner@me.com', 'Linda Grodner', 'lgrodner@me.com', '', '', 0, '0000-00-00', '0537082570', 'Reuven Street 16', 0, 'english', NULL, NULL, NULL, NULL, NULL, '', NULL, 0),
(747, 'alliefraim@gmail.com', 'efraim rosenbaum', NULL, '', '', 0, '0000-00-00', '0542802823', 'nahar hayarden 90/2 ', 0, 'english', NULL, NULL, NULL, NULL, NULL, '', NULL, 0),
(748, 'brachagoldstein@gmail.com', 'Bracha Goldstein', NULL, '', '', 0, '0000-00-00', '0545452478', 'Rabi Yanai Street 1/8, Bet Shemesh, Israel', 0, 'english', NULL, NULL, NULL, NULL, NULL, '', NULL, 0),
(749, 'sarascheinert@gmail.com', 'Sara scheinert ', 'sarascheinert@gmail.com', '', '', 0, '0000-00-00', '0585913133', '1', 0, 'english', NULL, NULL, NULL, NULL, NULL, 'cust_29NVNgmdPTmEXZA90Vodv0Ea', NULL, 0),
(750, 'etana@orderapp.com', 'Ilana Hiller', 'etana@orderapp.com', '', '', 0, '0000-00-00', '0584478353', 'Nahal Dolev, Beit Shemesh, Israel', 0, 'english', NULL, NULL, NULL, NULL, NULL, '', NULL, 0),
(751, 'orders@orderapp.com', 'Pick Up', 'orders@orderapp.com', '', '', 0, '0000-00-00', '0584888799', '', 0, 'english', NULL, NULL, NULL, NULL, NULL, '', NULL, 0),
(752, 'yoel123@gmail.com', 'yoel baumann', 'yoel123@gmail.com', '', '', 0, '0000-00-00', '0524045123', 'Havakuk HaNavi 4/5, Bet Shemesh, Israel', 0, 'english', NULL, NULL, NULL, NULL, NULL, 'cust_2eh2IDHJUyRlpB9CQ68vlADj', NULL, 0),
(753, 'karenibarron@yahoo.co.uk', 'Karen barron', 'karenibarron@yahoo.co.uk', '', '', 0, '0000-00-00', '0587089308', 'House ground floor ', 0, 'english', NULL, NULL, NULL, NULL, NULL, '', NULL, 0),
(754, 'miriamlauer@gmail.com', 'David Johnstone', 'miriamlauer@gmail.com', '', '', 0, '0000-00-00', '0526535424', 'Entrance ב Apartment 16', 0, 'english', NULL, NULL, NULL, NULL, NULL, 'cust_kvdmaJpfrFo42MHaCabEvhV4', NULL, 0),
(755, 'cmnac770@gmail.com', 'Alon Golub', 'cmnac770@gmail.com', '', '', 0, '0000-00-00', '0586114770', 'Nahal Miha Street 17, Bet Shemesh, Israel', 0, 'english', NULL, NULL, NULL, NULL, NULL, '', NULL, 0),
(756, 'amaschkenasy@gmail.com', 'Aschkenasy', 'amaschkenasy@gmail.com', '', '', 0, '0000-00-00', '0548421774', 'chaggai HaNavi 4 dira 3', 0, 'english', NULL, NULL, NULL, NULL, NULL, '', NULL, 0),
(757, 'aaron@pushstartups.com', NULL, 'aaron@pushstartups.com', '', '', 0, '0000-00-00', NULL, NULL, 0, 'english', NULL, NULL, NULL, NULL, NULL, 'cust_hiFOo4YWJ3929LUkgbzzl9UO', NULL, 0),
(758, 'shoshlip97@gmail.com', 'שושי ליפשיץ', 'Shoshlip97@gmail.com', '', '', 0, '0000-00-00', '0502057357', 'בית קרקע', 0, 'english', NULL, NULL, NULL, NULL, NULL, 'cust_N31g0ATDSx8OfeA9DP6ZoY8w', NULL, 0),
(759, 'lhllsurface@gmail.com', 'Mike hunt ', 'lhllsurface@gmail.com', '', '', 0, '0000-00-00', '0539359133', '308 first bed on the left, thank you, ', 0, 'english', NULL, NULL, NULL, NULL, NULL, '', NULL, 0),
(760, 'raeltest@orderapp.com', 'Raeltest', 'raeltest@orderapp.com', '', '', 0, '0000-00-00', '000000', 'Ahad Ha''Am Street 2, Tel Aviv-Yafo, Israel', 0, 'english', NULL, NULL, NULL, NULL, NULL, '', NULL, 0),
(761, 'test@ordrapp.com', NULL, 'test@ordrapp.com', '', '', 0, '0000-00-00', NULL, NULL, 0, 'english', NULL, NULL, NULL, NULL, NULL, 'cust_fveIU9xapthwC0BGQxC7cfUO', NULL, 0),
(762, 'bentsi.rubin@gmail.com', 'DAVID RUBin', 'bentsi.rubin@gmail.com', 'bentsi.rubin@gmail.com', 'OId2005m6p', 0, '0000-00-00', '0533385066', 'נחל נועם 16/9, בית שמש, ישראל', 0, 'english', NULL, NULL, NULL, NULL, NULL, 'cust_RVVkWOTTg3hzWgzyRS244QY8', '60519c3dd22587d6de04d5f1e28bd41d', 1),
(763, 'cheskorn535@gmail.com', 'Chad Korn', 'cheskorn535@gmail.com', '', '', 0, '0000-00-00', '0549196788', 'SUBS Hub, HaUman Street, Bet Shemesh, Israel', 0, 'english', NULL, NULL, NULL, NULL, NULL, '', NULL, 0),
(764, 'oyaffar@gmail.com', 'rosenstein', 'oyaffar@gmail.com', '', '', 0, '0000-00-00', '0584584644', 'Nahal Refa''im 7/2, Bet Shemesh, Israel', 0, 'english', NULL, NULL, NULL, NULL, NULL, '', NULL, 0),
(765, 'shabsiem@gmail.com', 'Shabsie Moskovitz', 'shabsiem@gmail.com', '', '', 0, '0000-00-00', '0543070058', '', 0, 'english', NULL, NULL, NULL, NULL, NULL, 'cust_DAbSNfrtoxAgg2jl2FP7VhM4', NULL, 0),
(766, 'lf@ground-rent.com', 'Laurence Freilich', 'lf@ground-rent.com', '', '', 0, '0000-00-00', '0526724541', 'Sderot Nehar HaYarden 78, Bet Shemesh, Israel', 0, 'english', NULL, NULL, NULL, NULL, NULL, '', NULL, 0),
(767, 'shemouel200@gmail.com', 'שמואל בוגנים', 'shemouel200@gmail.com', '', '', 0, '0000-00-00', '0585865868', '13/8', 0, 'english', NULL, NULL, NULL, NULL, NULL, '', NULL, 0),
(768, 'brianthau@gmail.com', 'Brian Thau', 'brianthau@gmail.com', '', '', 0, '0000-00-00', '0522573109', '', 0, 'english', NULL, NULL, NULL, NULL, NULL, '', NULL, 0),
(769, 'test@orderapp.comj', 'test', 'test@orderapp.comj', '', '', 0, '0000-00-00', '00000', 'Gad 14, Bet Shemesh, Israel', 0, 'english', NULL, NULL, NULL, NULL, NULL, 'cust_KMb1KKuTlC3hQXCBIsVixrsu', NULL, 0),
(770, 'brina.groskin@gmail.com', 'Brina Groskin', 'brina.groskin@gmail.com', '', '', 0, '0000-00-00', '0543552792', '3 Avi David, Modi''in Ilit', 0, 'english', NULL, NULL, NULL, NULL, NULL, 'cust_Rteq55Dxcfh71ZpCUsoxreHn', NULL, 0),
(771, 'mbshaulson@yahoo.com', 'michelle shaulson', 'mbshaulson@yahoo.com', '', '', 0, '0000-00-00', '9951226', 'Shim''on Street 43, Bet Shemesh, Israel', 0, 'english', NULL, NULL, NULL, NULL, NULL, '', NULL, 0);

-- --------------------------------------------------------

--
-- Table structure for table `user_coupons`
--

CREATE TABLE IF NOT EXISTS `user_coupons` (
  `id` int(11) NOT NULL AUTO_INCREMENT,
  `user_id` int(11) DEFAULT NULL,
  `coupon_id` int(11) DEFAULT NULL,
  PRIMARY KEY (`id`),
  KEY `user_id` (`user_id`)
) ENGINE=InnoDB DEFAULT CHARSET=latin1 AUTO_INCREMENT=1 ;

-- --------------------------------------------------------

--
-- Table structure for table `user_orders`
--

CREATE TABLE IF NOT EXISTS `user_orders` (
  `id` int(11) NOT NULL AUTO_INCREMENT,
  `user_id` int(11) NOT NULL,
  `restaurant_id` int(11) NOT NULL,
  `total` int(11) NOT NULL,
  `coupon_discount` varchar(255) DEFAULT NULL,
  `discount_value` int(11) NOT NULL,
  `order_date` datetime NOT NULL,
  `platform_info` varchar(255) NOT NULL,
  `payment_method` varchar(99) DEFAULT NULL,
  `transaction_id` text,
  `browser_info` text,
  PRIMARY KEY (`id`),
  KEY `fk_user_order` (`user_id`),
  KEY `restaurant_id` (`restaurant_id`)
) ENGINE=InnoDB  DEFAULT CHARSET=utf8 AUTO_INCREMENT=813 ;

--
-- Dumping data for table `user_orders`
--

INSERT INTO `user_orders` (`id`, `user_id`, `restaurant_id`, `total`, `coupon_discount`, `discount_value`, `order_date`, `platform_info`, `payment_method`, `transaction_id`, `browser_info`) VALUES
(484, 528, 1, 95, NULL, 0, '2017-04-26 00:00:00', '', 'CASH', NULL, NULL),
(485, 515, 12, 141, 'fixed percentage', 15, '2017-04-26 00:00:00', '', 'CASH', NULL, NULL),
(486, 530, 1, 197, NULL, 0, '2017-04-26 00:00:00', '', 'CASH', NULL, NULL),
(487, 535, 1, 193, NULL, 0, '2017-04-26 00:00:00', '', 'CASH', NULL, NULL),
(488, 515, 1, 118, NULL, 0, '2017-04-26 00:00:00', '', 'CASH', NULL, NULL),
(489, 529, 1, 105, NULL, 0, '2017-04-26 00:00:00', '', 'CASH', NULL, NULL),
(490, 536, 1, 87, NULL, 0, '2017-04-26 00:00:00', '', 'CASH', NULL, NULL),
(491, 537, 1, 85, NULL, 0, '2017-04-26 00:00:00', '', 'CASH', NULL, NULL),
(492, 538, 1, 85, NULL, 0, '2017-04-26 00:00:00', '', 'CASH', NULL, NULL),
(493, 539, 2, 120, NULL, 0, '2017-04-26 00:00:00', '', 'CASH', NULL, NULL),
(494, 540, 1, 85, NULL, 0, '2017-04-26 00:00:00', '', 'CASH', NULL, NULL),
(495, 527, 1, 85, NULL, 0, '2017-04-27 00:00:00', '', 'CASH', NULL, NULL),
(496, 541, 1, 224, NULL, 0, '2017-04-27 00:00:00', '', 'CASH', NULL, NULL),
(497, 542, 1, 193, NULL, 0, '2017-04-27 00:00:00', '', 'CASH', NULL, NULL),
(498, 515, 2, 81, 'fixed value', 10, '2017-04-27 00:00:00', '', 'CASH', NULL, NULL),
(499, 529, 1, 237, NULL, 0, '2017-04-27 00:00:00', '', 'CASH', NULL, NULL),
(500, 543, 1, 81, 'fixed percentage', 33, '2017-04-27 00:00:00', '', 'CASH', NULL, NULL),
(501, 544, 1, 84, 'fixed percentage', 33, '2017-04-27 00:00:00', '', 'CASH', NULL, NULL),
(502, 529, 1, 237, NULL, 0, '2017-04-27 00:00:00', '', 'CASH', NULL, NULL),
(503, 515, 22, 100, NULL, 0, '2017-04-30 00:00:00', '', 'CASH', NULL, NULL),
(504, 515, 17, 83, 'fixed value', 10, '2017-04-30 00:00:00', '', 'CASH', NULL, NULL),
(505, 515, 20, 72, 'fixed percentage', 15, '2017-04-30 00:00:00', '', 'CASH', NULL, NULL),
(506, 529, 1, 105, NULL, 0, '2017-04-30 00:00:00', '', 'CASH', NULL, NULL),
(507, 521, 1, 105, NULL, 0, '2017-04-30 00:00:00', '', 'CASH', NULL, NULL),
(508, 521, 1, 105, NULL, 0, '2017-04-30 00:00:00', '', 'CASH', NULL, NULL),
(509, 515, 20, 81, NULL, 0, '2017-05-01 00:00:00', '', 'CASH', NULL, NULL),
(510, 547, 1, 245, NULL, 0, '2017-05-01 00:00:00', '', 'CASH', NULL, NULL),
(511, 547, 1, 270, NULL, 0, '2017-05-01 00:00:00', '', 'CASH', NULL, NULL),
(512, 550, 1, 109, NULL, 0, '2017-05-02 00:00:00', 'ENG Desktop', 'CASH', NULL, NULL),
(513, 551, 1, 201, NULL, 0, '2017-05-02 00:00:00', 'HE Desktop', 'CASH', NULL, NULL),
(514, 552, 1, 105, NULL, 0, '2017-05-02 00:00:00', 'ENG Desktop', 'CASH', NULL, NULL),
(515, 553, 1, 105, NULL, 0, '2017-05-02 00:00:00', 'HE Desktop', 'CASH', NULL, NULL),
(516, 554, 2, 100, NULL, 0, '2017-05-02 00:00:00', 'HE mobile', 'CASH', NULL, NULL),
(517, 555, 2, 100, NULL, 0, '2017-05-02 00:00:00', 'ENG mobile', 'CASH', NULL, NULL),
(518, 515, 1, 85, 'fixed percentage', 15, '2017-05-03 00:00:00', 'HE Desktop', 'CASH', NULL, NULL),
(519, 515, 3, 99, NULL, 0, '2017-05-03 00:00:00', 'HE Desktop', 'CASH', NULL, NULL),
(520, 515, 15, 115, NULL, 0, '2017-05-03 00:00:00', 'ENG Desktop', 'CASH', NULL, NULL),
(521, 594, 5, 115, NULL, 0, '2017-05-04 00:00:00', 'ENG Desktop', 'CASH', NULL, NULL),
(522, 515, 1, 81, 'fixed value', 10, '2017-05-04 00:00:00', 'HE Desktop', 'CASH', NULL, NULL),
(523, 515, 1, 77, 'fixed value', 10, '2017-05-04 00:00:00', 'ENG Desktop', 'CASH', '', NULL),
(524, 515, 1, 77, 'fixed value', 10, '2017-05-04 00:00:00', 'HE Desktop', 'CASH', NULL, NULL),
(525, 594, 1, 87, NULL, 0, '2017-05-04 00:00:00', 'HE Desktop', 'CASH', NULL, NULL),
(526, 515, 1, 113, NULL, 0, '2017-05-04 00:00:00', 'HE Desktop', 'CASH', NULL, NULL),
(527, 517, 1, 80, NULL, 0, '2017-05-06 00:00:00', 'ENG Desktop', NULL, NULL, NULL),
(528, 599, 1, 80, NULL, 0, '2017-05-06 00:00:00', 'ENG Desktop', NULL, NULL, NULL),
(529, 601, 1, 80, NULL, 0, '2017-05-06 00:00:00', 'ENG Desktop', NULL, NULL, NULL),
(530, 521, 1, 0, NULL, 0, '2017-05-06 00:00:00', 'ENG Desktop', 'Credit Card', '30894850', NULL),
(531, 529, 1, 73, NULL, 0, '2017-05-07 00:00:00', 'HE Desktop', 'Credit Card', '30907608', NULL),
(532, 603, 1, 80, NULL, 0, '2017-05-07 00:00:00', 'ENG mobile', 'Credit Card', '30908155', NULL),
(533, 604, 1, 63, NULL, 0, '2017-05-07 00:00:00', 'HE mobile', 'Credit Card', '30908393', NULL),
(534, 515, 1, 87, 'fixed value', 10, '2017-05-07 00:00:00', 'ENG Desktop', 'Credit Card', '30914700', NULL),
(535, 515, 1, 0, 'fixed value', 10, '2017-05-07 00:00:00', 'HE Desktop', 'Credit Card', '30917790', NULL),
(536, 605, 3, 91, NULL, 0, '2017-05-08 10:30:51', 'ENG Desktop', 'CASH', '', NULL),
(537, 605, 1, 105, NULL, 0, '2017-05-08 10:51:59', 'ENG Desktop', 'CASH', '', NULL),
(538, 606, 3, 0, NULL, 0, '2017-05-08 07:45:40', 'ENG Desktop', 'Credit Card', '30915888', NULL),
(539, 606, 3, 0, NULL, 0, '2017-05-09 09:43:08', 'ENG Desktop', 'Credit Card', '31020459', NULL),
(540, 606, 1, 87, NULL, 0, '2017-05-09 12:54:29', 'ENG Desktop', 'Credit Card', '31039085', NULL),
(541, 627, 27, 91, NULL, 0, '2017-05-11 10:21:35', 'HE Desktop', 'CASH', '', NULL),
(542, 515, 3, 91, NULL, 0, '2017-05-11 10:47:54', 'HE Desktop', 'CASH', '', NULL),
(543, 628, 3, 91, NULL, 0, '2017-05-11 10:55:35', 'ENG Desktop', 'CASH', '', NULL),
(544, 629, 3, 91, NULL, 0, '2017-05-11 11:45:30', 'ENG Desktop', 'CASH', '', NULL),
(545, 628, 3, 91, NULL, 0, '2017-05-12 12:26:01', 'ENG Desktop', 'CASH', '', NULL),
(546, 614, 1, 109, NULL, 0, '2017-05-13 00:07:52', 'ENG Desktop', 'CASH', '', 'Chrome'),
(547, 614, 1, 113, NULL, 0, '2017-05-13 00:10:04', 'ENG Desktop', 'CASH', '', 'Firefox'),
(548, 628, 17, 83, 'fixed value', 10, '2017-05-15 16:52:10', 'ENG mobile', 'CASH', '', NULL),
(549, 628, 3, 114, 'fixed value', 10, '2017-05-18 13:38:35', 'ENG Desktop', 'CASH', '', 'Chrome'),
(550, 628, 2, 154, NULL, 0, '2017-05-18 17:42:00', 'ENG Desktop', 'CASH', '', 'Chrome'),
(551, 635, 12, 93, 'fixed value', 10, '2017-05-21 14:17:07', 'ENG mobile', 'CASH', '', NULL),
(552, 628, 4, 97, 'fixed value', 10, '2017-05-21 14:20:15', 'ENG mobile', 'CASH', '', NULL),
(553, 628, 1, 77, 'fixed value', 10, '2017-05-21 14:22:46', 'ENG mobile', 'CASH', '', NULL),
(554, 628, 3, 83, 'fixed value', 10, '2017-05-21 14:29:49', 'ENG mobile', 'CASH', '', NULL),
(555, 628, 3, 85, 'fixed value', 10, '2017-05-21 14:33:12', 'ENG mobile', 'CASH', '', NULL),
(556, 636, 2, 114, NULL, 0, '2017-05-21 14:39:58', 'ENG mobile', 'Credit Card', '31553723', NULL),
(557, 636, 2, 129, NULL, 0, '2017-05-21 14:40:03', 'ENG mobile', 'Credit Card', '31553741', NULL),
(558, 636, 2, 144, NULL, 0, '2017-05-21 14:40:04', 'ENG mobile', 'Credit Card', '31553736', NULL),
(559, 637, 2, 129, NULL, 0, '2017-05-21 16:06:12', 'ENG mobile', 'CASH', '', NULL),
(560, 638, 2, 132, NULL, 0, '2017-05-21 16:14:28', 'ENG Desktop', 'Credit Card', '31561455', 'Chrome'),
(561, 628, 3, 93, 'fixed value', 10, '2017-05-21 16:18:43', 'HE mobile', 'CASH', '', NULL),
(562, 639, 5, 346, NULL, 0, '2017-05-21 17:30:37', 'ENG Desktop', 'Credit Card', '31564935', 'Chrome'),
(563, 640, 17, 293, NULL, 0, '2017-05-21 17:44:48', 'ENG mobile', 'Credit Card', '31565502', NULL),
(564, 641, 4, 215, 'fixed value', 10, '2017-05-21 19:26:01', 'ENG mobile', 'CASH', '', NULL),
(565, 628, 2, 75, 'fixed value', 10, '2017-05-21 22:02:52', 'ENG mobile', 'CASH', '', NULL),
(566, 628, 2, 63, 'fixed value', 10, '2017-05-21 22:07:11', 'ENG mobile', 'CASH', '', NULL),
(567, 643, 5, 234, 'fixed percentage', 15, '2017-05-21 22:46:09', 'ENG mobile', 'Credit Card', '31574785', NULL),
(568, 644, 17, 322, NULL, 0, '2017-05-22 12:07:31', 'ENG Desktop', 'CASH', '', 'Chrome'),
(569, 646, 7, 113, NULL, 0, '2017-05-22 12:30:41', 'ENG mobile', 'Credit Card', '31599690', NULL),
(570, 645, 32, 65, 'fixed percentage', 30, '2017-05-22 12:30:42', 'ENG Desktop', 'CASH', '', 'Chrome'),
(571, 628, 3, 93, 'fixed value', 10, '2017-05-22 12:33:31', 'HE mobile', 'Credit Card', '31599804', NULL),
(572, 647, 1, 93, 'fixed value', 10, '2017-05-22 12:38:41', 'ENG mobile', 'CASH', '', NULL),
(573, 648, 32, 126, 'fixed percentage', 30, '2017-05-22 12:48:36', 'ENG mobile', 'Credit Card', '31600430', NULL),
(574, 649, 12, 69, NULL, 0, '2017-05-22 14:10:47', 'ENG mobile', 'Credit Card', '31604246', NULL),
(575, 628, 3, 81, 'fixed value', 10, '2017-05-22 16:55:43', 'ENG mobile', 'CASH', '', NULL),
(576, 652, 5, 183, NULL, 0, '2017-05-22 17:34:39', 'ENG mobile', 'Credit Card', '31612706', NULL),
(577, 653, 5, 86, NULL, 0, '2017-05-22 18:13:19', 'ENG mobile', 'Credit Card', '31614159', NULL),
(578, 654, 17, 324, NULL, 0, '2017-05-22 18:17:31', 'ENG Desktop', 'CASH', '', 'Chrome'),
(579, 655, 17, 379, NULL, 0, '2017-05-22 19:16:32', 'ENG Desktop', 'CASH', '', 'Chrome'),
(580, 656, 6, 125, NULL, 0, '2017-05-22 19:25:33', 'ENG mobile', 'Credit Card', '31616631', NULL),
(581, 657, 20, 68, NULL, 0, '2017-05-22 19:51:37', 'ENG mobile', 'Credit Card', '31617278', NULL),
(582, 658, 15, 105, NULL, 0, '2017-05-22 20:09:07', 'ENG mobile', 'CASH', '', NULL),
(583, 660, 7, 109, NULL, 0, '2017-05-22 20:25:49', 'ENG mobile', 'Credit Card', '31618170', NULL),
(584, 661, 10, 144, NULL, 0, '2017-05-22 20:54:23', 'HE mobile', 'Credit Card', '31618907', NULL),
(585, 662, 2, 114, NULL, 0, '2017-05-22 21:01:37', 'ENG mobile', 'Credit Card', '31619163', NULL),
(586, 661, 8, 92, NULL, 0, '2017-05-22 21:15:21', 'HE mobile', 'CASH', '', NULL),
(587, 644, 13, 147, NULL, 0, '2017-05-23 11:46:11', 'ENG Desktop', 'CASH', '', 'Chrome'),
(588, 663, 2, 238, NULL, 0, '2017-05-23 12:12:27', 'ENG mobile', 'Credit Card', '31641843', NULL),
(589, 664, 21, 87, NULL, 0, '2017-05-23 12:48:32', 'ENG mobile', 'Credit Card', '31643595', NULL),
(590, 665, 8, 177, NULL, 0, '2017-05-23 16:10:12', 'ENG Desktop', 'Credit Card', '31652728', 'Chrome'),
(591, 655, 2, 114, NULL, 0, '2017-05-23 17:11:50', 'ENG mobile', 'CASH', '', NULL),
(592, 666, 3, 87, NULL, 0, '2017-05-23 17:45:23', 'HE Desktop', 'CASH', '', 'Chrome'),
(593, 667, 9, 63, 'fixed percentage', 15, '2017-05-23 17:48:43', 'ENG mobile', 'Credit Card', '31656337', NULL),
(594, 668, 8, 115, NULL, 0, '2017-05-23 17:51:38', 'ENG mobile', 'CASH', '', NULL),
(595, 668, 8, 132, NULL, 0, '2017-05-23 17:51:41', 'ENG mobile', 'CASH', '', NULL),
(596, 669, 20, 228, NULL, 0, '2017-05-23 18:10:50', 'ENG mobile', 'Credit Card', '31657237', NULL),
(597, 669, 3, 238, NULL, 0, '2017-05-23 18:15:04', 'ENG mobile', 'Credit Card', '31657379', NULL),
(598, 655, 17, 297, NULL, 0, '2017-05-23 18:31:46', 'ENG mobile', 'CASH', '', NULL),
(599, 670, 4, 112, NULL, 0, '2017-05-23 18:58:54', 'ENG mobile', 'Credit Card', '31658786', NULL),
(600, 671, 8, 97, NULL, 0, '2017-05-23 19:34:23', 'ENG mobile', 'CASH', '', NULL),
(601, 672, 20, 85, NULL, 0, '2017-05-23 19:55:00', 'ENG mobile', 'Credit Card', '31660493', NULL),
(602, 673, 1, 55, NULL, 0, '2017-05-23 20:39:40', 'ENG mobile', 'Credit Card', '31661919', NULL),
(603, 673, 1, 55, NULL, 0, '2017-05-23 20:39:44', 'ENG mobile', 'Credit Card', '31661919', NULL),
(604, 674, 17, 98, NULL, 0, '2017-05-23 21:05:03', 'ENG Desktop', 'CASH', '', 'Chrome'),
(605, 675, 7, 88, 'fixed percentage', 40, '2017-05-24 11:58:52', 'ENG Desktop', 'Credit Card', '31686589', 'Chrome'),
(606, 644, 4, 302, NULL, 0, '2017-05-24 12:34:41', 'ENG Desktop', 'CASH', '', 'Chrome'),
(607, 643, 20, 125, NULL, 0, '2017-05-24 13:54:50', 'ENG mobile', 'Credit Card', '31693105', NULL),
(608, 628, 3, 81, 'fixed value', 10, '2017-05-24 17:06:09', 'ENG Desktop', 'Credit Card', '31702605', 'Chrome'),
(609, 677, 8, 111, NULL, 0, '2017-05-24 18:02:46', 'ENG mobile', 'Credit Card', '31704700', NULL),
(610, 678, 17, 262, NULL, 0, '2017-05-24 18:07:50', 'ENG Desktop', 'Credit Card', '31704896', 'Firefox'),
(611, 679, 20, 175, NULL, 0, '2017-05-24 18:27:33', 'ENG mobile', 'Credit Card', '31705547', NULL),
(612, 680, 20, 97, NULL, 0, '2017-05-24 18:50:58', 'HE Desktop', 'Credit Card', '31706290', 'Chrome'),
(613, 681, 20, 68, NULL, 0, '2017-05-24 19:28:41', 'ENG mobile', 'CASH', '', NULL),
(614, 682, 4, 247, NULL, 0, '2017-05-24 19:48:15', 'ENG mobile', 'Credit Card', '31708052', NULL),
(615, 683, 8, 127, NULL, 0, '2017-05-24 20:00:43', 'ENG mobile', 'Credit Card', '31708489', NULL),
(616, 684, 15, 94, NULL, 0, '2017-05-24 20:04:37', 'ENG mobile', 'Credit Card', '31708618', NULL),
(617, 684, 15, 109, NULL, 0, '2017-05-24 20:04:48', 'ENG mobile', 'Credit Card', '31708618', NULL),
(618, 685, 20, 57, 'fixed value', 10, '2017-05-24 20:28:42', 'ENG Desktop', 'Credit Card', '31709379', 'Chrome'),
(619, 686, 6, 82, NULL, 0, '2017-05-24 21:46:11', 'ENG Desktop', 'Credit Card', '31712064', 'Chrome'),
(620, 644, 1, 156, NULL, 0, '2017-05-25 11:50:50', 'ENG Desktop', 'CASH', '', 'Chrome'),
(621, 644, 17, 288, NULL, 0, '2017-05-25 12:07:07', 'ENG Desktop', 'CASH', '', 'Chrome'),
(622, 639, 2, 180, NULL, 0, '2017-05-25 12:53:15', 'ENG mobile', 'Credit Card', '31739127', NULL),
(623, 691, 7, 200, NULL, 0, '2017-05-25 12:57:12', 'ENG Desktop', 'CASH', '', 'Chrome'),
(624, 692, 2, 128, NULL, 0, '2017-05-25 13:04:52', 'HE mobile', 'Credit Card', '31739718', NULL),
(625, 693, 6, 85, NULL, 0, '2017-05-25 13:22:11', 'ENG Desktop', 'Credit Card', '31740518', 'Chrome'),
(626, 628, 3, 99, NULL, 0, '2017-05-25 13:51:20', 'ENG Desktop', 'CASH', '', 'Chrome'),
(627, 674, 14, 102, NULL, 0, '2017-05-25 14:49:37', 'ENG mobile', 'Credit Card', '31744834', NULL),
(628, 694, 2, 114, NULL, 0, '2017-05-25 17:00:25', 'ENG Desktop', 'Credit Card', '31751005', 'Chrome'),
(629, 695, 5, 212, NULL, 0, '2017-05-25 17:21:34', 'ENG mobile', 'Credit Card', '31751933', NULL),
(630, 696, 14, 55, 'fixed percentage', 15, '2017-05-25 17:43:51', 'ENG mobile', 'CASH', '', NULL),
(631, 697, 6, 253, NULL, 0, '2017-05-25 17:47:23', 'ENG mobile', 'Credit Card', '31753017', NULL),
(632, 698, 17, 67, NULL, 0, '2017-05-25 18:06:50', 'ENG Desktop', 'CASH', '', 'Chrome'),
(633, 698, 17, 67, NULL, 0, '2017-05-25 18:18:36', 'ENG Desktop', 'CASH', '', 'Chrome'),
(634, 655, 17, 356, NULL, 0, '2017-05-25 18:18:55', 'ENG mobile', 'CASH', '', NULL),
(635, 699, 2, 172, NULL, 0, '2017-05-25 18:43:31', 'ENG Desktop', 'CASH', '', 'Chrome'),
(636, 700, 2, 206, 'fixed value', 10, '2017-05-25 18:51:23', 'ENG mobile', 'Credit Card', '31755374', NULL),
(637, 701, 8, 122, 'fixed percentage', 15, '2017-05-25 19:14:34', 'ENG mobile', 'Credit Card', '31756235', NULL),
(638, 684, 20, 125, NULL, 0, '2017-05-25 19:49:32', 'ENG mobile', 'Credit Card', '31757191', NULL),
(639, 702, 1, 85, NULL, 0, '2017-05-25 21:10:52', 'ENG Desktop', 'Credit Card', '31759701', 'Chrome'),
(640, 661, 8, 130, NULL, 0, '2017-05-25 21:12:18', 'HE mobile', 'CASH', '', NULL),
(641, 703, 5, 110, NULL, 0, '2017-05-27 22:07:59', 'ENG mobile', 'Credit Card', '31814798', NULL),
(642, 704, 4, 109, NULL, 0, '2017-05-27 22:13:29', 'ENG mobile', 'Credit Card', '31814975', NULL),
(643, 704, 4, 134, NULL, 0, '2017-05-27 22:13:32', 'ENG mobile', 'Credit Card', '31814971', NULL),
(644, 704, 4, 159, NULL, 0, '2017-05-27 22:13:35', 'ENG mobile', 'Credit Card', '31814977', NULL),
(645, 705, 5, 99, NULL, 0, '2017-05-27 22:17:22', 'ENG mobile', 'Credit Card', '31815124', NULL),
(646, 646, 20, 75, NULL, 0, '2017-05-27 22:21:14', 'ENG mobile', 'Credit Card', '31815237', NULL),
(647, 646, 20, 153, NULL, 0, '2017-05-28 12:18:23', 'ENG mobile', 'Credit Card', '31841816', NULL),
(648, 644, 5, 364, NULL, 0, '2017-05-28 13:00:34', 'ENG Desktop', 'CASH', '', 'Chrome'),
(649, 706, 17, 80, NULL, 0, '2017-05-28 13:04:40', 'ENG mobile', 'Credit Card', '31844423', NULL),
(650, 707, 20, 269, NULL, 0, '2017-05-28 13:45:01', 'ENG mobile', 'Credit Card', '31846439', NULL),
(651, 628, 30, 93, NULL, 0, '2017-05-28 14:51:00', 'ENG Desktop', 'CASH', '', 'Chrome'),
(652, 628, 30, 142, 'fixed value', 10, '2017-05-28 14:56:49', 'HE Desktop', 'CASH', '', 'Chrome'),
(653, 665, 9, 206, NULL, 0, '2017-05-28 15:26:46', 'ENG Desktop', 'Credit Card', '31852147', 'Chrome'),
(654, 708, 21, 96, NULL, 0, '2017-05-28 16:44:30', 'ENG mobile', 'CASH', '', NULL),
(655, 678, 17, 352, NULL, 0, '2017-05-28 17:05:10', 'ENG Desktop', 'Credit Card', '31857188', 'Firefox'),
(656, 709, 20, 70, NULL, 0, '2017-05-28 17:12:21', 'ENG mobile', 'Credit Card', '31857457', NULL),
(657, 710, 17, 101, NULL, 0, '2017-05-28 18:50:24', 'ENG mobile', 'Credit Card', '31861170', NULL),
(658, 711, 18, 206, NULL, 0, '2017-05-28 19:57:25', 'ENG mobile', 'Credit Card', '31863284', NULL),
(659, 711, 18, 206, NULL, 0, '2017-05-28 19:57:25', 'ENG mobile', 'Credit Card', '31863287', NULL),
(660, 712, 17, 105, NULL, 0, '2017-05-29 12:11:04', 'ENG Desktop', 'CASH', '', 'Chrome'),
(661, 644, 15, 126, NULL, 0, '2017-05-29 12:13:52', 'ENG Desktop', 'CASH', '', 'Chrome'),
(662, 644, 12, 323, NULL, 0, '2017-05-29 12:22:48', 'ENG Desktop', 'CASH', '', 'Chrome'),
(663, 649, 18, 67, NULL, 0, '2017-05-29 13:33:37', 'ENG mobile', 'Credit Card', '31910156', NULL),
(664, 713, 2, 160, NULL, 0, '2017-05-29 18:02:47', 'HE mobile', 'Credit Card', '31923365', NULL),
(665, 643, 4, 168, NULL, 0, '2017-05-29 18:51:06', 'ENG mobile', 'Credit Card', '31925142', NULL),
(666, 674, 5, 217, 'fixed value', 50, '2017-05-29 19:04:20', 'ENG mobile', 'Credit Card', '31925591', NULL),
(667, 714, 17, 204, NULL, 0, '2017-05-29 20:09:06', 'ENG mobile', 'Credit Card', '31927536', NULL),
(668, 714, 17, 204, NULL, 0, '2017-05-29 20:09:06', 'ENG mobile', 'Credit Card', '31927539', NULL),
(669, 714, 17, 204, NULL, 0, '2017-05-29 20:09:08', 'ENG mobile', 'Credit Card', '31927539', NULL),
(670, 714, 17, 204, NULL, 0, '2017-05-29 20:09:10', 'ENG mobile', 'Credit Card', '31927539', NULL),
(671, 715, 17, 155, NULL, 0, '2017-05-29 20:52:53', 'ENG mobile', 'Credit Card', '31928831', NULL),
(672, 716, 7, 198, NULL, 0, '2017-05-31 22:18:32', 'ENG mobile', 'CASH', '', NULL),
(673, 628, 1, 81, 'fixed value', 10, '2017-06-01 11:03:00', 'ENG Desktop', 'CASH', '', 'Chrome'),
(674, 628, 1, 87, 'fixed value', 10, '2017-06-01 11:04:53', 'HE Desktop', 'CASH', '', 'Chrome'),
(675, 644, 4, 148, NULL, 0, '2017-06-01 12:27:14', 'ENG Desktop', 'CASH', '', 'Chrome'),
(676, 628, 16, 90, 'fixed value', 10, '2017-06-01 13:13:05', 'ENG Desktop', 'CASH', '', 'Chrome'),
(677, 717, 16, 107, NULL, 0, '2017-06-01 14:04:50', 'ENG Desktop', 'CASH', '', 'Chrome'),
(678, 718, 4, 117, NULL, 0, '2017-06-01 16:18:26', 'ENG Desktop', 'Credit Card', '32056932', 'Chrome'),
(679, 719, 5, 193, NULL, 0, '2017-06-01 16:52:01', 'ENG mobile', 'Credit Card', '32058669', NULL),
(680, 678, 2, 210, NULL, 0, '2017-06-01 17:23:38', 'ENG Desktop', 'Credit Card', '32060303', 'Firefox'),
(681, 715, 14, 130, NULL, 0, '2017-06-01 17:32:03', 'ENG mobile', 'CASH', '', NULL),
(682, 679, 20, 238, NULL, 0, '2017-06-01 18:13:16', 'ENG mobile', 'Credit Card', '32062731', NULL),
(683, 720, 20, 150, NULL, 0, '2017-06-01 18:41:25', 'ENG mobile', 'CASH', '', NULL),
(684, 701, 30, 110, 'fixed percentage', 30, '2017-06-01 18:55:48', 'HE mobile', 'Credit Card', '32064471', NULL),
(685, 721, 16, 138, 'fixed percentage', 30, '2017-06-01 19:09:29', 'ENG mobile', 'Credit Card', '32065064', NULL),
(686, 721, 16, 153, 'fixed percentage', 30, '2017-06-01 19:09:31', 'ENG mobile', 'Credit Card', '32065064', NULL),
(687, 657, 20, 121, NULL, 0, '2017-06-01 19:25:22', 'ENG mobile', 'Credit Card', '32065559', NULL),
(688, 722, 15, 154, NULL, 0, '2017-06-01 20:22:52', 'ENG mobile', 'CASH', '', NULL),
(689, 723, 8, 191, NULL, 0, '2017-06-01 20:30:39', 'ENG Desktop', 'CASH', '', 'Chrome'),
(690, 710, 16, 158, 'fixed percentage', 30, '2017-06-01 20:47:16', 'ENG Desktop', 'CASH', '', 'Chrome'),
(691, 724, 15, 137, NULL, 0, '2017-06-01 22:53:06', 'ENG mobile', 'Credit Card', '32071409', NULL),
(692, 649, 15, 172, NULL, 0, '2017-06-01 22:56:17', 'ENG mobile', 'Credit Card', '32071452', NULL),
(693, 720, 20, 155, NULL, 0, '2017-06-03 21:25:09', 'ENG mobile', 'CASH', '', NULL),
(694, 725, 1, 121, 'fixed value', 10, '2017-06-03 21:50:18', 'ENG Desktop', 'CASH', '', 'Chrome'),
(695, 726, 2, 80, NULL, 0, '2017-06-03 22:09:21', 'ENG mobile', 'Credit Card', '32129365', NULL),
(696, 681, 13, 115, NULL, 0, '2017-06-03 22:20:26', 'ENG mobile', 'CASH', '', NULL),
(697, 681, 18, 137, NULL, 0, '2017-06-03 22:40:00', 'ENG mobile', 'CASH', '', NULL),
(698, 628, 15, 130, NULL, 0, '2017-06-04 11:52:08', 'HE Desktop', 'CASH', '', 'Chrome'),
(699, 644, 12, 93, NULL, 0, '2017-06-04 13:17:52', 'ENG Desktop', 'CASH', '', 'Chrome'),
(700, 644, 17, 195, NULL, 0, '2017-06-04 13:22:16', 'ENG Desktop', 'CASH', '', 'Chrome'),
(701, 708, 21, 147, NULL, 0, '2017-06-04 15:32:25', 'ENG mobile', 'CASH', '', NULL),
(702, 727, 7, 115, NULL, 0, '2017-06-04 16:29:58', 'ENG Desktop', 'CASH', '', 'Chrome'),
(703, 727, 15, 114, NULL, 0, '2017-06-04 16:32:14', 'ENG Desktop', 'CASH', '', 'Chrome'),
(704, 727, 15, 130, NULL, 0, '2017-06-04 16:38:48', 'ENG Desktop', 'CASH', '', 'Chrome'),
(705, 628, 15, 108, NULL, 0, '2017-06-04 16:47:53', 'ENG Desktop', 'CASH', '', 'Chrome'),
(706, 655, 2, 114, NULL, 0, '2017-06-04 16:59:40', 'ENG mobile', 'CASH', '', NULL),
(707, 728, 5, 267, NULL, 0, '2017-06-04 17:02:15', 'ENG mobile', 'Credit Card', '32174030', NULL),
(708, 643, 21, 93, NULL, 0, '2017-06-04 17:05:49', 'ENG mobile', 'Credit Card', '32174208', NULL),
(709, 729, 6, 76, 'fixed value', 50, '2017-06-04 17:28:28', 'ENG Desktop', 'CASH', '', 'Chrome'),
(710, 730, 4, 223, NULL, 0, '2017-06-04 17:51:05', 'ENG Desktop', 'CASH', '', 'Firefox'),
(711, 643, 17, 231, NULL, 0, '2017-06-04 18:21:19', 'ENG mobile', 'Credit Card', '32177512', NULL),
(712, 731, 15, 91, NULL, 0, '2017-06-04 18:34:19', 'ENG mobile', 'Credit Card', '32178005', NULL),
(713, 732, 6, 88, NULL, 0, '2017-06-04 18:40:11', 'ENG Desktop', 'Credit Card', '32178172', 'Chrome'),
(714, 677, 8, 239, NULL, 0, '2017-06-04 19:20:02', 'ENG mobile', 'Credit Card', '32179679', NULL),
(715, 733, 1, 81, NULL, 0, '2017-06-04 19:38:58', 'ENG mobile', 'Credit Card', '32180313', NULL),
(716, 655, 18, 153, NULL, 0, '2017-06-04 22:40:18', 'ENG mobile', 'CASH', '', NULL),
(717, 655, 3, 135, NULL, 0, '2017-06-04 22:45:28', 'ENG mobile', 'CASH', '', NULL),
(718, 628, 1, 81, 'fixed value', 10, '2017-06-05 10:17:27', 'ENG Desktop', 'CASH', '', 'Chrome'),
(719, 628, 1, 70, 'fixed value', 10, '2017-06-05 10:20:59', 'HE Desktop', 'Credit Card', '32212485', 'Chrome'),
(720, 734, 17, 169, NULL, 0, '2017-06-05 12:42:23', 'ENG Desktop', 'Credit Card', '32220708', 'Chrome'),
(721, 735, 18, 67, NULL, 0, '2017-06-05 13:29:08', 'ENG mobile', 'Credit Card', '32222963', NULL),
(722, 736, 22, 80, NULL, 0, '2017-06-05 13:52:08', 'ENG Desktop', 'CASH', '', 'Chrome'),
(723, 655, 23, 85, NULL, 0, '2017-06-05 14:51:58', 'ENG Desktop', 'CASH', '', 'Chrome'),
(724, 699, 12, 127, NULL, 0, '2017-06-05 14:56:25', 'ENG Desktop', 'Credit Card', '32227540', 'Chrome'),
(725, 628, 15, 165, NULL, 0, '2017-06-05 15:03:38', 'HE Desktop', 'CASH', '', 'Chrome'),
(726, 628, 15, 206, NULL, 0, '2017-06-05 15:22:13', 'HE Desktop', 'CASH', '', 'Chrome'),
(727, 628, 3, 103, NULL, 0, '2017-06-05 15:34:56', 'ENG Desktop', 'CASH', '', 'Chrome'),
(728, 737, 4, 324, NULL, 0, '2017-06-05 16:19:01', 'ENG mobile', 'Credit Card', '32231263', NULL),
(729, 738, 32, 308, NULL, 0, '2017-06-05 16:46:39', 'HE mobile', 'Credit Card', '32232409', NULL),
(730, 739, 2, 326, NULL, 0, '2017-06-05 17:16:42', 'ENG Desktop', 'Credit Card', '32233711', 'Chrome'),
(731, 740, 6, 42, 'fixed value', 40, '2017-06-05 18:41:19', 'ENG Desktop', 'Credit Card', '32236995', 'Chrome'),
(732, 742, 5, 78, NULL, 0, '2017-06-05 19:25:38', 'ENG mobile', 'Credit Card', '32238478', NULL),
(733, 743, 5, 166, NULL, 0, '2017-06-05 20:17:14', 'ENG Desktop', 'Credit Card', '32240093', 'Chrome'),
(734, 744, 32, 76, NULL, 0, '2017-06-05 21:52:15', 'ENG Desktop', 'Credit Card', '32243170', 'Chrome'),
(735, 644, 22, 115, NULL, 0, '2017-06-06 12:00:24', 'ENG Desktop', 'CASH', '', 'Chrome'),
(736, 628, 3, 93, NULL, 0, '2017-06-06 12:45:18', 'ENG Desktop', 'CASH', '', 'Chrome'),
(737, 628, 3, 89, 'fixed value', 10, '2017-06-06 12:48:56', 'ENG Desktop', 'CASH', '', 'Chrome'),
(738, 631, 1, 113, NULL, 0, '2017-06-06 15:44:34', 'ENG Desktop', 'CASH', '', 'Chrome'),
(739, 628, 3, 109, NULL, 0, '2017-06-06 15:47:05', 'ENG Desktop', 'CASH', '', 'Chrome'),
(740, 628, 3, 81, 'fixed value', 10, '2017-06-06 15:53:26', 'HE Desktop', 'Credit Card', '32279012', 'Chrome'),
(741, 628, 3, 81, 'fixed value', 10, '2017-06-06 15:57:10', 'HE Desktop', 'Credit Card', '32279167', 'Chrome'),
(742, 628, 6, 94, 'fixed value', 10, '2017-06-06 16:33:29', 'HE Desktop', 'CASH', '', 'Chrome'),
(743, 628, 23, 65, 'fixed value', 10, '2017-06-06 16:35:57', 'HE Desktop', 'Credit Card', '32280877', 'Chrome'),
(744, 745, 2, 147, NULL, 0, '2017-06-06 17:34:06', 'ENG Desktop', 'CASH', '', 'Chrome'),
(745, 655, 22, 80, NULL, 0, '2017-06-06 17:56:40', 'ENG mobile', 'CASH', '', NULL),
(746, 746, 2, 151, NULL, 0, '2017-06-06 19:36:59', 'ENG mobile', 'Credit Card', '32287299', NULL),
(747, 747, 17, 141, NULL, 0, '2017-06-06 19:38:37', 'ENG Desktop', 'Credit Card', '32287347', 'Chrome'),
(748, 748, 15, 160, NULL, 0, '2017-06-06 19:53:27', 'ENG Desktop', 'Credit Card', '32287727', 'Chrome'),
(749, 749, 7, 92, NULL, 0, '2017-06-06 19:59:34', 'ENG mobile', 'Credit Card', '32287857', NULL),
(750, 703, 2, 71, NULL, 0, '2017-06-06 20:47:52', 'ENG mobile', 'Credit Card', '32289377', NULL),
(751, 655, 18, 144, NULL, 0, '2017-06-06 20:55:46', 'ENG Desktop', 'CASH', '', 'Chrome'),
(752, 674, 17, 109, NULL, 0, '2017-06-06 21:31:03', 'ENG mobile', 'Credit Card', '32290709', NULL),
(753, 628, 17, 101, NULL, 0, '2017-06-06 22:27:13', 'ENG Desktop', 'CASH', '', 'Chrome'),
(754, 628, 17, 77, NULL, 0, '2017-06-06 22:30:10', 'HE Desktop', 'CASH', '', 'Chrome'),
(755, 605, 3, 91, NULL, 0, '2017-06-08 12:07:26', 'ENG Desktop', 'CASH', '', 'Chrome'),
(756, 628, 5, 101, 'fixed value', 10, '2017-06-08 12:12:52', 'ENG Desktop', 'Credit Card', '32371725', 'Chrome'),
(757, 750, 3, 80, NULL, 0, '2017-06-08 12:23:56', 'ENG Desktop', 'Credit Card', '32372397', 'Chrome'),
(758, 628, 27, 78, 'fixed value', 10, '2017-06-08 12:24:32', 'HE Desktop', 'Credit Card', '32372429', 'Chrome'),
(759, 649, 16, 126, NULL, 0, '2017-06-08 14:13:27', 'ENG mobile', 'Credit Card', '32378442', NULL),
(760, 639, 27, 67, NULL, 0, '2017-06-08 14:16:24', 'ENG Desktop', 'CASH', '', 'Chrome'),
(761, 750, 15, 215, NULL, 0, '2017-06-08 14:24:56', 'ENG Desktop', 'Credit Card', '32378975', 'Chrome'),
(762, 751, 17, 311, NULL, 0, '2017-06-08 16:25:24', 'ENG Desktop', 'Credit Card', '32385493', 'Chrome'),
(763, 752, 5, 154, NULL, 0, '2017-06-08 16:35:18', 'ENG Desktop', 'Credit Card', '32386005', 'Firefox'),
(764, 639, 16, 219, NULL, 0, '2017-06-08 17:48:06', 'ENG Desktop', 'Credit Card', '32389517', 'Chrome'),
(765, 753, 7, 143, NULL, 0, '2017-06-08 18:11:28', 'ENG mobile', 'Credit Card', '32390475', NULL),
(766, 754, 16, 127, 'fixed value', 10, '2017-06-08 18:23:52', 'ENG mobile', 'Credit Card', '32390869', NULL),
(767, 755, 2, 132, NULL, 0, '2017-06-08 18:28:47', 'ENG Desktop', 'Credit Card', '32391059', 'Chrome'),
(768, 756, 17, 405, NULL, 0, '2017-06-08 19:08:29', 'ENG Desktop', 'CASH', '', 'Chrome'),
(769, 721, 17, 153, NULL, 0, '2017-06-08 19:46:25', 'ENG mobile', 'Credit Card', '32393653', NULL),
(770, 702, 20, 79, NULL, 0, '2017-06-08 20:56:16', 'ENG Desktop', 'Credit Card', '32395638', 'Chrome'),
(771, 733, 17, 90, NULL, 0, '2017-06-10 22:16:20', 'ENG mobile', 'CASH', '', NULL),
(772, 758, 16, 114, NULL, 0, '2017-06-10 22:47:25', 'ENG mobile', 'CASH', '', NULL),
(773, 759, 15, 143, NULL, 0, '2017-06-10 22:57:32', 'ENG mobile', 'CASH', '', NULL),
(774, 628, 16, 69, 'fixed value', 10, '2017-06-11 10:16:58', 'HE Desktop', 'Credit Card', '32472459', 'Chrome'),
(775, 628, 16, 75, 'fixed value', 10, '2017-06-11 10:34:33', 'ENG mobile', 'Credit Card', '32473636', NULL),
(776, 605, 16, 130, NULL, 0, '2017-06-11 10:40:55', 'ENG mobile', 'CASH', '', NULL),
(777, 628, 16, 79, 'fixed value', 10, '2017-06-11 10:42:45', 'HE mobile', 'CASH', '', NULL),
(778, 605, 16, 79, NULL, 0, '2017-06-11 10:43:03', 'ENG mobile', 'CASH', '', NULL),
(779, 605, 16, 87, NULL, 0, '2017-06-11 10:47:42', 'ENG mobile', 'CASH', '', NULL),
(780, 628, 16, 83, 'fixed value', 10, '2017-06-11 10:58:45', 'ENG mobile', 'CASH', '', NULL),
(781, 631, 3, 91, NULL, 0, '2017-06-12 00:11:53', 'ENG Desktop', 'CASH', '', 'Chrome'),
(782, 760, 6, 117, NULL, 0, '2017-06-13 11:54:56', 'ENG Desktop', 'CASH', '', 'Chrome'),
(783, 628, 3, 81, 'fixed value', 10, '2017-06-14 13:39:44', 'ENG Desktop', 'CASH', '', 'Netscape'),
(784, 628, 33, 91, 'fixed value', 10, '2017-06-20 15:29:41', 'ENG Desktop', 'Credit Card', '32979533', 'Chrome'),
(785, 628, 1, 77, 'fixed value', 10, '2017-06-20 15:36:25', 'HE Desktop', 'CASH', '', 'Chrome'),
(786, 628, 9, 61, 'fixed value', 10, '2017-06-20 16:47:50', 'HE Desktop', 'Credit Card', '32983561', 'Chrome'),
(787, 628, 2, 95, 'fixed value', 10, '2017-06-20 17:26:16', 'ENG Desktop', 'CASH', '', 'Chrome'),
(788, 628, 2, 160, 'fixed value', 10, '2017-06-21 10:29:38', 'ENG Desktop', 'Credit Card', '33015344', 'Chrome'),
(789, 762, 20, 75, 'fixed value', 20, '2017-06-21 12:39:00', 'ENG Desktop', 'Credit Card', '33024261', 'Netscape'),
(790, 628, 20, 133, NULL, 0, '2017-06-21 12:53:05', 'ENG Desktop', 'CASH', '', 'Chrome'),
(791, 763, 20, 82, NULL, 0, '2017-06-21 15:13:32', 'ENG Desktop', 'Credit Card', '33033654', 'Chrome'),
(792, 614, 1, 113, NULL, 0, '2017-06-21 17:20:29', 'ENG Desktop', 'CASH', '', 'Chrome'),
(793, 628, 3, 99, 'fixed value', 10, '2017-06-21 17:25:23', 'ENG Desktop', 'CASH', '', 'Chrome'),
(794, 655, 2, 114, NULL, 0, '2017-06-21 17:26:04', 'ENG mobile', 'CASH', '', NULL),
(795, 764, 17, 230, NULL, 0, '2017-06-21 18:36:41', 'ENG Desktop', 'Credit Card', '33043215', 'Chrome'),
(796, 765, 17, 65, 'fixed value', 10, '2017-06-21 18:55:18', 'ENG Desktop', 'Credit Card', '33044081', 'Safari'),
(797, 746, 5, 114, NULL, 0, '2017-06-21 19:15:20', 'ENG Desktop', 'Credit Card', '33044934', 'Safari'),
(798, 766, 17, 270, NULL, 0, '2017-06-21 19:47:56', 'ENG Desktop', 'Credit Card', '33046071', 'Chrome'),
(799, 767, 3, 103, NULL, 0, '2017-06-21 20:19:51', 'HE mobile', 'Credit Card', '33047136', NULL),
(800, 767, 3, 128, NULL, 0, '2017-06-21 20:19:54', 'HE mobile', 'Credit Card', '33047136', NULL),
(801, 655, 7, 136, NULL, 0, '2017-06-21 20:56:18', 'ENG mobile', 'CASH', '', NULL),
(802, 768, 14, 65, NULL, 0, '2017-06-21 21:17:39', 'ENG mobile', 'Credit Card', '33049257', NULL),
(803, 674, 17, 112, NULL, 0, '2017-06-21 22:30:11', 'ENG mobile', 'Credit Card', '33051777', NULL),
(804, 769, 3, 99, 'fixed value', 10, '2017-06-22 11:33:05', 'ENG Desktop', 'CASH', '', 'Chrome'),
(805, 605, 3, 103, NULL, 0, '2017-06-22 11:50:44', 'ENG Desktop', 'CASH', '', 'Chrome'),
(806, 762, 17, 67, NULL, 0, '2017-06-22 12:31:18', 'ENG Desktop', 'Credit Card', '33081256', 'Chrome'),
(807, 770, 6, 67, 'fixed value', 75, '2017-06-22 16:41:46', 'ENG Desktop', 'CASH', '', 'Chrome'),
(808, 749, 2, 68, 'fixed value', 50, '2017-06-22 17:25:46', 'ENG mobile', 'CASH', '', NULL),
(809, 771, 2, 108, NULL, 0, '2017-06-22 17:39:06', 'ENG Desktop', 'CASH', '', 'Chrome'),
(810, 667, 9, 74, 'fixed percentage', 15, '2017-06-22 17:56:13', 'ENG mobile', 'Credit Card', '33099639', NULL),
(811, 758, 7, 183, 'fixed percentage', 15, '2017-06-22 18:08:39', 'HE mobile', 'Credit Card', '33100250', NULL),
(812, 655, 17, 156, NULL, 0, '2017-06-22 18:45:05', 'ENG Desktop', 'CASH', '', 'Chrome');

/*!40101 SET CHARACTER_SET_CLIENT=@OLD_CHARACTER_SET_CLIENT */;
/*!40101 SET CHARACTER_SET_RESULTS=@OLD_CHARACTER_SET_RESULTS */;
/*!40101 SET COLLATION_CONNECTION=@OLD_COLLATION_CONNECTION */;
